/*
SQLyog Ultimate v12.08 (64 bit)
MySQL - 5.7.17 : Database - mes-energy
*********************************************************************
*/

/*!40101 SET NAMES utf8 */;

/*!40101 SET SQL_MODE=''*/;

/*!40014 SET @OLD_UNIQUE_CHECKS=@@UNIQUE_CHECKS, UNIQUE_CHECKS=0 */;
/*!40014 SET @OLD_FOREIGN_KEY_CHECKS=@@FOREIGN_KEY_CHECKS, FOREIGN_KEY_CHECKS=0 */;
/*!40101 SET @OLD_SQL_MODE=@@SQL_MODE, SQL_MODE='NO_AUTO_VALUE_ON_ZERO' */;
/*!40111 SET @OLD_SQL_NOTES=@@SQL_NOTES, SQL_NOTES=0 */;
CREATE DATABASE /*!32312 IF NOT EXISTS*/`mes-energy` /*!40100 DEFAULT CHARACTER SET utf8 */;

USE `mes-energy`;

/*Table structure for table `energy_compressair` */

DROP TABLE IF EXISTS `energy_compressair`;

CREATE TABLE `energy_compressair` (
  `id` varchar(32) NOT NULL,
  `meterNumber` varchar(100) DEFAULT NULL COMMENT '仪表编号',
  `parentNumber` varchar(100) DEFAULT NULL COMMENT '上级表编号',
  `area` varchar(30) DEFAULT NULL COMMENT '所在区域',
  `areaCode` varchar(30) DEFAULT NULL,
  `meterName` varchar(50) DEFAULT NULL COMMENT '仪表名称',
  `caliber` varchar(30) DEFAULT NULL COMMENT '管径',
  `meterModel` varchar(30) DEFAULT NULL COMMENT '仪表型号',
  `meterPosition` varchar(30) DEFAULT NULL COMMENT '仪表安装位置',
  `collectMode` int(11) DEFAULT NULL COMMENT '采集方式',
  `remarks` varchar(255) DEFAULT NULL COMMENT '备注',
  `del_flag` varchar(1) DEFAULT NULL COMMENT '0=启用1=停用2=报废',
  `status` tinyint(4) DEFAULT NULL,
  `create_user` varchar(32) DEFAULT NULL,
  `create_time` datetime DEFAULT NULL,
  `update_user` varchar(32) DEFAULT NULL,
  `update_time` datetime DEFAULT NULL,
  PRIMARY KEY (`id`)
) ENGINE=InnoDB DEFAULT CHARSET=utf8mb4;

/*Data for the table `energy_compressair` */

insert  into `energy_compressair`(`id`,`meterNumber`,`parentNumber`,`area`,`areaCode`,`meterName`,`caliber`,`meterModel`,`meterPosition`,`collectMode`,`remarks`,`del_flag`,`status`,`create_user`,`create_time`,`update_user`,`update_time`) values ('3cd61235c8394180a3b70d7ee6345efa','S217046101001','4','恒盛分公司','C00','压缩空气表-动力站压缩空气总管（5bar）','DN800','','动力站压缩空气总管（5bar）',1,'RS485，福建昌辉电子有限公司，650m；流量传感器为应力涡街式。供1B织一、织二和B2织三。','0',NULL,NULL,'2018-03-26 14:38:39',NULL,'2018-03-26 14:51:18'),('4396759f3faa406990fc0e2bc83462a5','S217046104001','S217046101001','恒盛分公司','C00','压缩空气表-至B2总管（5bar）','ɸ325','','至B2总管（5bar）',1,'','0',NULL,NULL,'2018-03-26 15:02:14',NULL,'2018-03-26 15:02:14'),('476293fb924a4902841fd4b1c33e68c9','S217046103001','4','恒盛分公司_B1厂房','C00_B1','压缩空气表-动力站压缩空气总管','DN80','','动力站压缩空气总管',1,'RS485，福建昌辉电子有限公司，650m；流量传感器为应力涡街式。供1B准备车间（整经、浆纱、自动穿）和F1。','0',NULL,NULL,'2018-03-21 16:17:43',NULL,'2018-03-21 16:19:07'),('4c871c252f8342e4be0f2a717ab7c15f','S217046106001','S217046102001','恒盛分公司','C00','压缩空气表-进F1总管（6.3bar）','ɸ159','','进F1总管（6.3bar）',1,'','0',NULL,NULL,'2018-03-26 15:11:08',NULL,'2018-03-26 15:11:08'),('4ff7ef0babf84b8c85346f4df317daf5','S217046107001','S217046102001','恒盛分公司_B1厂房','C00_B1','压缩空气表-1B准备车间（6.3bar）','ɸ89','','1B准备车间（6.3bar）',1,'RS485，福建昌辉电子有限公司，500m','0',NULL,NULL,'2018-03-26 15:09:40',NULL,'2018-03-26 15:09:40'),('7369a2eea2c34b438b14982a836850d5','S217046111001','S217046101001','恒盛分公司_B1厂房_整理间','C00_B1_B111','压缩空气表-1B织二2','ɸ325','','1B织二2',1,'RS485，福建昌辉电子有限公司，250m','0',NULL,NULL,'2018-03-26 14:59:01',NULL,'2018-03-26 14:59:01'),('8f7115951a474e75bb713578a4aac885','S217046102001','4','恒盛分公司','C00','压缩空气表-动力站压缩空气总管（6.3bar）','DN200','','动力站压缩空气总管（6.3bar）',1,'RS485，福建昌辉电子有限公司，650m；流量传感器为应力涡街式。供1B准备车间（整经、浆纱、自动穿）和F1。','0',NULL,NULL,'2018-03-26 15:07:05',NULL,'2018-03-26 15:07:05'),('be7dee816ab645e79228fa44c3f76370','S217046109001','S217046101001','恒盛分公司_B1厂房_织二区域','C00_B1_B109','压缩空气表-1B织一（含大提花）','ɸ325','','1B织一（含大提花）',1,'RS485，福建昌辉电子有限公司，450m','0',NULL,NULL,'2018-03-26 14:46:59',NULL,'2018-03-26 14:52:12'),('f91c1164e93c416ca676f0413ac17881','S217046110001','S217046101001','恒盛分公司_B1厂房_织二区域','C00_B1_B109','压缩空气表-1B织二1','ɸ325','','1B织二1',1,'RS485，福建昌辉电子有限公司，450m','0',NULL,NULL,'2018-03-26 14:53:37',NULL,'2018-03-26 14:53:37');

/*Table structure for table `energy_compressair_month` */

DROP TABLE IF EXISTS `energy_compressair_month`;

CREATE TABLE `energy_compressair_month` (
  `id` varchar(32) NOT NULL,
  `meterNumber` varchar(30) DEFAULT NULL COMMENT '仪表编号',
  `parentNumber` varchar(30) DEFAULT NULL COMMENT '上级表编号',
  `area` varchar(30) DEFAULT NULL COMMENT '所在区域',
  `parentArea` varchar(30) DEFAULT NULL,
  `areaCode` varchar(30) DEFAULT NULL,
  `parentCode` varchar(30) DEFAULT NULL,
  `meterName` varchar(30) DEFAULT NULL COMMENT '仪表名称',
  `meteringType` int(11) DEFAULT NULL COMMENT '计量类型',
  `month` varchar(11) DEFAULT NULL,
  `useData` double DEFAULT NULL COMMENT '使用量',
  `shareData` double DEFAULT NULL COMMENT '分摊量',
  `lastData` double DEFAULT NULL,
  `startTime` date DEFAULT NULL,
  `endTime` date DEFAULT NULL,
  `startData` double DEFAULT NULL,
  `endData` double DEFAULT NULL,
  `status` tinyint(4) DEFAULT NULL,
  `del_flag` varchar(1) DEFAULT NULL,
  `create_user` varchar(32) DEFAULT NULL,
  `create_time` datetime DEFAULT NULL,
  `update_user` varchar(32) DEFAULT NULL,
  `update_time` datetime DEFAULT NULL,
  `remarks` varchar(255) DEFAULT NULL,
  PRIMARY KEY (`id`)
) ENGINE=InnoDB DEFAULT CHARSET=utf8;

/*Data for the table `energy_compressair_month` */

insert  into `energy_compressair_month`(`id`,`meterNumber`,`parentNumber`,`area`,`parentArea`,`areaCode`,`parentCode`,`meterName`,`meteringType`,`month`,`useData`,`shareData`,`lastData`,`startTime`,`endTime`,`startData`,`endData`,`status`,`del_flag`,`create_user`,`create_time`,`update_user`,`update_time`,`remarks`) values ('0953f1653831457fb4184c87d3006162','S217046104001','S217046101001','恒盛分公司',NULL,'C00',NULL,'压缩空气表-至B2总管（5bar）',NULL,'201801',NULL,NULL,NULL,'2018-01-01','2018-02-01',NULL,NULL,0,'0',NULL,'2018-03-28 09:53:00',NULL,'2018-03-28 09:53:00',NULL),('1cddccc7812d43c882cdb9f8bc049559','S217046110001','S217046101001','恒盛分公司_B1厂房_织二区域',NULL,'C00_B1_B109',NULL,'压缩空气表-1B织二1',NULL,'201802',NULL,NULL,NULL,'2018-02-01','2018-02-28',NULL,NULL,0,'0',NULL,'2018-03-28 10:21:00',NULL,'2018-03-28 10:21:00',NULL),('26c704956d5b4f7c82570db4bc7ba2dc','S217046109001','S217046101001','恒盛分公司_B1厂房_织二区域',NULL,'C00_B1_B109',NULL,'压缩空气表-1B织一（含大提花）',NULL,'201802',NULL,NULL,NULL,'2018-02-01','2018-02-28',NULL,NULL,0,'0',NULL,'2018-03-28 10:21:00',NULL,'2018-03-28 10:21:00',NULL),('272da4eccd5241ec9615bef4abcfbf46','S217046106001','S217046102001','恒盛分公司',NULL,'C00',NULL,'压缩空气表-进F1总管（6.3bar）',NULL,'201801',NULL,NULL,NULL,'2018-01-01','2018-02-01',NULL,NULL,0,'0',NULL,'2018-03-28 09:53:00',NULL,'2018-03-28 09:53:00',NULL),('284ae8e8d5ea47359048f7934172a948','S217040000001','4','恒盛分公司_B1厂房_浆轴库',NULL,'C00_B1_B104',NULL,'压缩空气表（测试）',NULL,'201712',NULL,NULL,NULL,'2017-12-01','2018-01-01',NULL,NULL,0,'0',NULL,'2018-01-16 15:19:00',NULL,'2018-01-16 15:19:00',NULL),('2b92762f15cb48b28c9a78b5b6f29db7','S217046102001','4','恒盛分公司',NULL,'C00',NULL,'压缩空气表-动力站压缩空气总管（6.3bar）',NULL,'201802',NULL,NULL,NULL,'2018-02-01','2018-02-28',NULL,NULL,0,'0',NULL,'2018-03-28 10:21:00',NULL,'2018-03-28 10:21:00',NULL),('2f1eac772732434da272733a5436f6ad','S217046106001','S217046102001','恒盛分公司',NULL,'C00',NULL,'压缩空气表-进F1总管（6.3bar）',NULL,'201802',NULL,NULL,NULL,'2018-02-01','2018-02-28',NULL,NULL,0,'0',NULL,'2018-03-28 10:21:00',NULL,'2018-03-28 10:21:00',NULL),('6a358177c37b4cb89d393dab20ea97b6','S217046102001','4','恒盛分公司',NULL,'C00',NULL,'压缩空气表-动力站压缩空气总管（6.3bar）',NULL,'201801',NULL,NULL,NULL,'2018-01-01','2018-02-01',NULL,NULL,0,'0',NULL,'2018-03-28 09:53:00',NULL,'2018-03-28 09:53:00',NULL),('7172da57a02d455295032f2ac459f177','S217046103001','4','恒盛分公司_B1厂房',NULL,'C00_B1',NULL,'压缩空气表-动力站压缩空气总管',NULL,'201802',NULL,NULL,NULL,'2018-02-01','2018-02-28',NULL,NULL,0,'0',NULL,'2018-03-28 10:21:00',NULL,'2018-03-28 10:21:00',NULL),('74805d3d046f4320b663cfa498352311','S217046104001','S217046101001','恒盛分公司',NULL,'C00',NULL,'压缩空气表-至B2总管（5bar）',NULL,'201802',NULL,NULL,NULL,'2018-02-01','2018-02-28',NULL,NULL,0,'0',NULL,'2018-03-28 10:21:00',NULL,'2018-03-28 10:21:00',NULL),('8425abd775184980bdcaa53a65efa605','S217046101001','4','恒盛分公司',NULL,'C00',NULL,'压缩空气表-动力站压缩空气总管（5bar）',NULL,'201802',NULL,NULL,NULL,'2018-02-01','2018-02-28',NULL,NULL,0,'0',NULL,'2018-03-28 10:21:00',NULL,'2018-03-28 10:21:00',NULL),('8d7d8cd9456149aa96d81b4601efa9da','S217046107001','S217046102001','恒盛分公司_B1厂房',NULL,'C00_B1',NULL,'压缩空气表-1B准备车间（6.3bar）',NULL,'201802',NULL,NULL,NULL,'2018-02-01','2018-02-28',NULL,NULL,0,'0',NULL,'2018-03-28 10:21:00',NULL,'2018-03-28 10:21:00',NULL),('9e1e29fde05248fb8d7dc26ad47db315','S217046110001','S217046101001','恒盛分公司_B1厂房_织二区域',NULL,'C00_B1_B109',NULL,'压缩空气表-1B织二1',NULL,'201801',NULL,NULL,NULL,'2018-01-01','2018-02-01',NULL,NULL,0,'0',NULL,'2018-03-28 09:53:00',NULL,'2018-03-28 09:53:00',NULL),('a7bbb98d31884c329efbe083996695aa','S217046111001','S217046101001','恒盛分公司_B1厂房_整理间',NULL,'C00_B1_B111',NULL,'压缩空气表-1B织二2',NULL,'201801',NULL,NULL,NULL,'2018-01-01','2018-02-01',NULL,NULL,0,'0',NULL,'2018-03-28 09:53:00',NULL,'2018-03-28 09:53:00',NULL),('a89ff106266e49678466bf8c527da012','S217046111001','S217046101001','恒盛分公司_B1厂房_整理间',NULL,'C00_B1_B111',NULL,'压缩空气表-1B织二2',NULL,'201802',NULL,NULL,NULL,'2018-02-01','2018-02-28',NULL,NULL,0,'0',NULL,'2018-03-28 10:21:00',NULL,'2018-03-28 10:21:00',NULL),('adab0c089f7543a5b86623aed30a5f0a','S217046109001','S217046101001','恒盛分公司_B1厂房_织二区域',NULL,'C00_B1_B109',NULL,'压缩空气表-1B织一（含大提花）',NULL,'201801',NULL,NULL,NULL,'2018-01-01','2018-02-01',NULL,NULL,0,'0',NULL,'2018-03-28 09:53:00',NULL,'2018-03-28 09:53:00',NULL),('cfa2c085a5ec42f48cd8ed54787b8b79','S217046101001','4','恒盛分公司',NULL,'C00',NULL,'压缩空气表-动力站压缩空气总管（5bar）',NULL,'201801',NULL,NULL,NULL,'2018-01-01','2018-02-01',NULL,NULL,0,'0',NULL,'2018-03-28 09:53:00',NULL,'2018-03-28 09:53:00',NULL),('df58e7d66f91419d825b070edcf19439','S217040000001','4','恒盛分公司_B1厂房_浆轴库',NULL,'C00_B1_B104',NULL,'压缩空气表（测试）',NULL,'201711',NULL,NULL,NULL,'2017-11-01','2017-12-01',NULL,NULL,0,'0',NULL,'2018-01-16 15:19:00',NULL,'2018-01-16 15:19:00',NULL),('e6c83a6c92b14f8cad8e05494ac5419b','S217046107001','S217046102001','恒盛分公司_B1厂房',NULL,'C00_B1',NULL,'压缩空气表-1B准备车间（6.3bar）',NULL,'201801',NULL,NULL,NULL,'2018-01-01','2018-02-01',NULL,NULL,0,'0',NULL,'2018-03-28 09:53:00',NULL,'2018-03-28 09:53:00',NULL),('fcfc1e09c16f4e9789b194cf65a21ce2','S217046103001','4','恒盛分公司_B1厂房',NULL,'C00_B1',NULL,'压缩空气表-动力站压缩空气总管',NULL,'201801',NULL,NULL,NULL,'2018-01-01','2018-02-01',NULL,NULL,0,'0',NULL,'2018-03-28 09:53:00',NULL,'2018-03-28 09:53:00',NULL);

/*Table structure for table `energy_electric` */

DROP TABLE IF EXISTS `energy_electric`;

CREATE TABLE `energy_electric` (
  `id` varchar(32) NOT NULL,
  `meterNumber` varchar(100) DEFAULT NULL COMMENT '仪表编号',
  `parentNumber` varchar(100) DEFAULT NULL COMMENT '上级表编号',
  `area` varchar(30) DEFAULT NULL COMMENT '所在区域',
  `areaCode` varchar(30) DEFAULT NULL,
  `meterName` varchar(30) DEFAULT NULL COMMENT '仪表名称',
  `meteringType` int(11) DEFAULT NULL COMMENT '计量类型',
  `meterModel` varchar(30) DEFAULT NULL COMMENT '仪表型号',
  `meterPosition` varchar(30) DEFAULT NULL COMMENT '仪表安装位置',
  `collectMode` int(11) DEFAULT NULL COMMENT '采集方式',
  `del_flag` varchar(1) DEFAULT NULL,
  `shareFlag` int(11) DEFAULT NULL,
  `status` tinyint(4) DEFAULT NULL,
  `create_user` varchar(32) DEFAULT NULL,
  `create_time` datetime DEFAULT NULL,
  `update_user` varchar(32) DEFAULT NULL,
  `update_time` datetime DEFAULT NULL,
  `remarks` varchar(255) DEFAULT NULL,
  PRIMARY KEY (`id`)
) ENGINE=InnoDB DEFAULT CHARSET=utf8;

/*Data for the table `energy_electric` */

insert  into `energy_electric`(`id`,`meterNumber`,`parentNumber`,`area`,`areaCode`,`meterName`,`meteringType`,`meterModel`,`meterPosition`,`collectMode`,`del_flag`,`shareFlag`,`status`,`create_user`,`create_time`,`update_user`,`update_time`,`remarks`) values ('0a67693973284d06b438af2893ad3369','S217020000001','2','恒盛分公司_B1厂房_络筒间','C00_B1_B105','电表（测试）',1,'','',1,'0',1,NULL,NULL,'2017-12-13 20:58:54',NULL,'2018-01-12 00:07:43',''),('715b312331994f41b206d13b8def9472','S217020000002','2','恒盛分公司_B1厂房_织一区域','C00_B1_B108','电表（测试）',1,'','',1,'0',0,NULL,NULL,'2018-01-05 17:16:58',NULL,'2018-01-05 19:28:01','');

/*Table structure for table `energy_electric_month` */

DROP TABLE IF EXISTS `energy_electric_month`;

CREATE TABLE `energy_electric_month` (
  `id` varchar(32) NOT NULL,
  `meterNumber` varchar(30) DEFAULT NULL COMMENT '仪表编号',
  `parentNumber` varchar(30) DEFAULT NULL COMMENT '上级表编号',
  `area` varchar(30) DEFAULT NULL COMMENT '所在区域',
  `parentArea` varchar(30) DEFAULT NULL,
  `areaCode` varchar(30) DEFAULT NULL,
  `parentCode` varchar(30) DEFAULT NULL,
  `meterName` varchar(30) DEFAULT NULL COMMENT '仪表名称',
  `meteringType` int(11) DEFAULT NULL COMMENT '计量类型',
  `month` varchar(11) DEFAULT NULL,
  `useData` double DEFAULT NULL COMMENT '使用量',
  `shareData` double DEFAULT NULL COMMENT '分摊量',
  `lastData` double DEFAULT NULL,
  `surplusData` double DEFAULT NULL,
  `startTime` date DEFAULT NULL,
  `endTime` date DEFAULT NULL,
  `startData` double DEFAULT NULL,
  `endData` double DEFAULT NULL,
  `status` tinyint(4) DEFAULT NULL,
  `del_flag` varchar(1) DEFAULT NULL,
  `create_user` varchar(32) DEFAULT NULL,
  `create_time` datetime DEFAULT NULL,
  `update_user` varchar(32) DEFAULT NULL,
  `update_time` datetime DEFAULT NULL,
  `remarks` varchar(255) DEFAULT NULL,
  PRIMARY KEY (`id`)
) ENGINE=InnoDB DEFAULT CHARSET=utf8;

/*Data for the table `energy_electric_month` */

insert  into `energy_electric_month`(`id`,`meterNumber`,`parentNumber`,`area`,`parentArea`,`areaCode`,`parentCode`,`meterName`,`meteringType`,`month`,`useData`,`shareData`,`lastData`,`surplusData`,`startTime`,`endTime`,`startData`,`endData`,`status`,`del_flag`,`create_user`,`create_time`,`update_user`,`update_time`,`remarks`) values ('0b439798454e4d5fb8ead4bbbd296327','S217020000001','2','恒盛分公司_B1厂房_络筒间',NULL,'C00_B1_B105',NULL,'电表（测试）',1,'201801',NULL,NULL,NULL,NULL,'2018-01-01','2018-02-01',NULL,NULL,0,'0',NULL,'2018-03-28 09:53:00',NULL,'2018-03-28 09:53:00','1'),('1200fa232a4441d4a1d5ed0304ab1860','S217020000001','2','恒盛分公司_B1厂房_络筒间',NULL,'C00_B1_B105',NULL,'电表（测试）',NULL,'201711',NULL,NULL,NULL,NULL,'2017-11-01','2017-12-01',NULL,NULL,0,'0',NULL,'2018-01-16 15:19:00',NULL,'2018-01-16 15:19:00',NULL),('2996452615684f8b8d4acae33a98b452','S217020000001','2','恒盛分公司_B1厂房_络筒间',NULL,'C00_B1_B105',NULL,'电表（测试）',1,'201802',NULL,NULL,NULL,NULL,'2018-02-01','2018-02-28',NULL,NULL,0,'0',NULL,'2018-03-28 10:21:00',NULL,'2018-03-28 10:21:00','1'),('57a285676cfb4fa59f3e47efab90c781','S217020000001','2','恒盛分公司_B1厂房_络筒间',NULL,'C00_B1_B105',NULL,'电表（测试）',NULL,'201712',NULL,0,0,0,'2017-12-01','2018-01-01',NULL,NULL,1,'0',NULL,'2018-01-16 15:19:00',NULL,'2018-03-29 09:33:00','1'),('86b2cc2d779c44d38feaf5cc7f18a4ce','S217020000002','2','恒盛分公司_B1厂房_织一区域',NULL,'C00_B1_B108',NULL,'电表（测试）',NULL,'201712',NULL,NULL,NULL,NULL,'2017-12-01','2018-01-01',NULL,NULL,0,'0',NULL,'2018-01-16 15:19:00',NULL,'2018-01-16 15:19:00',NULL),('91c78235a7594279b52b051954141d0e','S217020000002','2','恒盛分公司_B1厂房_织一区域',NULL,'C00_B1_B108',NULL,'电表（测试）',NULL,'201711',NULL,NULL,NULL,NULL,'2017-11-01','2017-12-01',NULL,NULL,0,'0',NULL,'2018-01-16 15:19:00',NULL,'2018-01-16 15:19:00',NULL),('afa842351e6b4f1d9ad8fa4a2f237a2c','S217020000002','2','恒盛分公司_B1厂房_织一区域',NULL,'C00_B1_B108',NULL,'电表（测试）',1,'201801',NULL,NULL,NULL,NULL,'2018-01-01','2018-02-01',NULL,NULL,0,'0',NULL,'2018-03-28 09:53:00',NULL,'2018-03-28 09:53:00','0'),('be74663e28c2466ab58979fd32fce935','S217020000002','2','恒盛分公司_B1厂房_织一区域',NULL,'C00_B1_B108',NULL,'电表（测试）',1,'201802',NULL,NULL,NULL,NULL,'2018-02-01','2018-02-28',NULL,NULL,0,'0',NULL,'2018-03-28 10:21:00',NULL,'2018-03-28 10:21:00','0');

/*Table structure for table `energy_electric_price_his` */

DROP TABLE IF EXISTS `energy_electric_price_his`;

CREATE TABLE `energy_electric_price_his` (
  `id` varchar(32) NOT NULL,
  `yearMonth` varchar(10) DEFAULT NULL,
  `hisTime` datetime DEFAULT NULL,
  `status` tinyint(4) DEFAULT NULL,
  `del_flag` varchar(1) DEFAULT NULL,
  `create_user` varchar(32) DEFAULT NULL,
  `create_time` datetime DEFAULT NULL,
  `update_user` varchar(32) DEFAULT NULL,
  `update_time` datetime DEFAULT NULL,
  `remarks` varchar(255) DEFAULT NULL,
  PRIMARY KEY (`id`)
) ENGINE=InnoDB DEFAULT CHARSET=utf8;

/*Data for the table `energy_electric_price_his` */

/*Table structure for table `energy_electric_price_month` */

DROP TABLE IF EXISTS `energy_electric_price_month`;

CREATE TABLE `energy_electric_price_month` (
  `id` varchar(32) NOT NULL,
  `meterNumber` varchar(30) DEFAULT NULL COMMENT '仪表编号',
  `parentNumber` varchar(30) DEFAULT NULL,
  `area` varchar(30) DEFAULT NULL,
  `areaCode` varchar(30) DEFAULT NULL,
  `parentArea` varchar(30) DEFAULT NULL,
  `parentCode` varchar(30) DEFAULT NULL,
  `meteringType` int(11) DEFAULT NULL,
  `month` varchar(30) DEFAULT NULL,
  `day` date DEFAULT NULL,
  `startTime1` time DEFAULT NULL COMMENT '使用量',
  `endTime1` time DEFAULT NULL,
  `startData1` float DEFAULT NULL COMMENT '分摊量',
  `endData1` float DEFAULT NULL,
  `unitPrice1` float DEFAULT NULL,
  `useData1` float DEFAULT NULL,
  `price1` float DEFAULT NULL,
  `startTime2` time DEFAULT NULL,
  `endTime2` time DEFAULT NULL,
  `startData2` float DEFAULT NULL,
  `endData2` float DEFAULT NULL,
  `unitPrice2` float DEFAULT NULL,
  `useData2` float DEFAULT NULL,
  `price2` float DEFAULT NULL,
  `startTime3` time DEFAULT NULL,
  `endTime3` time DEFAULT NULL,
  `startData3` float DEFAULT NULL,
  `endData3` float DEFAULT NULL,
  `unitPrice3` float DEFAULT NULL,
  `useData3` float DEFAULT NULL,
  `price3` float DEFAULT NULL,
  `startTime4` time DEFAULT NULL,
  `endTime4` time DEFAULT NULL,
  `startData4` float DEFAULT NULL,
  `endData4` float DEFAULT NULL,
  `unitPrice4` float DEFAULT NULL,
  `useData4` float DEFAULT NULL,
  `price4` float DEFAULT NULL,
  `startTime5` time DEFAULT NULL,
  `endTime5` time DEFAULT NULL,
  `startData5` float DEFAULT NULL,
  `endData5` float DEFAULT NULL,
  `unitPrice5` float DEFAULT NULL,
  `useData5` float DEFAULT NULL,
  `price5` float DEFAULT NULL,
  `startTime6` time DEFAULT NULL,
  `endTime6` time DEFAULT NULL,
  `startData6` float DEFAULT NULL,
  `endData6` float DEFAULT NULL,
  `unitPrice6` float DEFAULT NULL,
  `useData6` float DEFAULT NULL,
  `price6` float DEFAULT NULL,
  `startTime7` time DEFAULT NULL,
  `endTime7` time DEFAULT NULL,
  `startData7` float DEFAULT NULL,
  `endData7` float DEFAULT NULL,
  `unitPrice7` float DEFAULT NULL,
  `useData7` float DEFAULT NULL,
  `price7` float DEFAULT NULL,
  `startTime8` time DEFAULT NULL,
  `endTime8` time DEFAULT NULL,
  `startData8` float DEFAULT NULL,
  `endData8` float DEFAULT NULL,
  `unitPrice8` float DEFAULT NULL,
  `useData8` float DEFAULT NULL,
  `price8` float DEFAULT NULL,
  `startTime9` time DEFAULT NULL,
  `endTime9` time DEFAULT NULL,
  `startData9` float DEFAULT NULL,
  `endData9` float DEFAULT NULL,
  `unitPrice9` float DEFAULT NULL,
  `useData9` float DEFAULT NULL,
  `price9` float DEFAULT NULL,
  `startTime10` time DEFAULT NULL,
  `endTime10` time DEFAULT NULL,
  `startData10` float DEFAULT NULL,
  `endData10` float DEFAULT NULL,
  `unitPrice10` float DEFAULT NULL,
  `useData10` float DEFAULT NULL,
  `price10` float DEFAULT NULL,
  `status` tinyint(4) DEFAULT NULL,
  `del_flag` varchar(1) DEFAULT NULL,
  `create_user` varchar(32) DEFAULT NULL,
  `create_time` datetime DEFAULT NULL,
  `update_user` varchar(32) DEFAULT NULL,
  `update_time` datetime DEFAULT NULL,
  `remarks` varchar(255) DEFAULT NULL,
  PRIMARY KEY (`id`)
) ENGINE=InnoDB DEFAULT CHARSET=utf8;

/*Data for the table `energy_electric_price_month` */

insert  into `energy_electric_price_month`(`id`,`meterNumber`,`parentNumber`,`area`,`areaCode`,`parentArea`,`parentCode`,`meteringType`,`month`,`day`,`startTime1`,`endTime1`,`startData1`,`endData1`,`unitPrice1`,`useData1`,`price1`,`startTime2`,`endTime2`,`startData2`,`endData2`,`unitPrice2`,`useData2`,`price2`,`startTime3`,`endTime3`,`startData3`,`endData3`,`unitPrice3`,`useData3`,`price3`,`startTime4`,`endTime4`,`startData4`,`endData4`,`unitPrice4`,`useData4`,`price4`,`startTime5`,`endTime5`,`startData5`,`endData5`,`unitPrice5`,`useData5`,`price5`,`startTime6`,`endTime6`,`startData6`,`endData6`,`unitPrice6`,`useData6`,`price6`,`startTime7`,`endTime7`,`startData7`,`endData7`,`unitPrice7`,`useData7`,`price7`,`startTime8`,`endTime8`,`startData8`,`endData8`,`unitPrice8`,`useData8`,`price8`,`startTime9`,`endTime9`,`startData9`,`endData9`,`unitPrice9`,`useData9`,`price9`,`startTime10`,`endTime10`,`startData10`,`endData10`,`unitPrice10`,`useData10`,`price10`,`status`,`del_flag`,`create_user`,`create_time`,`update_user`,`update_time`,`remarks`) values ('021ff2a986af4ed5ae9f2c69f94f1385','S217020000001','2','恒盛分公司_B1厂房_络筒间','C00_B1_B105',NULL,NULL,1,'201801','2018-01-28','06:00:00','12:00:00',NULL,NULL,0.8,10,8,'12:00:00','19:00:00',NULL,NULL,1.5,100,150,'19:00:00','22:00:00',NULL,NULL,0.9,NULL,NULL,'22:00:00','06:00:00',NULL,NULL,0.5,NULL,NULL,NULL,NULL,NULL,NULL,NULL,NULL,NULL,NULL,NULL,NULL,NULL,NULL,NULL,NULL,NULL,NULL,NULL,NULL,NULL,NULL,NULL,NULL,NULL,NULL,NULL,NULL,NULL,NULL,NULL,NULL,NULL,NULL,NULL,NULL,NULL,NULL,NULL,NULL,NULL,NULL,NULL,NULL,NULL,'0',NULL,'2018-01-15 20:34:03',NULL,'2018-01-15 20:34:03',NULL),('071561b563eb4e6a8a0eef10088f2eb0','S217020000001','2','恒盛分公司_B1厂房_络筒间','C00_B1_B105',NULL,NULL,1,'201712','2017-12-02','00:00:00','18:00:00',NULL,NULL,0.36,NULL,NULL,'18:00:00','21:00:00',NULL,NULL,0.9,NULL,NULL,'21:00:00','00:00:00',NULL,NULL,0.36,NULL,NULL,NULL,NULL,NULL,NULL,NULL,NULL,NULL,NULL,NULL,NULL,NULL,NULL,NULL,NULL,NULL,NULL,NULL,NULL,NULL,NULL,NULL,NULL,NULL,NULL,NULL,NULL,NULL,NULL,NULL,NULL,NULL,NULL,NULL,NULL,NULL,NULL,NULL,NULL,NULL,NULL,NULL,NULL,NULL,NULL,NULL,NULL,NULL,NULL,NULL,NULL,'0',NULL,'2018-01-15 20:34:01',NULL,'2018-01-15 20:34:01',NULL),('07b30bdacc974d50a7edda7e94592936','S217020000001','2','络筒间','C00_B1_B105','B1厂房',NULL,1,'201802','2018-02-11','09:00:00','09:00:00',NULL,NULL,9,NULL,NULL,NULL,NULL,NULL,NULL,NULL,NULL,NULL,NULL,NULL,NULL,NULL,NULL,NULL,NULL,NULL,NULL,NULL,NULL,NULL,NULL,NULL,NULL,NULL,NULL,NULL,NULL,NULL,NULL,NULL,NULL,NULL,NULL,NULL,NULL,NULL,NULL,NULL,NULL,NULL,NULL,NULL,NULL,NULL,NULL,NULL,NULL,NULL,NULL,NULL,NULL,NULL,NULL,NULL,NULL,NULL,NULL,NULL,NULL,NULL,NULL,NULL,NULL,NULL,NULL,'0',NULL,'2018-03-28 09:58:00',NULL,'2018-03-28 09:58:00',NULL),('0c41200acafd442f927f5725951793b4','S217020000002','2','织一区域','C00_B1_B108','B1厂房',NULL,1,'201802','2018-02-10','09:00:00','09:00:00',NULL,NULL,9,NULL,NULL,NULL,NULL,NULL,NULL,NULL,NULL,NULL,NULL,NULL,NULL,NULL,NULL,NULL,NULL,NULL,NULL,NULL,NULL,NULL,NULL,NULL,NULL,NULL,NULL,NULL,NULL,NULL,NULL,NULL,NULL,NULL,NULL,NULL,NULL,NULL,NULL,NULL,NULL,NULL,NULL,NULL,NULL,NULL,NULL,NULL,NULL,NULL,NULL,NULL,NULL,NULL,NULL,NULL,NULL,NULL,NULL,NULL,NULL,NULL,NULL,NULL,NULL,NULL,NULL,'0',NULL,'2018-03-28 09:58:00',NULL,'2018-03-28 09:58:00',NULL),('0c6a83441766422d911a2e997133b138','S217020000001','2','络筒间','C00_B1_B105','B1厂房',NULL,1,'201802','2018-02-09','09:00:00','09:00:00',NULL,NULL,9,NULL,NULL,NULL,NULL,NULL,NULL,NULL,NULL,NULL,NULL,NULL,NULL,NULL,NULL,NULL,NULL,NULL,NULL,NULL,NULL,NULL,NULL,NULL,NULL,NULL,NULL,NULL,NULL,NULL,NULL,NULL,NULL,NULL,NULL,NULL,NULL,NULL,NULL,NULL,NULL,NULL,NULL,NULL,NULL,NULL,NULL,NULL,NULL,NULL,NULL,NULL,NULL,NULL,NULL,NULL,NULL,NULL,NULL,NULL,NULL,NULL,NULL,NULL,NULL,NULL,NULL,'0',NULL,'2018-03-28 09:58:00',NULL,'2018-03-28 09:58:00',NULL),('0e25dbc40f144be0ae9027792ee02f8a','S217020000002','2','织一区域','C00_B1_B108','B1厂房',NULL,1,'201802','2018-02-13','09:00:00','09:00:00',NULL,NULL,9,NULL,NULL,NULL,NULL,NULL,NULL,NULL,NULL,NULL,NULL,NULL,NULL,NULL,NULL,NULL,NULL,NULL,NULL,NULL,NULL,NULL,NULL,NULL,NULL,NULL,NULL,NULL,NULL,NULL,NULL,NULL,NULL,NULL,NULL,NULL,NULL,NULL,NULL,NULL,NULL,NULL,NULL,NULL,NULL,NULL,NULL,NULL,NULL,NULL,NULL,NULL,NULL,NULL,NULL,NULL,NULL,NULL,NULL,NULL,NULL,NULL,NULL,NULL,NULL,NULL,NULL,'0',NULL,'2018-03-28 09:58:01',NULL,'2018-03-28 09:58:01',NULL),('11214c33457d4fc5aea03be686922783','S217020000001','2','恒盛分公司_B1厂房_络筒间','C00_B1_B105',NULL,NULL,1,'201712','2017-12-15','00:00:00','18:00:00',NULL,NULL,0.36,NULL,NULL,'18:00:00','21:00:00',NULL,NULL,0.9,NULL,NULL,'21:00:00','00:00:00',NULL,NULL,0.36,NULL,NULL,NULL,NULL,NULL,NULL,NULL,NULL,NULL,NULL,NULL,NULL,NULL,NULL,NULL,NULL,NULL,NULL,NULL,NULL,NULL,NULL,NULL,NULL,NULL,NULL,NULL,NULL,NULL,NULL,NULL,NULL,NULL,NULL,NULL,NULL,NULL,NULL,NULL,NULL,NULL,NULL,NULL,NULL,NULL,NULL,NULL,NULL,NULL,NULL,NULL,NULL,'0',NULL,'2018-01-15 20:34:02',NULL,'2018-01-15 20:34:02',NULL),('12d2f7eb846a4b82b807be61c1fd9057','S217020000001','2','恒盛分公司_B1厂房_络筒间','C00_B1_B105',NULL,NULL,1,'201712','2017-12-27','00:00:00','18:00:00',NULL,NULL,0.36,NULL,NULL,'18:00:00','21:00:00',NULL,NULL,0.9,NULL,NULL,'21:00:00','00:00:00',NULL,NULL,0.36,NULL,NULL,NULL,NULL,NULL,NULL,NULL,NULL,NULL,NULL,NULL,NULL,NULL,NULL,NULL,NULL,NULL,NULL,NULL,NULL,NULL,NULL,NULL,NULL,NULL,NULL,NULL,NULL,NULL,NULL,NULL,NULL,NULL,NULL,NULL,NULL,NULL,NULL,NULL,NULL,NULL,NULL,NULL,NULL,NULL,NULL,NULL,NULL,NULL,NULL,NULL,NULL,'0',NULL,'2018-01-15 20:34:02',NULL,'2018-01-15 20:34:02',NULL),('1575f88629594720b15774077b05f596','S217020000001','2','络筒间','C00_B1_B105','B1厂房',NULL,1,'201802','2018-02-05','09:00:00','09:00:00',NULL,NULL,9,NULL,NULL,NULL,NULL,NULL,NULL,NULL,NULL,NULL,NULL,NULL,NULL,NULL,NULL,NULL,NULL,NULL,NULL,NULL,NULL,NULL,NULL,NULL,NULL,NULL,NULL,NULL,NULL,NULL,NULL,NULL,NULL,NULL,NULL,NULL,NULL,NULL,NULL,NULL,NULL,NULL,NULL,NULL,NULL,NULL,NULL,NULL,NULL,NULL,NULL,NULL,NULL,NULL,NULL,NULL,NULL,NULL,NULL,NULL,NULL,NULL,NULL,NULL,NULL,NULL,NULL,'0',NULL,'2018-03-28 09:58:00',NULL,'2018-03-28 09:58:00',NULL),('17e01a6740e8473a95a272756c3392b4','S217020000001','2','络筒间','C00_B1_B105','B1厂房',NULL,1,'201802','2018-02-02','09:00:00','09:00:00',NULL,NULL,9,NULL,NULL,NULL,NULL,NULL,NULL,NULL,NULL,NULL,NULL,NULL,NULL,NULL,NULL,NULL,NULL,NULL,NULL,NULL,NULL,NULL,NULL,NULL,NULL,NULL,NULL,NULL,NULL,NULL,NULL,NULL,NULL,NULL,NULL,NULL,NULL,NULL,NULL,NULL,NULL,NULL,NULL,NULL,NULL,NULL,NULL,NULL,NULL,NULL,NULL,NULL,NULL,NULL,NULL,NULL,NULL,NULL,NULL,NULL,NULL,NULL,NULL,NULL,NULL,NULL,NULL,'0',NULL,'2018-03-28 09:58:00',NULL,'2018-03-28 09:58:00',NULL),('193b54e75b8c41b19a9646af3a504a4b','S217020000002','2','织一区域','C00_B1_B108','B1厂房',NULL,1,'201802','2018-02-18','09:00:00','09:00:00',NULL,NULL,9,NULL,NULL,NULL,NULL,NULL,NULL,NULL,NULL,NULL,NULL,NULL,NULL,NULL,NULL,NULL,NULL,NULL,NULL,NULL,NULL,NULL,NULL,NULL,NULL,NULL,NULL,NULL,NULL,NULL,NULL,NULL,NULL,NULL,NULL,NULL,NULL,NULL,NULL,NULL,NULL,NULL,NULL,NULL,NULL,NULL,NULL,NULL,NULL,NULL,NULL,NULL,NULL,NULL,NULL,NULL,NULL,NULL,NULL,NULL,NULL,NULL,NULL,NULL,NULL,NULL,NULL,'0',NULL,'2018-03-28 09:58:01',NULL,'2018-03-28 09:58:01',NULL),('19bc46c57c3f4339a0730e4417256229','S217020000001','2','络筒间','C00_B1_B105','B1厂房',NULL,1,'201802','2018-02-19','09:00:00','09:00:00',NULL,NULL,9,NULL,NULL,NULL,NULL,NULL,NULL,NULL,NULL,NULL,NULL,NULL,NULL,NULL,NULL,NULL,NULL,NULL,NULL,NULL,NULL,NULL,NULL,NULL,NULL,NULL,NULL,NULL,NULL,NULL,NULL,NULL,NULL,NULL,NULL,NULL,NULL,NULL,NULL,NULL,NULL,NULL,NULL,NULL,NULL,NULL,NULL,NULL,NULL,NULL,NULL,NULL,NULL,NULL,NULL,NULL,NULL,NULL,NULL,NULL,NULL,NULL,NULL,NULL,NULL,NULL,NULL,'0',NULL,'2018-03-28 09:58:00',NULL,'2018-03-28 09:58:00',NULL),('1cf77ab90503443ca7620c8a60f31216','S217020000001','2','恒盛分公司_B1厂房_络筒间','C00_B1_B105',NULL,NULL,1,'201711','2017-11-20','06:00:00','08:00:00',NULL,NULL,0.36,NULL,NULL,'08:00:00','11:00:00',NULL,NULL,0.9,NULL,NULL,'11:00:00','16:00:00',NULL,NULL,0.36,NULL,NULL,'16:00:00','21:00:00',NULL,NULL,0.9,NULL,NULL,'21:00:00','22:00:00',NULL,NULL,0.36,NULL,NULL,'22:00:00','06:00:00',NULL,NULL,0.36,NULL,NULL,NULL,NULL,NULL,NULL,NULL,NULL,NULL,NULL,NULL,NULL,NULL,NULL,NULL,NULL,NULL,NULL,NULL,NULL,NULL,NULL,NULL,NULL,NULL,NULL,NULL,NULL,NULL,NULL,NULL,'0',NULL,'2018-01-15 20:34:01',NULL,'2018-01-15 20:34:01',NULL),('1d95c7dbfd0e473d9a5d3a45313f0823','S217020000001','2','恒盛分公司_B1厂房_络筒间','C00_B1_B105',NULL,NULL,1,'201711','2017-11-16','06:00:00','08:00:00',NULL,NULL,0.36,NULL,NULL,'08:00:00','11:00:00',NULL,NULL,0.9,NULL,NULL,'11:00:00','16:00:00',NULL,NULL,0.36,NULL,NULL,'16:00:00','21:00:00',NULL,NULL,0.9,NULL,NULL,'21:00:00','22:00:00',NULL,NULL,0.36,NULL,NULL,'22:00:00','06:00:00',NULL,NULL,0.36,NULL,NULL,NULL,NULL,NULL,NULL,NULL,NULL,NULL,NULL,NULL,NULL,NULL,NULL,NULL,NULL,NULL,NULL,NULL,NULL,NULL,NULL,NULL,NULL,NULL,NULL,NULL,NULL,NULL,NULL,NULL,'0',NULL,'2018-01-15 20:34:01',NULL,'2018-01-15 20:34:01',NULL),('1e826fc85ff9495cb0d3641bb222041e','S217020000001','2','络筒间','C00_B1_B105','B1厂房',NULL,1,'201802','2018-02-18','09:00:00','09:00:00',NULL,NULL,9,NULL,NULL,NULL,NULL,NULL,NULL,NULL,NULL,NULL,NULL,NULL,NULL,NULL,NULL,NULL,NULL,NULL,NULL,NULL,NULL,NULL,NULL,NULL,NULL,NULL,NULL,NULL,NULL,NULL,NULL,NULL,NULL,NULL,NULL,NULL,NULL,NULL,NULL,NULL,NULL,NULL,NULL,NULL,NULL,NULL,NULL,NULL,NULL,NULL,NULL,NULL,NULL,NULL,NULL,NULL,NULL,NULL,NULL,NULL,NULL,NULL,NULL,NULL,NULL,NULL,NULL,'0',NULL,'2018-03-28 09:58:00',NULL,'2018-03-28 09:58:00',NULL),('1efc98ea68ad4b598415b778c706ab98','S217020000002','2','织一区域','C00_B1_B108','B1厂房',NULL,1,'201802','2018-02-01','09:00:00','09:00:00',NULL,NULL,9,NULL,NULL,NULL,NULL,NULL,NULL,NULL,NULL,NULL,NULL,NULL,NULL,NULL,NULL,NULL,NULL,NULL,NULL,NULL,NULL,NULL,NULL,NULL,NULL,NULL,NULL,NULL,NULL,NULL,NULL,NULL,NULL,NULL,NULL,NULL,NULL,NULL,NULL,NULL,NULL,NULL,NULL,NULL,NULL,NULL,NULL,NULL,NULL,NULL,NULL,NULL,NULL,NULL,NULL,NULL,NULL,NULL,NULL,NULL,NULL,NULL,NULL,NULL,NULL,NULL,NULL,'0',NULL,'2018-03-28 09:58:00',NULL,'2018-03-28 09:58:00',NULL),('206e13f20ef94bb387bb6b18d8f03187','S217020000001','2','恒盛分公司_B1厂房_络筒间','C00_B1_B105',NULL,NULL,1,'201801','2018-01-16','06:00:00','12:00:00',NULL,NULL,0.8,NULL,NULL,'12:00:00','19:00:00',NULL,NULL,1.5,NULL,NULL,'19:00:00','22:00:00',NULL,NULL,0.9,NULL,NULL,'22:00:00','06:00:00',NULL,NULL,0.5,NULL,NULL,NULL,NULL,NULL,NULL,NULL,NULL,NULL,NULL,NULL,NULL,NULL,NULL,NULL,NULL,NULL,NULL,NULL,NULL,NULL,NULL,NULL,NULL,NULL,NULL,NULL,NULL,NULL,NULL,NULL,NULL,NULL,NULL,NULL,NULL,NULL,NULL,NULL,NULL,NULL,NULL,NULL,NULL,NULL,'0',NULL,'2018-01-15 20:34:03',NULL,'2018-01-15 20:34:03',NULL),('20b7ef6dbc7f4a64a0d73834ca94794d','S217020000002','2','织一区域','C00_B1_B108','B1厂房',NULL,1,'201802','2018-02-14','09:00:00','09:00:00',NULL,NULL,9,NULL,NULL,NULL,NULL,NULL,NULL,NULL,NULL,NULL,NULL,NULL,NULL,NULL,NULL,NULL,NULL,NULL,NULL,NULL,NULL,NULL,NULL,NULL,NULL,NULL,NULL,NULL,NULL,NULL,NULL,NULL,NULL,NULL,NULL,NULL,NULL,NULL,NULL,NULL,NULL,NULL,NULL,NULL,NULL,NULL,NULL,NULL,NULL,NULL,NULL,NULL,NULL,NULL,NULL,NULL,NULL,NULL,NULL,NULL,NULL,NULL,NULL,NULL,NULL,NULL,NULL,'0',NULL,'2018-03-28 09:58:01',NULL,'2018-03-28 09:58:01',NULL),('29450be39adc4d88955953ecbfa6a16c','S217020000001','2','恒盛分公司_B1厂房_络筒间','C00_B1_B105',NULL,NULL,1,'201801','2018-01-31','06:00:00','12:00:00',NULL,NULL,0.8,NULL,NULL,'12:00:00','19:00:00',NULL,NULL,1.5,NULL,NULL,'19:00:00','22:00:00',NULL,NULL,0.9,NULL,NULL,'22:00:00','06:00:00',NULL,NULL,0.5,NULL,NULL,NULL,NULL,NULL,NULL,NULL,NULL,NULL,NULL,NULL,NULL,NULL,NULL,NULL,NULL,NULL,NULL,NULL,NULL,NULL,NULL,NULL,NULL,NULL,NULL,NULL,NULL,NULL,NULL,NULL,NULL,NULL,NULL,NULL,NULL,NULL,NULL,NULL,NULL,NULL,NULL,NULL,NULL,NULL,'0',NULL,'2018-01-15 20:34:03',NULL,'2018-01-15 20:34:03',NULL),('2bcf0cf9527e4d65983cadc56a02847b','S217020000001','2','恒盛分公司_B1厂房_络筒间','C00_B1_B105',NULL,NULL,1,'201711','2017-11-23','06:00:00','08:00:00',NULL,NULL,0.36,NULL,NULL,'08:00:00','11:00:00',NULL,NULL,0.9,NULL,NULL,'11:00:00','16:00:00',NULL,NULL,0.36,NULL,NULL,'16:00:00','21:00:00',NULL,NULL,0.9,NULL,NULL,'21:00:00','22:00:00',NULL,NULL,0.36,NULL,NULL,'22:00:00','06:00:00',NULL,NULL,0.36,NULL,NULL,NULL,NULL,NULL,NULL,NULL,NULL,NULL,NULL,NULL,NULL,NULL,NULL,NULL,NULL,NULL,NULL,NULL,NULL,NULL,NULL,NULL,NULL,NULL,NULL,NULL,NULL,NULL,NULL,NULL,'0',NULL,'2018-01-15 20:34:01',NULL,'2018-01-15 20:34:01',NULL),('2ec8e06e7e2340628ca585d2bad3d3b2','S217020000001','2','恒盛分公司_B1厂房_络筒间','C00_B1_B105',NULL,NULL,1,'201801','2018-01-23','06:00:00','12:00:00',NULL,NULL,0.8,NULL,NULL,'12:00:00','19:00:00',NULL,NULL,1.5,NULL,NULL,'19:00:00','22:00:00',NULL,NULL,0.9,NULL,NULL,'22:00:00','06:00:00',NULL,NULL,0.5,NULL,NULL,NULL,NULL,NULL,NULL,NULL,NULL,NULL,NULL,NULL,NULL,NULL,NULL,NULL,NULL,NULL,NULL,NULL,NULL,NULL,NULL,NULL,NULL,NULL,NULL,NULL,NULL,NULL,NULL,NULL,NULL,NULL,NULL,NULL,NULL,NULL,NULL,NULL,NULL,NULL,NULL,NULL,NULL,NULL,'0',NULL,'2018-01-15 20:34:03',NULL,'2018-01-15 20:34:03',NULL),('2ffc620ee2ff4097b1d005bc72ea1c3f','S217020000002','2','织一区域','C00_B1_B108','B1厂房',NULL,1,'201802','2018-02-26','09:00:00','09:00:00',NULL,NULL,9,NULL,NULL,NULL,NULL,NULL,NULL,NULL,NULL,NULL,NULL,NULL,NULL,NULL,NULL,NULL,NULL,NULL,NULL,NULL,NULL,NULL,NULL,NULL,NULL,NULL,NULL,NULL,NULL,NULL,NULL,NULL,NULL,NULL,NULL,NULL,NULL,NULL,NULL,NULL,NULL,NULL,NULL,NULL,NULL,NULL,NULL,NULL,NULL,NULL,NULL,NULL,NULL,NULL,NULL,NULL,NULL,NULL,NULL,NULL,NULL,NULL,NULL,NULL,NULL,NULL,NULL,'0',NULL,'2018-03-28 09:58:01',NULL,'2018-03-28 09:58:01',NULL),('300c3dd2d7e041d5b156583db2bd38c6','S217020000001','2','恒盛分公司_B1厂房_络筒间','C00_B1_B105',NULL,NULL,1,'201711','2017-11-29','06:00:00','08:00:00',NULL,NULL,0.36,NULL,NULL,'08:00:00','11:00:00',NULL,NULL,0.9,NULL,NULL,'11:00:00','16:00:00',NULL,NULL,0.36,NULL,NULL,'16:00:00','21:00:00',NULL,NULL,0.9,NULL,NULL,'21:00:00','22:00:00',NULL,NULL,0.36,NULL,NULL,'22:00:00','06:00:00',NULL,NULL,0.36,NULL,NULL,NULL,NULL,NULL,NULL,NULL,NULL,NULL,NULL,NULL,NULL,NULL,NULL,NULL,NULL,NULL,NULL,NULL,NULL,NULL,NULL,NULL,NULL,NULL,NULL,NULL,NULL,NULL,NULL,NULL,'0',NULL,'2018-01-15 20:34:01',NULL,'2018-01-15 20:34:01',NULL),('32e437ef9b2d49478130dc45cc4bbb45','S217020000001','2','恒盛分公司_B1厂房_络筒间','C00_B1_B105',NULL,NULL,1,'201712','2017-12-11','00:00:00','18:00:00',NULL,NULL,0.36,NULL,NULL,'18:00:00','21:00:00',NULL,NULL,0.9,NULL,NULL,'21:00:00','00:00:00',NULL,NULL,0.36,NULL,NULL,NULL,NULL,NULL,NULL,NULL,NULL,NULL,NULL,NULL,NULL,NULL,NULL,NULL,NULL,NULL,NULL,NULL,NULL,NULL,NULL,NULL,NULL,NULL,NULL,NULL,NULL,NULL,NULL,NULL,NULL,NULL,NULL,NULL,NULL,NULL,NULL,NULL,NULL,NULL,NULL,NULL,NULL,NULL,NULL,NULL,NULL,NULL,NULL,NULL,NULL,'0',NULL,'2018-01-15 20:34:02',NULL,'2018-01-15 20:34:02',NULL),('33a19717dbfe4ee5a827cd2c371da5d2','S217020000002','2','织一区域','C00_B1_B108','B1厂房',NULL,1,'201802','2018-02-08','09:00:00','09:00:00',NULL,NULL,9,NULL,NULL,NULL,NULL,NULL,NULL,NULL,NULL,NULL,NULL,NULL,NULL,NULL,NULL,NULL,NULL,NULL,NULL,NULL,NULL,NULL,NULL,NULL,NULL,NULL,NULL,NULL,NULL,NULL,NULL,NULL,NULL,NULL,NULL,NULL,NULL,NULL,NULL,NULL,NULL,NULL,NULL,NULL,NULL,NULL,NULL,NULL,NULL,NULL,NULL,NULL,NULL,NULL,NULL,NULL,NULL,NULL,NULL,NULL,NULL,NULL,NULL,NULL,NULL,NULL,NULL,'0',NULL,'2018-03-28 09:58:00',NULL,'2018-03-28 09:58:00',NULL),('365599e0014243ebb98dbf7628b69974','S217020000001','2','恒盛分公司_B1厂房_络筒间','C00_B1_B105',NULL,NULL,1,'201712','2017-12-10','00:00:00','18:00:00',NULL,NULL,0.36,NULL,NULL,'18:00:00','21:00:00',NULL,NULL,0.9,NULL,NULL,'21:00:00','00:00:00',NULL,NULL,0.36,NULL,NULL,NULL,NULL,NULL,NULL,NULL,NULL,NULL,NULL,NULL,NULL,NULL,NULL,NULL,NULL,NULL,NULL,NULL,NULL,NULL,NULL,NULL,NULL,NULL,NULL,NULL,NULL,NULL,NULL,NULL,NULL,NULL,NULL,NULL,NULL,NULL,NULL,NULL,NULL,NULL,NULL,NULL,NULL,NULL,NULL,NULL,NULL,NULL,NULL,NULL,NULL,'0',NULL,'2018-01-15 20:34:02',NULL,'2018-01-15 20:34:02',NULL),('3a96b93cf91b4adca8e7b29b8738674f','S217020000001','2','恒盛分公司_B1厂房_络筒间','C00_B1_B105',NULL,NULL,1,'201712','2017-12-13','00:00:00','18:00:00',NULL,NULL,0.36,NULL,NULL,'18:00:00','21:00:00',NULL,NULL,0.9,NULL,NULL,'21:00:00','00:00:00',NULL,NULL,0.36,NULL,NULL,NULL,NULL,NULL,NULL,NULL,NULL,NULL,NULL,NULL,NULL,NULL,NULL,NULL,NULL,NULL,NULL,NULL,NULL,NULL,NULL,NULL,NULL,NULL,NULL,NULL,NULL,NULL,NULL,NULL,NULL,NULL,NULL,NULL,NULL,NULL,NULL,NULL,NULL,NULL,NULL,NULL,NULL,NULL,NULL,NULL,NULL,NULL,NULL,NULL,NULL,'0',NULL,'2018-01-15 20:34:02',NULL,'2018-01-15 20:34:02',NULL),('3b00f8cee6334afd865ff206792451e4','S217020000002','2','织一区域','C00_B1_B108','B1厂房',NULL,1,'201802','2018-02-05','09:00:00','09:00:00',NULL,NULL,9,NULL,NULL,NULL,NULL,NULL,NULL,NULL,NULL,NULL,NULL,NULL,NULL,NULL,NULL,NULL,NULL,NULL,NULL,NULL,NULL,NULL,NULL,NULL,NULL,NULL,NULL,NULL,NULL,NULL,NULL,NULL,NULL,NULL,NULL,NULL,NULL,NULL,NULL,NULL,NULL,NULL,NULL,NULL,NULL,NULL,NULL,NULL,NULL,NULL,NULL,NULL,NULL,NULL,NULL,NULL,NULL,NULL,NULL,NULL,NULL,NULL,NULL,NULL,NULL,NULL,NULL,'0',NULL,'2018-03-28 09:58:00',NULL,'2018-03-28 09:58:00',NULL),('3bc1c4baec0d425482a2cb413c251a67','S217020000001','2','络筒间','C00_B1_B105','B1厂房',NULL,1,'201802','2018-02-10','09:00:00','09:00:00',NULL,NULL,9,NULL,NULL,NULL,NULL,NULL,NULL,NULL,NULL,NULL,NULL,NULL,NULL,NULL,NULL,NULL,NULL,NULL,NULL,NULL,NULL,NULL,NULL,NULL,NULL,NULL,NULL,NULL,NULL,NULL,NULL,NULL,NULL,NULL,NULL,NULL,NULL,NULL,NULL,NULL,NULL,NULL,NULL,NULL,NULL,NULL,NULL,NULL,NULL,NULL,NULL,NULL,NULL,NULL,NULL,NULL,NULL,NULL,NULL,NULL,NULL,NULL,NULL,NULL,NULL,NULL,NULL,'0',NULL,'2018-03-28 09:58:00',NULL,'2018-03-28 09:58:00',NULL),('3e5df9ee06254e72a15141b4b76604f0','S217020000001','2','恒盛分公司_B1厂房_络筒间','C00_B1_B105',NULL,NULL,1,'201712','2017-12-29','00:00:00','18:00:00',NULL,NULL,0.36,NULL,NULL,'18:00:00','21:00:00',NULL,NULL,0.9,NULL,NULL,'21:00:00','00:00:00',NULL,NULL,0.36,NULL,NULL,NULL,NULL,NULL,NULL,NULL,NULL,NULL,NULL,NULL,NULL,NULL,NULL,NULL,NULL,NULL,NULL,NULL,NULL,NULL,NULL,NULL,NULL,NULL,NULL,NULL,NULL,NULL,NULL,NULL,NULL,NULL,NULL,NULL,NULL,NULL,NULL,NULL,NULL,NULL,NULL,NULL,NULL,NULL,NULL,NULL,NULL,NULL,NULL,NULL,NULL,'0',NULL,'2018-01-15 20:34:02',NULL,'2018-01-15 20:34:02',NULL),('41b8617b3b164455b938d707c4928577','S217020000001','2','络筒间','C00_B1_B105','B1厂房',NULL,1,'201802','2018-02-01','09:00:00','09:00:00',NULL,NULL,9,NULL,NULL,NULL,NULL,NULL,NULL,NULL,NULL,NULL,NULL,NULL,NULL,NULL,NULL,NULL,NULL,NULL,NULL,NULL,NULL,NULL,NULL,NULL,NULL,NULL,NULL,NULL,NULL,NULL,NULL,NULL,NULL,NULL,NULL,NULL,NULL,NULL,NULL,NULL,NULL,NULL,NULL,NULL,NULL,NULL,NULL,NULL,NULL,NULL,NULL,NULL,NULL,NULL,NULL,NULL,NULL,NULL,NULL,NULL,NULL,NULL,NULL,NULL,NULL,NULL,NULL,'0',NULL,'2018-03-28 09:58:00',NULL,'2018-03-28 09:58:00',NULL),('42f174425f9d4d2592a4e824f0db914a','S217020000001','2','恒盛分公司_B1厂房_络筒间','C00_B1_B105',NULL,NULL,1,'201801','2018-01-19','06:00:00','12:00:00',NULL,NULL,0.8,100,80,'12:00:00','19:00:00',NULL,NULL,1.5,NULL,NULL,'19:00:00','22:00:00',NULL,NULL,0.9,NULL,NULL,'22:00:00','06:00:00',NULL,NULL,0.5,NULL,NULL,NULL,NULL,NULL,NULL,NULL,NULL,NULL,NULL,NULL,NULL,NULL,NULL,NULL,NULL,NULL,NULL,NULL,NULL,NULL,NULL,NULL,NULL,NULL,NULL,NULL,NULL,NULL,NULL,NULL,NULL,NULL,NULL,NULL,NULL,NULL,NULL,NULL,NULL,NULL,NULL,NULL,NULL,NULL,'0',NULL,'2018-01-15 20:34:03',NULL,'2018-01-15 20:34:03',NULL),('43f5038d1b2a489c95938462767d39f8','S217020000001','2','络筒间','C00_B1_B105','B1厂房',NULL,1,'201802','2018-02-13','09:00:00','09:00:00',NULL,NULL,9,NULL,NULL,NULL,NULL,NULL,NULL,NULL,NULL,NULL,NULL,NULL,NULL,NULL,NULL,NULL,NULL,NULL,NULL,NULL,NULL,NULL,NULL,NULL,NULL,NULL,NULL,NULL,NULL,NULL,NULL,NULL,NULL,NULL,NULL,NULL,NULL,NULL,NULL,NULL,NULL,NULL,NULL,NULL,NULL,NULL,NULL,NULL,NULL,NULL,NULL,NULL,NULL,NULL,NULL,NULL,NULL,NULL,NULL,NULL,NULL,NULL,NULL,NULL,NULL,NULL,NULL,'0',NULL,'2018-03-28 09:58:00',NULL,'2018-03-28 09:58:00',NULL),('4486568012b7443a853213aef8600340','S217020000001','2','恒盛分公司_B1厂房_络筒间','C00_B1_B105',NULL,NULL,1,'201712','2017-12-03','00:00:00','18:00:00',NULL,NULL,0.36,NULL,NULL,'18:00:00','21:00:00',NULL,NULL,0.9,NULL,NULL,'21:00:00','00:00:00',NULL,NULL,0.36,NULL,NULL,NULL,NULL,NULL,NULL,NULL,NULL,NULL,NULL,NULL,NULL,NULL,NULL,NULL,NULL,NULL,NULL,NULL,NULL,NULL,NULL,NULL,NULL,NULL,NULL,NULL,NULL,NULL,NULL,NULL,NULL,NULL,NULL,NULL,NULL,NULL,NULL,NULL,NULL,NULL,NULL,NULL,NULL,NULL,NULL,NULL,NULL,NULL,NULL,NULL,NULL,'0',NULL,'2018-01-15 20:34:01',NULL,'2018-01-15 20:34:01',NULL),('450d93936394429c9de2c1a07ea2cdca','S217020000001','2','恒盛分公司_B1厂房_络筒间','C00_B1_B105',NULL,NULL,1,'201801','2018-01-10','06:00:00','12:00:00',NULL,NULL,0.8,NULL,NULL,'12:00:00','19:00:00',NULL,NULL,1.5,NULL,NULL,'19:00:00','22:00:00',NULL,NULL,0.9,NULL,NULL,'22:00:00','06:00:00',NULL,NULL,0.5,NULL,NULL,NULL,NULL,NULL,NULL,NULL,NULL,NULL,NULL,NULL,NULL,NULL,NULL,NULL,NULL,NULL,NULL,NULL,NULL,NULL,NULL,NULL,NULL,NULL,NULL,NULL,NULL,NULL,NULL,NULL,NULL,NULL,NULL,NULL,NULL,NULL,NULL,NULL,NULL,NULL,NULL,NULL,NULL,NULL,'0',NULL,'2018-01-15 20:34:02',NULL,'2018-01-15 20:34:02',NULL),('4549cf4f788f47ba9988c2f23927ffb5','S217020000002','2','织一区域','C00_B1_B108','B1厂房',NULL,1,'201802','2018-02-22','09:00:00','09:00:00',NULL,NULL,9,NULL,NULL,NULL,NULL,NULL,NULL,NULL,NULL,NULL,NULL,NULL,NULL,NULL,NULL,NULL,NULL,NULL,NULL,NULL,NULL,NULL,NULL,NULL,NULL,NULL,NULL,NULL,NULL,NULL,NULL,NULL,NULL,NULL,NULL,NULL,NULL,NULL,NULL,NULL,NULL,NULL,NULL,NULL,NULL,NULL,NULL,NULL,NULL,NULL,NULL,NULL,NULL,NULL,NULL,NULL,NULL,NULL,NULL,NULL,NULL,NULL,NULL,NULL,NULL,NULL,NULL,'0',NULL,'2018-03-28 09:58:01',NULL,'2018-03-28 09:58:01',NULL),('45b3f388b1f34d25b7b3d188b553b073','S217020000001','2','恒盛分公司_B1厂房_络筒间','C00_B1_B105',NULL,NULL,1,'201712','2017-12-14','00:00:00','18:00:00',NULL,NULL,0.36,NULL,NULL,'18:00:00','21:00:00',NULL,NULL,0.9,NULL,NULL,'21:00:00','00:00:00',NULL,NULL,0.36,NULL,NULL,NULL,NULL,NULL,NULL,NULL,NULL,NULL,NULL,NULL,NULL,NULL,NULL,NULL,NULL,NULL,NULL,NULL,NULL,NULL,NULL,NULL,NULL,NULL,NULL,NULL,NULL,NULL,NULL,NULL,NULL,NULL,NULL,NULL,NULL,NULL,NULL,NULL,NULL,NULL,NULL,NULL,NULL,NULL,NULL,NULL,NULL,NULL,NULL,NULL,NULL,'0',NULL,'2018-01-15 20:34:02',NULL,'2018-01-15 20:34:02',NULL),('4690b3fb966b40048f5193eadb549269','S217020000002','2','织一区域','C00_B1_B108','B1厂房',NULL,1,'201802','2018-02-02','09:00:00','09:00:00',NULL,NULL,9,NULL,NULL,NULL,NULL,NULL,NULL,NULL,NULL,NULL,NULL,NULL,NULL,NULL,NULL,NULL,NULL,NULL,NULL,NULL,NULL,NULL,NULL,NULL,NULL,NULL,NULL,NULL,NULL,NULL,NULL,NULL,NULL,NULL,NULL,NULL,NULL,NULL,NULL,NULL,NULL,NULL,NULL,NULL,NULL,NULL,NULL,NULL,NULL,NULL,NULL,NULL,NULL,NULL,NULL,NULL,NULL,NULL,NULL,NULL,NULL,NULL,NULL,NULL,NULL,NULL,NULL,'0',NULL,'2018-03-28 09:58:00',NULL,'2018-03-28 09:58:00',NULL),('46e7efdcad2d45efae3c8efce6253b39','S217020000002','2','织一区域','C00_B1_B108','B1厂房',NULL,1,'201802','2018-02-21','09:00:00','09:00:00',NULL,NULL,9,NULL,NULL,NULL,NULL,NULL,NULL,NULL,NULL,NULL,NULL,NULL,NULL,NULL,NULL,NULL,NULL,NULL,NULL,NULL,NULL,NULL,NULL,NULL,NULL,NULL,NULL,NULL,NULL,NULL,NULL,NULL,NULL,NULL,NULL,NULL,NULL,NULL,NULL,NULL,NULL,NULL,NULL,NULL,NULL,NULL,NULL,NULL,NULL,NULL,NULL,NULL,NULL,NULL,NULL,NULL,NULL,NULL,NULL,NULL,NULL,NULL,NULL,NULL,NULL,NULL,NULL,'0',NULL,'2018-03-28 09:58:01',NULL,'2018-03-28 09:58:01',NULL),('481d91e90d70497fa12fef8e71a90f60','S217020000001','2','恒盛分公司_B1厂房_络筒间','C00_B1_B105',NULL,NULL,1,'201801','2018-01-04','06:00:00','12:00:00',NULL,NULL,0.8,NULL,NULL,'12:00:00','19:00:00',NULL,NULL,1.5,NULL,NULL,'19:00:00','22:00:00',NULL,NULL,0.9,NULL,NULL,'22:00:00','06:00:00',NULL,NULL,0.5,NULL,NULL,NULL,NULL,NULL,NULL,NULL,NULL,NULL,NULL,NULL,NULL,NULL,NULL,NULL,NULL,NULL,NULL,NULL,NULL,NULL,NULL,NULL,NULL,NULL,NULL,NULL,NULL,NULL,NULL,NULL,NULL,NULL,NULL,NULL,NULL,NULL,NULL,NULL,NULL,NULL,NULL,NULL,NULL,NULL,'0',NULL,'2018-01-15 20:34:02',NULL,'2018-01-15 20:34:02',NULL),('48cd9616a43740e9a1bfa720185101f4','S217020000001','2','恒盛分公司_B1厂房_络筒间','C00_B1_B105',NULL,NULL,1,'201712','2017-12-30','00:00:00','18:00:00',NULL,NULL,0.36,NULL,NULL,'18:00:00','21:00:00',NULL,NULL,0.9,NULL,NULL,'21:00:00','00:00:00',NULL,NULL,0.36,NULL,NULL,NULL,NULL,NULL,NULL,NULL,NULL,NULL,NULL,NULL,NULL,NULL,NULL,NULL,NULL,NULL,NULL,NULL,NULL,NULL,NULL,NULL,NULL,NULL,NULL,NULL,NULL,NULL,NULL,NULL,NULL,NULL,NULL,NULL,NULL,NULL,NULL,NULL,NULL,NULL,NULL,NULL,NULL,NULL,NULL,NULL,NULL,NULL,NULL,NULL,NULL,'0',NULL,'2018-01-15 20:34:02',NULL,'2018-01-15 20:34:02',NULL),('4bc997c155c8433ba70da49a92761320','S217020000001','2','恒盛分公司_B1厂房_络筒间','C00_B1_B105',NULL,NULL,1,'201801','2018-01-25','06:00:00','12:00:00',NULL,NULL,0.8,NULL,NULL,'12:00:00','19:00:00',NULL,NULL,1.5,NULL,NULL,'19:00:00','22:00:00',NULL,NULL,0.9,NULL,NULL,'22:00:00','06:00:00',NULL,NULL,0.5,NULL,NULL,NULL,NULL,NULL,NULL,NULL,NULL,NULL,NULL,NULL,NULL,NULL,NULL,NULL,NULL,NULL,NULL,NULL,NULL,NULL,NULL,NULL,NULL,NULL,NULL,NULL,NULL,NULL,NULL,NULL,NULL,NULL,NULL,NULL,NULL,NULL,NULL,NULL,NULL,NULL,NULL,NULL,NULL,NULL,'0',NULL,'2018-01-15 20:34:03',NULL,'2018-01-15 20:34:03',NULL),('4c54efaaeb404e76abdc14bee0129f44','S217020000001','2','恒盛分公司_B1厂房_络筒间','C00_B1_B105',NULL,NULL,1,'201711','2017-11-30','06:00:00','08:00:00',NULL,NULL,0.36,NULL,NULL,'08:00:00','11:00:00',NULL,NULL,0.9,NULL,NULL,'11:00:00','16:00:00',NULL,NULL,0.36,NULL,NULL,'16:00:00','21:00:00',NULL,NULL,0.9,NULL,NULL,'21:00:00','22:00:00',NULL,NULL,0.36,NULL,NULL,'22:00:00','06:00:00',NULL,NULL,0.36,NULL,NULL,NULL,NULL,NULL,NULL,NULL,NULL,NULL,NULL,NULL,NULL,NULL,NULL,NULL,NULL,NULL,NULL,NULL,NULL,NULL,NULL,NULL,NULL,NULL,NULL,NULL,NULL,NULL,NULL,NULL,'0',NULL,'2018-01-15 20:34:01',NULL,'2018-01-15 20:34:01',NULL),('4d5b42b7efaf4750ad5a42908b68540e','S217020000001','2','恒盛分公司_B1厂房_络筒间','C00_B1_B105',NULL,NULL,1,'201711','2017-11-24','06:00:00','08:00:00',NULL,NULL,0.36,NULL,NULL,'08:00:00','11:00:00',NULL,NULL,0.9,NULL,NULL,'11:00:00','16:00:00',NULL,NULL,0.36,NULL,NULL,'16:00:00','21:00:00',NULL,NULL,0.9,NULL,NULL,'21:00:00','22:00:00',NULL,NULL,0.36,NULL,NULL,'22:00:00','06:00:00',NULL,NULL,0.36,NULL,NULL,NULL,NULL,NULL,NULL,NULL,NULL,NULL,NULL,NULL,NULL,NULL,NULL,NULL,NULL,NULL,NULL,NULL,NULL,NULL,NULL,NULL,NULL,NULL,NULL,NULL,NULL,NULL,NULL,NULL,'0',NULL,'2018-01-15 20:34:01',NULL,'2018-01-15 20:34:01',NULL),('4d8f54fce9d44fb5b0f4c4a668786e9e','S217020000001','2','恒盛分公司_B1厂房_络筒间','C00_B1_B105',NULL,NULL,1,'201801','2018-01-12','06:00:00','12:00:00',NULL,NULL,0.8,NULL,NULL,'12:00:00','19:00:00',NULL,NULL,1.5,NULL,NULL,'19:00:00','22:00:00',NULL,NULL,0.9,NULL,NULL,'22:00:00','06:00:00',NULL,NULL,0.5,NULL,NULL,NULL,NULL,NULL,NULL,NULL,NULL,NULL,NULL,NULL,NULL,NULL,NULL,NULL,NULL,NULL,NULL,NULL,NULL,NULL,NULL,NULL,NULL,NULL,NULL,NULL,NULL,NULL,NULL,NULL,NULL,NULL,NULL,NULL,NULL,NULL,NULL,NULL,NULL,NULL,NULL,NULL,NULL,NULL,'0',NULL,'2018-01-15 20:34:03',NULL,'2018-01-15 20:34:03',NULL),('518a016f6b7a4f94be1c3e57b20ec8c9','S217020000001','2','络筒间','C00_B1_B105','B1厂房',NULL,1,'201802','2018-02-07','09:00:00','09:00:00',NULL,NULL,9,NULL,NULL,NULL,NULL,NULL,NULL,NULL,NULL,NULL,NULL,NULL,NULL,NULL,NULL,NULL,NULL,NULL,NULL,NULL,NULL,NULL,NULL,NULL,NULL,NULL,NULL,NULL,NULL,NULL,NULL,NULL,NULL,NULL,NULL,NULL,NULL,NULL,NULL,NULL,NULL,NULL,NULL,NULL,NULL,NULL,NULL,NULL,NULL,NULL,NULL,NULL,NULL,NULL,NULL,NULL,NULL,NULL,NULL,NULL,NULL,NULL,NULL,NULL,NULL,NULL,NULL,'0',NULL,'2018-03-28 09:58:00',NULL,'2018-03-28 09:58:00',NULL),('527d6ca543d7489495ee89be8e4f347d','S217020000001','2','络筒间','C00_B1_B105','B1厂房',NULL,1,'201802','2018-02-12','09:00:00','09:00:00',NULL,NULL,9,NULL,NULL,NULL,NULL,NULL,NULL,NULL,NULL,NULL,NULL,NULL,NULL,NULL,NULL,NULL,NULL,NULL,NULL,NULL,NULL,NULL,NULL,NULL,NULL,NULL,NULL,NULL,NULL,NULL,NULL,NULL,NULL,NULL,NULL,NULL,NULL,NULL,NULL,NULL,NULL,NULL,NULL,NULL,NULL,NULL,NULL,NULL,NULL,NULL,NULL,NULL,NULL,NULL,NULL,NULL,NULL,NULL,NULL,NULL,NULL,NULL,NULL,NULL,NULL,NULL,NULL,'0',NULL,'2018-03-28 09:58:00',NULL,'2018-03-28 09:58:00',NULL),('538e7997576743dcaad1a32afc57661f','S217020000002','2','织一区域','C00_B1_B108','B1厂房',NULL,1,'201802','2018-02-16','09:00:00','09:00:00',NULL,NULL,9,NULL,NULL,NULL,NULL,NULL,NULL,NULL,NULL,NULL,NULL,NULL,NULL,NULL,NULL,NULL,NULL,NULL,NULL,NULL,NULL,NULL,NULL,NULL,NULL,NULL,NULL,NULL,NULL,NULL,NULL,NULL,NULL,NULL,NULL,NULL,NULL,NULL,NULL,NULL,NULL,NULL,NULL,NULL,NULL,NULL,NULL,NULL,NULL,NULL,NULL,NULL,NULL,NULL,NULL,NULL,NULL,NULL,NULL,NULL,NULL,NULL,NULL,NULL,NULL,NULL,NULL,'0',NULL,'2018-03-28 09:58:01',NULL,'2018-03-28 09:58:01',NULL),('563ae53c9682429cb40a4883d25a454d','S217020000001','2','络筒间','C00_B1_B105','B1厂房',NULL,1,'201802','2018-02-15','09:00:00','09:00:00',NULL,NULL,9,NULL,NULL,NULL,NULL,NULL,NULL,NULL,NULL,NULL,NULL,NULL,NULL,NULL,NULL,NULL,NULL,NULL,NULL,NULL,NULL,NULL,NULL,NULL,NULL,NULL,NULL,NULL,NULL,NULL,NULL,NULL,NULL,NULL,NULL,NULL,NULL,NULL,NULL,NULL,NULL,NULL,NULL,NULL,NULL,NULL,NULL,NULL,NULL,NULL,NULL,NULL,NULL,NULL,NULL,NULL,NULL,NULL,NULL,NULL,NULL,NULL,NULL,NULL,NULL,NULL,NULL,'0',NULL,'2018-03-28 09:58:00',NULL,'2018-03-28 09:58:00',NULL),('58ba1dd37615467e9b99f54fbf8e8016','S217020000001','2','恒盛分公司_B1厂房_络筒间','C00_B1_B105',NULL,NULL,1,'201801','2018-01-07','06:00:00','12:00:00',NULL,NULL,0.8,NULL,NULL,'12:00:00','19:00:00',NULL,NULL,1.5,NULL,NULL,'19:00:00','22:00:00',NULL,NULL,0.9,NULL,NULL,'22:00:00','06:00:00',NULL,NULL,0.5,NULL,NULL,NULL,NULL,NULL,NULL,NULL,NULL,NULL,NULL,NULL,NULL,NULL,NULL,NULL,NULL,NULL,NULL,NULL,NULL,NULL,NULL,NULL,NULL,NULL,NULL,NULL,NULL,NULL,NULL,NULL,NULL,NULL,NULL,NULL,NULL,NULL,NULL,NULL,NULL,NULL,NULL,NULL,NULL,NULL,'0',NULL,'2018-01-15 20:34:02',NULL,'2018-01-15 20:34:02',NULL),('58d83af36e1e475d8fe5572949e8b07e','S217020000001','2','恒盛分公司_B1厂房_络筒间','C00_B1_B105',NULL,NULL,1,'201712','2017-12-05','00:00:00','18:00:00',NULL,NULL,0.36,NULL,NULL,'18:00:00','21:00:00',NULL,NULL,0.9,NULL,NULL,'21:00:00','00:00:00',NULL,NULL,0.36,NULL,NULL,NULL,NULL,NULL,NULL,NULL,NULL,NULL,NULL,NULL,NULL,NULL,NULL,NULL,NULL,NULL,NULL,NULL,NULL,NULL,NULL,NULL,NULL,NULL,NULL,NULL,NULL,NULL,NULL,NULL,NULL,NULL,NULL,NULL,NULL,NULL,NULL,NULL,NULL,NULL,NULL,NULL,NULL,NULL,NULL,NULL,NULL,NULL,NULL,NULL,NULL,'0',NULL,'2018-01-15 20:34:01',NULL,'2018-01-15 20:34:01',NULL),('59491efd076e4f15a7ddecd120680db7','S217020000001','2','恒盛分公司_B1厂房_络筒间','C00_B1_B105',NULL,NULL,1,'201712','2017-12-08','00:00:00','18:00:00',NULL,NULL,0.36,NULL,NULL,'18:00:00','21:00:00',NULL,NULL,0.9,NULL,NULL,'21:00:00','00:00:00',NULL,NULL,0.36,NULL,NULL,NULL,NULL,NULL,NULL,NULL,NULL,NULL,NULL,NULL,NULL,NULL,NULL,NULL,NULL,NULL,NULL,NULL,NULL,NULL,NULL,NULL,NULL,NULL,NULL,NULL,NULL,NULL,NULL,NULL,NULL,NULL,NULL,NULL,NULL,NULL,NULL,NULL,NULL,NULL,NULL,NULL,NULL,NULL,NULL,NULL,NULL,NULL,NULL,NULL,NULL,'0',NULL,'2018-01-15 20:34:02',NULL,'2018-01-15 20:34:02',NULL),('5d02c3c503174f20a03ba1a1f303b620','S217020000001','2','恒盛分公司_B1厂房_络筒间','C00_B1_B105',NULL,NULL,1,'201711','2017-11-28','06:00:00','08:00:00',NULL,NULL,0.36,NULL,NULL,'08:00:00','11:00:00',NULL,NULL,0.9,NULL,NULL,'11:00:00','16:00:00',NULL,NULL,0.36,NULL,NULL,'16:00:00','21:00:00',NULL,NULL,0.9,NULL,NULL,'21:00:00','22:00:00',NULL,NULL,0.36,NULL,NULL,'22:00:00','06:00:00',NULL,NULL,0.36,NULL,NULL,NULL,NULL,NULL,NULL,NULL,NULL,NULL,NULL,NULL,NULL,NULL,NULL,NULL,NULL,NULL,NULL,NULL,NULL,NULL,NULL,NULL,NULL,NULL,NULL,NULL,NULL,NULL,NULL,NULL,'0',NULL,'2018-01-15 20:34:01',NULL,'2018-01-15 20:34:01',NULL),('5da9479e560943e69fb4fb9500166760','S217020000002','2','织一区域','C00_B1_B108','B1厂房',NULL,1,'201802','2018-02-20','09:00:00','09:00:00',NULL,NULL,9,NULL,NULL,NULL,NULL,NULL,NULL,NULL,NULL,NULL,NULL,NULL,NULL,NULL,NULL,NULL,NULL,NULL,NULL,NULL,NULL,NULL,NULL,NULL,NULL,NULL,NULL,NULL,NULL,NULL,NULL,NULL,NULL,NULL,NULL,NULL,NULL,NULL,NULL,NULL,NULL,NULL,NULL,NULL,NULL,NULL,NULL,NULL,NULL,NULL,NULL,NULL,NULL,NULL,NULL,NULL,NULL,NULL,NULL,NULL,NULL,NULL,NULL,NULL,NULL,NULL,NULL,'0',NULL,'2018-03-28 09:58:01',NULL,'2018-03-28 09:58:01',NULL),('60723549b3074ae4a28e523d257d174d','S217020000002','2','织一区域','C00_B1_B108','B1厂房',NULL,1,'201802','2018-02-27','09:00:00','09:00:00',NULL,NULL,9,NULL,NULL,NULL,NULL,NULL,NULL,NULL,NULL,NULL,NULL,NULL,NULL,NULL,NULL,NULL,NULL,NULL,NULL,NULL,NULL,NULL,NULL,NULL,NULL,NULL,NULL,NULL,NULL,NULL,NULL,NULL,NULL,NULL,NULL,NULL,NULL,NULL,NULL,NULL,NULL,NULL,NULL,NULL,NULL,NULL,NULL,NULL,NULL,NULL,NULL,NULL,NULL,NULL,NULL,NULL,NULL,NULL,NULL,NULL,NULL,NULL,NULL,NULL,NULL,NULL,NULL,'0',NULL,'2018-03-28 09:58:01',NULL,'2018-03-28 09:58:01',NULL),('65629910c59543b5a82396d3ed95632a','S217020000001','2','恒盛分公司_B1厂房_络筒间','C00_B1_B105',NULL,NULL,1,'201712','2017-12-09','00:00:00','18:00:00',NULL,NULL,0.36,NULL,NULL,'18:00:00','21:00:00',NULL,NULL,0.9,NULL,NULL,'21:00:00','00:00:00',NULL,NULL,0.36,NULL,NULL,NULL,NULL,NULL,NULL,NULL,NULL,NULL,NULL,NULL,NULL,NULL,NULL,NULL,NULL,NULL,NULL,NULL,NULL,NULL,NULL,NULL,NULL,NULL,NULL,NULL,NULL,NULL,NULL,NULL,NULL,NULL,NULL,NULL,NULL,NULL,NULL,NULL,NULL,NULL,NULL,NULL,NULL,NULL,NULL,NULL,NULL,NULL,NULL,NULL,NULL,'0',NULL,'2018-01-15 20:34:02',NULL,'2018-01-15 20:34:02',NULL),('65bab6ddc5df4a7f9139998e6e3695ae','S217020000001','2','恒盛分公司_B1厂房_络筒间','C00_B1_B105',NULL,NULL,1,'201801','2018-01-27','06:00:00','12:00:00',NULL,NULL,0.8,NULL,NULL,'12:00:00','19:00:00',NULL,NULL,1.5,NULL,NULL,'19:00:00','22:00:00',NULL,NULL,0.9,NULL,NULL,'22:00:00','06:00:00',NULL,NULL,0.5,NULL,NULL,NULL,NULL,NULL,NULL,NULL,NULL,NULL,NULL,NULL,NULL,NULL,NULL,NULL,NULL,NULL,NULL,NULL,NULL,NULL,NULL,NULL,NULL,NULL,NULL,NULL,NULL,NULL,NULL,NULL,NULL,NULL,NULL,NULL,NULL,NULL,NULL,NULL,NULL,NULL,NULL,NULL,NULL,NULL,'0',NULL,'2018-01-15 20:34:03',NULL,'2018-01-15 20:34:03',NULL),('66c6b150ba024d7baf79da08af5e2fac','S217020000001','2','恒盛分公司_B1厂房_络筒间','C00_B1_B105',NULL,NULL,1,'201711','2017-11-10','06:00:00','08:00:00',NULL,NULL,0.36,NULL,NULL,'08:00:00','11:00:00',NULL,NULL,0.9,NULL,NULL,'11:00:00','16:00:00',NULL,NULL,0.36,NULL,NULL,'16:00:00','21:00:00',NULL,NULL,0.9,NULL,NULL,'21:00:00','22:00:00',NULL,NULL,0.36,NULL,NULL,'22:00:00','06:00:00',NULL,NULL,0.36,NULL,NULL,NULL,NULL,NULL,NULL,NULL,NULL,NULL,NULL,NULL,NULL,NULL,NULL,NULL,NULL,NULL,NULL,NULL,NULL,NULL,NULL,NULL,NULL,NULL,NULL,NULL,NULL,NULL,NULL,NULL,'0',NULL,'2018-01-15 20:34:01',NULL,'2018-01-15 20:34:01',NULL),('6867cb664a724d148ea0c9377419b326','S217020000001','2','络筒间','C00_B1_B105','B1厂房',NULL,1,'201802','2018-02-21','09:00:00','09:00:00',NULL,NULL,9,NULL,NULL,NULL,NULL,NULL,NULL,NULL,NULL,NULL,NULL,NULL,NULL,NULL,NULL,NULL,NULL,NULL,NULL,NULL,NULL,NULL,NULL,NULL,NULL,NULL,NULL,NULL,NULL,NULL,NULL,NULL,NULL,NULL,NULL,NULL,NULL,NULL,NULL,NULL,NULL,NULL,NULL,NULL,NULL,NULL,NULL,NULL,NULL,NULL,NULL,NULL,NULL,NULL,NULL,NULL,NULL,NULL,NULL,NULL,NULL,NULL,NULL,NULL,NULL,NULL,NULL,'0',NULL,'2018-03-28 09:58:00',NULL,'2018-03-28 09:58:00',NULL),('68e5dd2b0958406db80039f654d68126','S217020000001','2','恒盛分公司_B1厂房_络筒间','C00_B1_B105',NULL,NULL,1,'201712','2017-12-16','00:00:00','18:00:00',NULL,NULL,0.36,NULL,NULL,'18:00:00','21:00:00',NULL,NULL,0.9,NULL,NULL,'21:00:00','00:00:00',NULL,NULL,0.36,NULL,NULL,NULL,NULL,NULL,NULL,NULL,NULL,NULL,NULL,NULL,NULL,NULL,NULL,NULL,NULL,NULL,NULL,NULL,NULL,NULL,NULL,NULL,NULL,NULL,NULL,NULL,NULL,NULL,NULL,NULL,NULL,NULL,NULL,NULL,NULL,NULL,NULL,NULL,NULL,NULL,NULL,NULL,NULL,NULL,NULL,NULL,NULL,NULL,NULL,NULL,NULL,'0',NULL,'2018-01-15 20:34:02',NULL,'2018-01-15 20:34:02',NULL),('6b7a79c4f0a54ab89d27c020fcc54785','S217020000002','2','织一区域','C00_B1_B108','B1厂房',NULL,1,'201802','2018-02-12','09:00:00','09:00:00',NULL,NULL,9,NULL,NULL,NULL,NULL,NULL,NULL,NULL,NULL,NULL,NULL,NULL,NULL,NULL,NULL,NULL,NULL,NULL,NULL,NULL,NULL,NULL,NULL,NULL,NULL,NULL,NULL,NULL,NULL,NULL,NULL,NULL,NULL,NULL,NULL,NULL,NULL,NULL,NULL,NULL,NULL,NULL,NULL,NULL,NULL,NULL,NULL,NULL,NULL,NULL,NULL,NULL,NULL,NULL,NULL,NULL,NULL,NULL,NULL,NULL,NULL,NULL,NULL,NULL,NULL,NULL,NULL,'0',NULL,'2018-03-28 09:58:01',NULL,'2018-03-28 09:58:01',NULL),('72ecb4b98f604e47a9fdf0cb67f420cd','S217020000001','2','恒盛分公司_B1厂房_络筒间','C00_B1_B105',NULL,NULL,1,'201712','2017-12-18','00:00:00','18:00:00',NULL,NULL,0.36,NULL,NULL,'18:00:00','21:00:00',NULL,NULL,0.9,NULL,NULL,'21:00:00','00:00:00',NULL,NULL,0.36,NULL,NULL,NULL,NULL,NULL,NULL,NULL,NULL,NULL,NULL,NULL,NULL,NULL,NULL,NULL,NULL,NULL,NULL,NULL,NULL,NULL,NULL,NULL,NULL,NULL,NULL,NULL,NULL,NULL,NULL,NULL,NULL,NULL,NULL,NULL,NULL,NULL,NULL,NULL,NULL,NULL,NULL,NULL,NULL,NULL,NULL,NULL,NULL,NULL,NULL,NULL,NULL,'0',NULL,'2018-01-15 20:34:02',NULL,'2018-01-15 20:34:02',NULL),('737ff4c66f5e4d8fa82be68d6657f586','S217020000002','2','织一区域','C00_B1_B108','B1厂房',NULL,1,'201802','2018-02-24','09:00:00','09:00:00',NULL,NULL,9,NULL,NULL,NULL,NULL,NULL,NULL,NULL,NULL,NULL,NULL,NULL,NULL,NULL,NULL,NULL,NULL,NULL,NULL,NULL,NULL,NULL,NULL,NULL,NULL,NULL,NULL,NULL,NULL,NULL,NULL,NULL,NULL,NULL,NULL,NULL,NULL,NULL,NULL,NULL,NULL,NULL,NULL,NULL,NULL,NULL,NULL,NULL,NULL,NULL,NULL,NULL,NULL,NULL,NULL,NULL,NULL,NULL,NULL,NULL,NULL,NULL,NULL,NULL,NULL,NULL,NULL,'0',NULL,'2018-03-28 09:58:01',NULL,'2018-03-28 09:58:01',NULL),('74767b8dd14c41d99b0586ed04b058f7','S217020000001','2','恒盛分公司_B1厂房_络筒间','C00_B1_B105',NULL,NULL,1,'201801','2018-01-11','06:00:00','12:00:00',NULL,NULL,0.8,NULL,NULL,'12:00:00','19:00:00',NULL,NULL,1.5,NULL,NULL,'19:00:00','22:00:00',NULL,NULL,0.9,NULL,NULL,'22:00:00','06:00:00',NULL,NULL,0.5,NULL,NULL,NULL,NULL,NULL,NULL,NULL,NULL,NULL,NULL,NULL,NULL,NULL,NULL,NULL,NULL,NULL,NULL,NULL,NULL,NULL,NULL,NULL,NULL,NULL,NULL,NULL,NULL,NULL,NULL,NULL,NULL,NULL,NULL,NULL,NULL,NULL,NULL,NULL,NULL,NULL,NULL,NULL,NULL,NULL,'0',NULL,'2018-01-15 20:34:02',NULL,'2018-01-15 20:34:02',NULL),('78454fe70e504700b92f2521032741d1','S217020000002','2','织一区域','C00_B1_B108','B1厂房',NULL,1,'201802','2018-02-17','09:00:00','09:00:00',NULL,NULL,9,NULL,NULL,NULL,NULL,NULL,NULL,NULL,NULL,NULL,NULL,NULL,NULL,NULL,NULL,NULL,NULL,NULL,NULL,NULL,NULL,NULL,NULL,NULL,NULL,NULL,NULL,NULL,NULL,NULL,NULL,NULL,NULL,NULL,NULL,NULL,NULL,NULL,NULL,NULL,NULL,NULL,NULL,NULL,NULL,NULL,NULL,NULL,NULL,NULL,NULL,NULL,NULL,NULL,NULL,NULL,NULL,NULL,NULL,NULL,NULL,NULL,NULL,NULL,NULL,NULL,NULL,'0',NULL,'2018-03-28 09:58:01',NULL,'2018-03-28 09:58:01',NULL),('79163e8b326d46378ca0ec81c8d84c4e','S217020000001','2','恒盛分公司_B1厂房_络筒间','C00_B1_B105',NULL,NULL,1,'201712','2017-12-31','00:00:00','18:00:00',NULL,NULL,0.36,NULL,NULL,'18:00:00','21:00:00',NULL,NULL,0.9,NULL,NULL,'21:00:00','00:00:00',NULL,NULL,0.36,NULL,NULL,NULL,NULL,NULL,NULL,NULL,NULL,NULL,NULL,NULL,NULL,NULL,NULL,NULL,NULL,NULL,NULL,NULL,NULL,NULL,NULL,NULL,NULL,NULL,NULL,NULL,NULL,NULL,NULL,NULL,NULL,NULL,NULL,NULL,NULL,NULL,NULL,NULL,NULL,NULL,NULL,NULL,NULL,NULL,NULL,NULL,NULL,NULL,NULL,NULL,NULL,'0',NULL,'2018-01-15 20:34:02',NULL,'2018-01-15 20:34:02',NULL),('7a45ee199640421a93d3fdd4395f89c3','S217020000001','2','恒盛分公司_B1厂房_络筒间','C00_B1_B105',NULL,NULL,1,'201711','2017-11-11','06:00:00','08:00:00',NULL,NULL,0.36,NULL,NULL,'08:00:00','11:00:00',NULL,NULL,0.9,NULL,NULL,'11:00:00','16:00:00',NULL,NULL,0.36,NULL,NULL,'16:00:00','21:00:00',NULL,NULL,0.9,NULL,NULL,'21:00:00','22:00:00',NULL,NULL,0.36,NULL,NULL,'22:00:00','06:00:00',NULL,NULL,0.36,NULL,NULL,NULL,NULL,NULL,NULL,NULL,NULL,NULL,NULL,NULL,NULL,NULL,NULL,NULL,NULL,NULL,NULL,NULL,NULL,NULL,NULL,NULL,NULL,NULL,NULL,NULL,NULL,NULL,NULL,NULL,'0',NULL,'2018-01-15 20:34:01',NULL,'2018-01-15 20:34:01',NULL),('7f396cceab6a486fb736223f8db8a53f','S217020000001','2','恒盛分公司_B1厂房_络筒间','C00_B1_B105',NULL,NULL,1,'201711','2017-11-14','06:00:00','08:00:00',NULL,NULL,0.36,NULL,NULL,'08:00:00','11:00:00',NULL,NULL,0.9,NULL,NULL,'11:00:00','16:00:00',NULL,NULL,0.36,NULL,NULL,'16:00:00','21:00:00',NULL,NULL,0.9,NULL,NULL,'21:00:00','22:00:00',NULL,NULL,0.36,NULL,NULL,'22:00:00','06:00:00',NULL,NULL,0.36,NULL,NULL,NULL,NULL,NULL,NULL,NULL,NULL,NULL,NULL,NULL,NULL,NULL,NULL,NULL,NULL,NULL,NULL,NULL,NULL,NULL,NULL,NULL,NULL,NULL,NULL,NULL,NULL,NULL,NULL,NULL,'0',NULL,'2018-01-15 20:34:01',NULL,'2018-01-15 20:34:01',NULL),('7fb69fd2805d412390c9b3ea974e481c','S217020000001','2','恒盛分公司_B1厂房_络筒间','C00_B1_B105',NULL,NULL,1,'201801','2018-01-06','06:00:00','12:00:00',NULL,NULL,0.8,NULL,NULL,'12:00:00','19:00:00',NULL,NULL,1.5,NULL,NULL,'19:00:00','22:00:00',NULL,NULL,0.9,NULL,NULL,'22:00:00','06:00:00',NULL,NULL,0.5,NULL,NULL,NULL,NULL,NULL,NULL,NULL,NULL,NULL,NULL,NULL,NULL,NULL,NULL,NULL,NULL,NULL,NULL,NULL,NULL,NULL,NULL,NULL,NULL,NULL,NULL,NULL,NULL,NULL,NULL,NULL,NULL,NULL,NULL,NULL,NULL,NULL,NULL,NULL,NULL,NULL,NULL,NULL,NULL,NULL,'0',NULL,'2018-01-15 20:34:02',NULL,'2018-01-15 20:34:02',NULL),('80e94492f90b4c0fa4b38e50715054ce','S217020000001','2','恒盛分公司_B1厂房_络筒间','C00_B1_B105',NULL,NULL,1,'201711','2017-11-02','06:00:00','08:00:00',NULL,NULL,0.36,NULL,NULL,'08:00:00','11:00:00',NULL,NULL,0.9,NULL,NULL,'11:00:00','16:00:00',NULL,NULL,0.36,NULL,NULL,'16:00:00','21:00:00',NULL,NULL,0.9,NULL,NULL,'21:00:00','22:00:00',NULL,NULL,0.36,NULL,NULL,'22:00:00','06:00:00',NULL,NULL,0.36,NULL,NULL,NULL,NULL,NULL,NULL,NULL,NULL,NULL,NULL,NULL,NULL,NULL,NULL,NULL,NULL,NULL,NULL,NULL,NULL,NULL,NULL,NULL,NULL,NULL,NULL,NULL,NULL,NULL,NULL,NULL,'0',NULL,'2018-01-15 20:34:00',NULL,'2018-01-15 20:34:00',NULL),('81bc07f222b94965aee19c0692b9196d','S217020000001','2','恒盛分公司_B1厂房_络筒间','C00_B1_B105',NULL,NULL,1,'201711','2017-11-25','06:00:00','08:00:00',NULL,NULL,0.36,NULL,NULL,'08:00:00','11:00:00',NULL,NULL,0.9,NULL,NULL,'11:00:00','16:00:00',NULL,NULL,0.36,NULL,NULL,'16:00:00','21:00:00',NULL,NULL,0.9,NULL,NULL,'21:00:00','22:00:00',NULL,NULL,0.36,NULL,NULL,'22:00:00','06:00:00',NULL,NULL,0.36,NULL,NULL,NULL,NULL,NULL,NULL,NULL,NULL,NULL,NULL,NULL,NULL,NULL,NULL,NULL,NULL,NULL,NULL,NULL,NULL,NULL,NULL,NULL,NULL,NULL,NULL,NULL,NULL,NULL,NULL,NULL,'0',NULL,'2018-01-15 20:34:01',NULL,'2018-01-15 20:34:01',NULL),('82b35ad2368d4e5c9975bd41942d6b4b','S217020000001','2','恒盛分公司_B1厂房_络筒间','C00_B1_B105',NULL,NULL,1,'201712','2017-12-20','00:00:00','18:00:00',NULL,NULL,0.36,NULL,NULL,'18:00:00','21:00:00',NULL,NULL,0.9,NULL,NULL,'21:00:00','00:00:00',NULL,NULL,0.36,NULL,NULL,NULL,NULL,NULL,NULL,NULL,NULL,NULL,NULL,NULL,NULL,NULL,NULL,NULL,NULL,NULL,NULL,NULL,NULL,NULL,NULL,NULL,NULL,NULL,NULL,NULL,NULL,NULL,NULL,NULL,NULL,NULL,NULL,NULL,NULL,NULL,NULL,NULL,NULL,NULL,NULL,NULL,NULL,NULL,NULL,NULL,NULL,NULL,NULL,NULL,NULL,'0',NULL,'2018-01-15 20:34:02',NULL,'2018-01-15 20:34:02',NULL),('82d8d90a3ae848fb870b92138551909e','S217020000002','2','织一区域','C00_B1_B108','B1厂房',NULL,1,'201802','2018-02-19','09:00:00','09:00:00',NULL,NULL,9,NULL,NULL,NULL,NULL,NULL,NULL,NULL,NULL,NULL,NULL,NULL,NULL,NULL,NULL,NULL,NULL,NULL,NULL,NULL,NULL,NULL,NULL,NULL,NULL,NULL,NULL,NULL,NULL,NULL,NULL,NULL,NULL,NULL,NULL,NULL,NULL,NULL,NULL,NULL,NULL,NULL,NULL,NULL,NULL,NULL,NULL,NULL,NULL,NULL,NULL,NULL,NULL,NULL,NULL,NULL,NULL,NULL,NULL,NULL,NULL,NULL,NULL,NULL,NULL,NULL,NULL,'0',NULL,'2018-03-28 09:58:01',NULL,'2018-03-28 09:58:01',NULL),('8433f3713c8442d59a9a4eafb0f92203','S217020000001','2','恒盛分公司_B1厂房_络筒间','C00_B1_B105',NULL,NULL,1,'201712','2017-12-24','00:00:00','18:00:00',NULL,NULL,0.36,NULL,NULL,'18:00:00','21:00:00',NULL,NULL,0.9,NULL,NULL,'21:00:00','00:00:00',NULL,NULL,0.36,NULL,NULL,NULL,NULL,NULL,NULL,NULL,NULL,NULL,NULL,NULL,NULL,NULL,NULL,NULL,NULL,NULL,NULL,NULL,NULL,NULL,NULL,NULL,NULL,NULL,NULL,NULL,NULL,NULL,NULL,NULL,NULL,NULL,NULL,NULL,NULL,NULL,NULL,NULL,NULL,NULL,NULL,NULL,NULL,NULL,NULL,NULL,NULL,NULL,NULL,NULL,NULL,'0',NULL,'2018-01-15 20:34:02',NULL,'2018-01-15 20:34:02',NULL),('85a02007575c4e09a8ce692b6a400bd8','S217020000001','2','络筒间','C00_B1_B105','B1厂房',NULL,1,'201802','2018-02-24','09:00:00','09:00:00',NULL,NULL,9,NULL,NULL,NULL,NULL,NULL,NULL,NULL,NULL,NULL,NULL,NULL,NULL,NULL,NULL,NULL,NULL,NULL,NULL,NULL,NULL,NULL,NULL,NULL,NULL,NULL,NULL,NULL,NULL,NULL,NULL,NULL,NULL,NULL,NULL,NULL,NULL,NULL,NULL,NULL,NULL,NULL,NULL,NULL,NULL,NULL,NULL,NULL,NULL,NULL,NULL,NULL,NULL,NULL,NULL,NULL,NULL,NULL,NULL,NULL,NULL,NULL,NULL,NULL,NULL,NULL,NULL,'0',NULL,'2018-03-28 09:58:00',NULL,'2018-03-28 09:58:00',NULL),('866be9a57d3649e49e48a30585c85ac2','S217020000001','2','恒盛分公司_B1厂房_络筒间','C00_B1_B105',NULL,NULL,1,'201711','2017-11-09','06:00:00','08:00:00',NULL,NULL,0.36,NULL,NULL,'08:00:00','11:00:00',NULL,NULL,0.9,NULL,NULL,'11:00:00','16:00:00',NULL,NULL,0.36,NULL,NULL,'16:00:00','21:00:00',NULL,NULL,0.9,NULL,NULL,'21:00:00','22:00:00',NULL,NULL,0.36,NULL,NULL,'22:00:00','06:00:00',NULL,NULL,0.36,NULL,NULL,NULL,NULL,NULL,NULL,NULL,NULL,NULL,NULL,NULL,NULL,NULL,NULL,NULL,NULL,NULL,NULL,NULL,NULL,NULL,NULL,NULL,NULL,NULL,NULL,NULL,NULL,NULL,NULL,NULL,'0',NULL,'2018-01-15 20:34:01',NULL,'2018-01-15 20:34:01',NULL),('8924857d8bd1409ba869cfa52763241b','S217020000001','2','恒盛分公司_B1厂房_络筒间','C00_B1_B105',NULL,NULL,1,'201711','2017-11-12','06:00:00','08:00:00',NULL,NULL,0.36,NULL,NULL,'08:00:00','11:00:00',NULL,NULL,0.9,NULL,NULL,'11:00:00','16:00:00',NULL,NULL,0.36,NULL,NULL,'16:00:00','21:00:00',NULL,NULL,0.9,NULL,NULL,'21:00:00','22:00:00',NULL,NULL,0.36,NULL,NULL,'22:00:00','06:00:00',NULL,NULL,0.36,NULL,NULL,NULL,NULL,NULL,NULL,NULL,NULL,NULL,NULL,NULL,NULL,NULL,NULL,NULL,NULL,NULL,NULL,NULL,NULL,NULL,NULL,NULL,NULL,NULL,NULL,NULL,NULL,NULL,NULL,NULL,'0',NULL,'2018-01-15 20:34:01',NULL,'2018-01-15 20:34:01',NULL),('8993417a65e144bf8d3920b56ca44d5b','S217020000001','2','络筒间','C00_B1_B105','B1厂房',NULL,1,'201802','2018-02-06','09:00:00','09:00:00',NULL,NULL,9,NULL,NULL,NULL,NULL,NULL,NULL,NULL,NULL,NULL,NULL,NULL,NULL,NULL,NULL,NULL,NULL,NULL,NULL,NULL,NULL,NULL,NULL,NULL,NULL,NULL,NULL,NULL,NULL,NULL,NULL,NULL,NULL,NULL,NULL,NULL,NULL,NULL,NULL,NULL,NULL,NULL,NULL,NULL,NULL,NULL,NULL,NULL,NULL,NULL,NULL,NULL,NULL,NULL,NULL,NULL,NULL,NULL,NULL,NULL,NULL,NULL,NULL,NULL,NULL,NULL,NULL,'0',NULL,'2018-03-28 09:58:00',NULL,'2018-03-28 09:58:00',NULL),('8be7136869d54007b09c673b489ebf94','S217020000002','2','织一区域','C00_B1_B108','B1厂房',NULL,1,'201802','2018-02-25','09:00:00','09:00:00',NULL,NULL,9,NULL,NULL,NULL,NULL,NULL,NULL,NULL,NULL,NULL,NULL,NULL,NULL,NULL,NULL,NULL,NULL,NULL,NULL,NULL,NULL,NULL,NULL,NULL,NULL,NULL,NULL,NULL,NULL,NULL,NULL,NULL,NULL,NULL,NULL,NULL,NULL,NULL,NULL,NULL,NULL,NULL,NULL,NULL,NULL,NULL,NULL,NULL,NULL,NULL,NULL,NULL,NULL,NULL,NULL,NULL,NULL,NULL,NULL,NULL,NULL,NULL,NULL,NULL,NULL,NULL,NULL,'0',NULL,'2018-03-28 09:58:01',NULL,'2018-03-28 09:58:01',NULL),('8ef0c4302cad4f03a680fa6661e49949','S217020000001','2','络筒间','C00_B1_B105','B1厂房',NULL,1,'201802','2018-02-03','09:00:00','09:00:00',NULL,NULL,9,NULL,NULL,NULL,NULL,NULL,NULL,NULL,NULL,NULL,NULL,NULL,NULL,NULL,NULL,NULL,NULL,NULL,NULL,NULL,NULL,NULL,NULL,NULL,NULL,NULL,NULL,NULL,NULL,NULL,NULL,NULL,NULL,NULL,NULL,NULL,NULL,NULL,NULL,NULL,NULL,NULL,NULL,NULL,NULL,NULL,NULL,NULL,NULL,NULL,NULL,NULL,NULL,NULL,NULL,NULL,NULL,NULL,NULL,NULL,NULL,NULL,NULL,NULL,NULL,NULL,NULL,'0',NULL,'2018-03-28 09:58:00',NULL,'2018-03-28 09:58:00',NULL),('9358260a2e8243009d90a74dfb191d6c','S217020000001','2','恒盛分公司_B1厂房_络筒间','C00_B1_B105',NULL,NULL,1,'201801','2018-01-22','06:00:00','12:00:00',NULL,NULL,0.8,NULL,NULL,'12:00:00','19:00:00',NULL,NULL,1.5,NULL,NULL,'19:00:00','22:00:00',NULL,NULL,0.9,NULL,NULL,'22:00:00','06:00:00',NULL,NULL,0.5,NULL,NULL,NULL,NULL,NULL,NULL,NULL,NULL,NULL,NULL,NULL,NULL,NULL,NULL,NULL,NULL,NULL,NULL,NULL,NULL,NULL,NULL,NULL,NULL,NULL,NULL,NULL,NULL,NULL,NULL,NULL,NULL,NULL,NULL,NULL,NULL,NULL,NULL,NULL,NULL,NULL,NULL,NULL,NULL,NULL,'0',NULL,'2018-01-15 20:34:03',NULL,'2018-01-15 20:34:03',NULL),('94acf68b4a894bb1ac206921ab7406a8','S217020000001','2','恒盛分公司_B1厂房_络筒间','C00_B1_B105',NULL,NULL,1,'201801','2018-01-24','06:00:00','12:00:00',NULL,NULL,0.8,NULL,NULL,'12:00:00','19:00:00',NULL,NULL,1.5,NULL,NULL,'19:00:00','22:00:00',NULL,NULL,0.9,NULL,NULL,'22:00:00','06:00:00',NULL,NULL,0.5,NULL,NULL,NULL,NULL,NULL,NULL,NULL,NULL,NULL,NULL,NULL,NULL,NULL,NULL,NULL,NULL,NULL,NULL,NULL,NULL,NULL,NULL,NULL,NULL,NULL,NULL,NULL,NULL,NULL,NULL,NULL,NULL,NULL,NULL,NULL,NULL,NULL,NULL,NULL,NULL,NULL,NULL,NULL,NULL,NULL,'0',NULL,'2018-01-15 20:34:03',NULL,'2018-01-15 20:34:03',NULL),('966d580a028f4af3918a55849801a3d6','S217020000001','2','恒盛分公司_B1厂房_络筒间','C00_B1_B105',NULL,NULL,1,'201801','2018-01-01','06:00:00','12:00:00',NULL,NULL,0.8,NULL,NULL,'12:00:00','19:00:00',NULL,NULL,1.5,NULL,NULL,'19:00:00','22:00:00',NULL,NULL,0.9,NULL,NULL,'22:00:00','06:00:00',NULL,NULL,0.5,NULL,NULL,NULL,NULL,NULL,NULL,NULL,NULL,NULL,NULL,NULL,NULL,NULL,NULL,NULL,NULL,NULL,NULL,NULL,NULL,NULL,NULL,NULL,NULL,NULL,NULL,NULL,NULL,NULL,NULL,NULL,NULL,NULL,NULL,NULL,NULL,NULL,NULL,NULL,NULL,NULL,NULL,NULL,NULL,NULL,'0',NULL,'2018-01-15 20:34:02',NULL,'2018-01-15 20:34:02',NULL),('972a9b2bb61742caa340ba84d92c5445','S217020000001','2','恒盛分公司_B1厂房_络筒间','C00_B1_B105',NULL,NULL,1,'201712','2017-12-04','00:00:00','18:00:00',NULL,NULL,0.36,NULL,NULL,'18:00:00','21:00:00',NULL,NULL,0.9,NULL,NULL,'21:00:00','00:00:00',NULL,NULL,0.36,NULL,NULL,NULL,NULL,NULL,NULL,NULL,NULL,NULL,NULL,NULL,NULL,NULL,NULL,NULL,NULL,NULL,NULL,NULL,NULL,NULL,NULL,NULL,NULL,NULL,NULL,NULL,NULL,NULL,NULL,NULL,NULL,NULL,NULL,NULL,NULL,NULL,NULL,NULL,NULL,NULL,NULL,NULL,NULL,NULL,NULL,NULL,NULL,NULL,NULL,NULL,NULL,'0',NULL,'2018-01-15 20:34:01',NULL,'2018-01-15 20:34:01',NULL),('9bfd5bec29e54cb99a42b9fe3b7b7074','S217020000001','2','络筒间','C00_B1_B105','B1厂房',NULL,1,'201802','2018-02-25','09:00:00','09:00:00',NULL,NULL,9,NULL,NULL,NULL,NULL,NULL,NULL,NULL,NULL,NULL,NULL,NULL,NULL,NULL,NULL,NULL,NULL,NULL,NULL,NULL,NULL,NULL,NULL,NULL,NULL,NULL,NULL,NULL,NULL,NULL,NULL,NULL,NULL,NULL,NULL,NULL,NULL,NULL,NULL,NULL,NULL,NULL,NULL,NULL,NULL,NULL,NULL,NULL,NULL,NULL,NULL,NULL,NULL,NULL,NULL,NULL,NULL,NULL,NULL,NULL,NULL,NULL,NULL,NULL,NULL,NULL,NULL,'0',NULL,'2018-03-28 09:58:00',NULL,'2018-03-28 09:58:00',NULL),('9e38e70cd92a4ff19f85a5f804434f4d','S217020000001','2','恒盛分公司_B1厂房_络筒间','C00_B1_B105',NULL,NULL,1,'201711','2017-11-04','06:00:00','08:00:00',NULL,NULL,0.36,NULL,NULL,'08:00:00','11:00:00',NULL,NULL,0.9,NULL,NULL,'11:00:00','16:00:00',NULL,NULL,0.36,NULL,NULL,'16:00:00','21:00:00',NULL,NULL,0.9,NULL,NULL,'21:00:00','22:00:00',NULL,NULL,0.36,NULL,NULL,'22:00:00','06:00:00',NULL,NULL,0.36,NULL,NULL,NULL,NULL,NULL,NULL,NULL,NULL,NULL,NULL,NULL,NULL,NULL,NULL,NULL,NULL,NULL,NULL,NULL,NULL,NULL,NULL,NULL,NULL,NULL,NULL,NULL,NULL,NULL,NULL,NULL,'0',NULL,'2018-01-15 20:34:01',NULL,'2018-01-15 20:34:01',NULL),('9e5096e321e24cb1b29157c72d17fed7','S217020000001','2','恒盛分公司_B1厂房_络筒间','C00_B1_B105',NULL,NULL,1,'201711','2017-11-08','06:00:00','08:00:00',NULL,NULL,0.36,NULL,NULL,'08:00:00','11:00:00',NULL,NULL,0.9,NULL,NULL,'11:00:00','16:00:00',NULL,NULL,0.36,NULL,NULL,'16:00:00','21:00:00',NULL,NULL,0.9,NULL,NULL,'21:00:00','22:00:00',NULL,NULL,0.36,NULL,NULL,'22:00:00','06:00:00',NULL,NULL,0.36,NULL,NULL,NULL,NULL,NULL,NULL,NULL,NULL,NULL,NULL,NULL,NULL,NULL,NULL,NULL,NULL,NULL,NULL,NULL,NULL,NULL,NULL,NULL,NULL,NULL,NULL,NULL,NULL,NULL,NULL,NULL,'0',NULL,'2018-01-15 20:34:01',NULL,'2018-01-15 20:34:01',NULL),('a1588de8c2b24141a4752a8432950e7e','S217020000001','2','恒盛分公司_B1厂房_络筒间','C00_B1_B105',NULL,NULL,1,'201801','2018-01-13','06:00:00','12:00:00',NULL,NULL,0.8,NULL,NULL,'12:00:00','19:00:00',NULL,NULL,1.5,NULL,NULL,'19:00:00','22:00:00',NULL,NULL,0.9,NULL,NULL,'22:00:00','06:00:00',NULL,NULL,0.5,NULL,NULL,NULL,NULL,NULL,NULL,NULL,NULL,NULL,NULL,NULL,NULL,NULL,NULL,NULL,NULL,NULL,NULL,NULL,NULL,NULL,NULL,NULL,NULL,NULL,NULL,NULL,NULL,NULL,NULL,NULL,NULL,NULL,NULL,NULL,NULL,NULL,NULL,NULL,NULL,NULL,NULL,NULL,NULL,NULL,'0',NULL,'2018-01-15 20:34:03',NULL,'2018-01-15 20:34:03',NULL),('a15e51d1ee12458c925fc492fb477905','S217020000001','2','恒盛分公司_B1厂房_络筒间','C00_B1_B105',NULL,NULL,1,'201801','2018-01-21','06:00:00','12:00:00',NULL,NULL,0.8,NULL,NULL,'12:00:00','19:00:00',NULL,NULL,1.5,NULL,NULL,'19:00:00','22:00:00',NULL,NULL,0.9,NULL,NULL,'22:00:00','06:00:00',NULL,NULL,0.5,NULL,NULL,NULL,NULL,NULL,NULL,NULL,NULL,NULL,NULL,NULL,NULL,NULL,NULL,NULL,NULL,NULL,NULL,NULL,NULL,NULL,NULL,NULL,NULL,NULL,NULL,NULL,NULL,NULL,NULL,NULL,NULL,NULL,NULL,NULL,NULL,NULL,NULL,NULL,NULL,NULL,NULL,NULL,NULL,NULL,'0',NULL,'2018-01-15 20:34:03',NULL,'2018-01-15 20:34:03',NULL),('a4f7ac48945849c288357abf50804111','S217020000001','2','恒盛分公司_B1厂房_络筒间','C00_B1_B105',NULL,NULL,1,'201712','2017-12-12','00:00:00','18:00:00',NULL,NULL,0.36,NULL,NULL,'18:00:00','21:00:00',NULL,NULL,0.9,NULL,NULL,'21:00:00','00:00:00',NULL,NULL,0.36,NULL,NULL,NULL,NULL,NULL,NULL,NULL,NULL,NULL,NULL,NULL,NULL,NULL,NULL,NULL,NULL,NULL,NULL,NULL,NULL,NULL,NULL,NULL,NULL,NULL,NULL,NULL,NULL,NULL,NULL,NULL,NULL,NULL,NULL,NULL,NULL,NULL,NULL,NULL,NULL,NULL,NULL,NULL,NULL,NULL,NULL,NULL,NULL,NULL,NULL,NULL,NULL,'0',NULL,'2018-01-15 20:34:02',NULL,'2018-01-15 20:34:02',NULL),('a7d2bb3322524a56bfc593eed2aea0c5','S217020000001','2','恒盛分公司_B1厂房_络筒间','C00_B1_B105',NULL,NULL,1,'201712','2017-12-26','00:00:00','18:00:00',NULL,NULL,0.36,NULL,NULL,'18:00:00','21:00:00',NULL,NULL,0.9,NULL,NULL,'21:00:00','00:00:00',NULL,NULL,0.36,NULL,NULL,NULL,NULL,NULL,NULL,NULL,NULL,NULL,NULL,NULL,NULL,NULL,NULL,NULL,NULL,NULL,NULL,NULL,NULL,NULL,NULL,NULL,NULL,NULL,NULL,NULL,NULL,NULL,NULL,NULL,NULL,NULL,NULL,NULL,NULL,NULL,NULL,NULL,NULL,NULL,NULL,NULL,NULL,NULL,NULL,NULL,NULL,NULL,NULL,NULL,NULL,'0',NULL,'2018-01-15 20:34:02',NULL,'2018-01-15 20:34:02',NULL),('a8e26dc4f21e4275b8c5ee9e9762b473','S217020000001','2','恒盛分公司_B1厂房_络筒间','C00_B1_B105',NULL,NULL,1,'201801','2018-01-20','06:00:00','12:00:00',NULL,NULL,0.8,NULL,NULL,'12:00:00','19:00:00',NULL,NULL,1.5,NULL,NULL,'19:00:00','22:00:00',NULL,NULL,0.9,NULL,NULL,'22:00:00','06:00:00',NULL,NULL,0.5,NULL,NULL,NULL,NULL,NULL,NULL,NULL,NULL,NULL,NULL,NULL,NULL,NULL,NULL,NULL,NULL,NULL,NULL,NULL,NULL,NULL,NULL,NULL,NULL,NULL,NULL,NULL,NULL,NULL,NULL,NULL,NULL,NULL,NULL,NULL,NULL,NULL,NULL,NULL,NULL,NULL,NULL,NULL,NULL,NULL,'0',NULL,'2018-01-15 20:34:03',NULL,'2018-01-15 20:34:03',NULL),('a913597a80fb48bd95727254f7b3a2d6','S217020000001','2','恒盛分公司_B1厂房_络筒间','C00_B1_B105',NULL,NULL,1,'201712','2017-12-25','00:00:00','18:00:00',NULL,NULL,0.36,NULL,NULL,'18:00:00','21:00:00',NULL,NULL,0.9,NULL,NULL,'21:00:00','00:00:00',NULL,NULL,0.36,NULL,NULL,NULL,NULL,NULL,NULL,NULL,NULL,NULL,NULL,NULL,NULL,NULL,NULL,NULL,NULL,NULL,NULL,NULL,NULL,NULL,NULL,NULL,NULL,NULL,NULL,NULL,NULL,NULL,NULL,NULL,NULL,NULL,NULL,NULL,NULL,NULL,NULL,NULL,NULL,NULL,NULL,NULL,NULL,NULL,NULL,NULL,NULL,NULL,NULL,NULL,NULL,'0',NULL,'2018-01-15 20:34:02',NULL,'2018-01-15 20:34:02',NULL),('aa21dc57b64540f1b9ce43c060f4a8bf','S217020000002','2','织一区域','C00_B1_B108','B1厂房',NULL,1,'201802','2018-02-04','09:00:00','09:00:00',NULL,NULL,9,NULL,NULL,NULL,NULL,NULL,NULL,NULL,NULL,NULL,NULL,NULL,NULL,NULL,NULL,NULL,NULL,NULL,NULL,NULL,NULL,NULL,NULL,NULL,NULL,NULL,NULL,NULL,NULL,NULL,NULL,NULL,NULL,NULL,NULL,NULL,NULL,NULL,NULL,NULL,NULL,NULL,NULL,NULL,NULL,NULL,NULL,NULL,NULL,NULL,NULL,NULL,NULL,NULL,NULL,NULL,NULL,NULL,NULL,NULL,NULL,NULL,NULL,NULL,NULL,NULL,NULL,'0',NULL,'2018-03-28 09:58:00',NULL,'2018-03-28 09:58:00',NULL),('aaa5d6005a1545b492e30372e98d8d87','S217020000001','2','恒盛分公司_B1厂房_络筒间','C00_B1_B105',NULL,NULL,1,'201712','2017-12-22','00:00:00','18:00:00',NULL,NULL,0.36,NULL,NULL,'18:00:00','21:00:00',NULL,NULL,0.9,NULL,NULL,'21:00:00','00:00:00',NULL,NULL,0.36,NULL,NULL,NULL,NULL,NULL,NULL,NULL,NULL,NULL,NULL,NULL,NULL,NULL,NULL,NULL,NULL,NULL,NULL,NULL,NULL,NULL,NULL,NULL,NULL,NULL,NULL,NULL,NULL,NULL,NULL,NULL,NULL,NULL,NULL,NULL,NULL,NULL,NULL,NULL,NULL,NULL,NULL,NULL,NULL,NULL,NULL,NULL,NULL,NULL,NULL,NULL,NULL,'0',NULL,'2018-01-15 20:34:02',NULL,'2018-01-15 20:34:02',NULL),('ab5a88082a9b43cea4429a5602aba693','S217020000001','2','恒盛分公司_B1厂房_络筒间','C00_B1_B105',NULL,NULL,1,'201801','2018-01-03','06:00:00','12:00:00',NULL,NULL,0.8,NULL,NULL,'12:00:00','19:00:00',NULL,NULL,1.5,NULL,NULL,'19:00:00','22:00:00',NULL,NULL,0.9,NULL,NULL,'22:00:00','06:00:00',NULL,NULL,0.5,NULL,NULL,NULL,NULL,NULL,NULL,NULL,NULL,NULL,NULL,NULL,NULL,NULL,NULL,NULL,NULL,NULL,NULL,NULL,NULL,NULL,NULL,NULL,NULL,NULL,NULL,NULL,NULL,NULL,NULL,NULL,NULL,NULL,NULL,NULL,NULL,NULL,NULL,NULL,NULL,NULL,NULL,NULL,NULL,NULL,'0',NULL,'2018-01-15 20:34:02',NULL,'2018-01-15 20:34:02',NULL),('ab79667de67b4cd68181a8ab3c5e29a3','S217020000001','2','恒盛分公司_B1厂房_络筒间','C00_B1_B105',NULL,NULL,1,'201711','2017-11-27','06:00:00','08:00:00',NULL,NULL,0.36,NULL,NULL,'08:00:00','11:00:00',NULL,NULL,0.9,NULL,NULL,'11:00:00','16:00:00',NULL,NULL,0.36,NULL,NULL,'16:00:00','21:00:00',NULL,NULL,0.9,NULL,NULL,'21:00:00','22:00:00',NULL,NULL,0.36,NULL,NULL,'22:00:00','06:00:00',NULL,NULL,0.36,NULL,NULL,NULL,NULL,NULL,NULL,NULL,NULL,NULL,NULL,NULL,NULL,NULL,NULL,NULL,NULL,NULL,NULL,NULL,NULL,NULL,NULL,NULL,NULL,NULL,NULL,NULL,NULL,NULL,NULL,NULL,'0',NULL,'2018-01-15 20:34:01',NULL,'2018-01-15 20:34:01',NULL),('adce914dba284a66aa298207069631ef','S217020000001','2','恒盛分公司_B1厂房_络筒间','C00_B1_B105',NULL,NULL,1,'201712','2017-12-01','00:00:00','18:00:00',NULL,NULL,0.36,NULL,NULL,'18:00:00','21:00:00',NULL,NULL,0.9,NULL,NULL,'21:00:00','00:00:00',NULL,NULL,0.36,NULL,NULL,NULL,NULL,NULL,NULL,NULL,NULL,NULL,NULL,NULL,NULL,NULL,NULL,NULL,NULL,NULL,NULL,NULL,NULL,NULL,NULL,NULL,NULL,NULL,NULL,NULL,NULL,NULL,NULL,NULL,NULL,NULL,NULL,NULL,NULL,NULL,NULL,NULL,NULL,NULL,NULL,NULL,NULL,NULL,NULL,NULL,NULL,NULL,NULL,NULL,NULL,'0',NULL,'2018-01-15 20:34:01',NULL,'2018-01-15 20:34:01',NULL),('b0e199a01e2b4c29bc7795911f541f40','S217020000001','2','恒盛分公司_B1厂房_络筒间','C00_B1_B105',NULL,NULL,1,'201801','2018-01-09','06:00:00','12:00:00',NULL,NULL,0.8,NULL,NULL,'12:00:00','19:00:00',NULL,NULL,1.5,NULL,NULL,'19:00:00','22:00:00',NULL,NULL,0.9,NULL,NULL,'22:00:00','06:00:00',NULL,NULL,0.5,NULL,NULL,NULL,NULL,NULL,NULL,NULL,NULL,NULL,NULL,NULL,NULL,NULL,NULL,NULL,NULL,NULL,NULL,NULL,NULL,NULL,NULL,NULL,NULL,NULL,NULL,NULL,NULL,NULL,NULL,NULL,NULL,NULL,NULL,NULL,NULL,NULL,NULL,NULL,NULL,NULL,NULL,NULL,NULL,NULL,'0',NULL,'2018-01-15 20:34:02',NULL,'2018-01-15 20:34:02',NULL),('b439a5c7237a49e68a33c3babaacc19b','S217020000001','2','恒盛分公司_B1厂房_络筒间','C00_B1_B105',NULL,NULL,1,'201711','2017-11-21','06:00:00','08:00:00',NULL,NULL,0.36,NULL,NULL,'08:00:00','11:00:00',NULL,NULL,0.9,NULL,NULL,'11:00:00','16:00:00',NULL,NULL,0.36,NULL,NULL,'16:00:00','21:00:00',NULL,NULL,0.9,NULL,NULL,'21:00:00','22:00:00',NULL,NULL,0.36,NULL,NULL,'22:00:00','06:00:00',NULL,NULL,0.36,NULL,NULL,NULL,NULL,NULL,NULL,NULL,NULL,NULL,NULL,NULL,NULL,NULL,NULL,NULL,NULL,NULL,NULL,NULL,NULL,NULL,NULL,NULL,NULL,NULL,NULL,NULL,NULL,NULL,NULL,NULL,'0',NULL,'2018-01-15 20:34:01',NULL,'2018-01-15 20:34:01',NULL),('b4fb165046bf4bcab1fdd5c939b8457a','S217020000001','2','恒盛分公司_B1厂房_络筒间','C00_B1_B105',NULL,NULL,1,'201712','2017-12-06','00:00:00','18:00:00',NULL,NULL,0.36,NULL,NULL,'18:00:00','21:00:00',NULL,NULL,0.9,NULL,NULL,'21:00:00','00:00:00',NULL,NULL,0.36,NULL,NULL,NULL,NULL,NULL,NULL,NULL,NULL,NULL,NULL,NULL,NULL,NULL,NULL,NULL,NULL,NULL,NULL,NULL,NULL,NULL,NULL,NULL,NULL,NULL,NULL,NULL,NULL,NULL,NULL,NULL,NULL,NULL,NULL,NULL,NULL,NULL,NULL,NULL,NULL,NULL,NULL,NULL,NULL,NULL,NULL,NULL,NULL,NULL,NULL,NULL,NULL,'0',NULL,'2018-01-15 20:34:01',NULL,'2018-01-15 20:34:01',NULL),('b580272aae7a4e919f79330aba90bde7','S217020000001','2','恒盛分公司_B1厂房_络筒间','C00_B1_B105',NULL,NULL,1,'201711','2017-11-17','06:00:00','08:00:00',NULL,NULL,0.36,NULL,NULL,'08:00:00','11:00:00',NULL,NULL,0.9,NULL,NULL,'11:00:00','16:00:00',NULL,NULL,0.36,NULL,NULL,'16:00:00','21:00:00',NULL,NULL,0.9,NULL,NULL,'21:00:00','22:00:00',NULL,NULL,0.36,NULL,NULL,'22:00:00','06:00:00',NULL,NULL,0.36,NULL,NULL,NULL,NULL,NULL,NULL,NULL,NULL,NULL,NULL,NULL,NULL,NULL,NULL,NULL,NULL,NULL,NULL,NULL,NULL,NULL,NULL,NULL,NULL,NULL,NULL,NULL,NULL,NULL,NULL,NULL,'0',NULL,'2018-01-15 20:34:01',NULL,'2018-01-15 20:34:01',NULL),('b670b9dc7f7a4f67bbbf14b9ac7b3edd','S217020000002','2','织一区域','C00_B1_B108','B1厂房',NULL,1,'201802','2018-02-23','09:00:00','09:00:00',NULL,NULL,9,NULL,NULL,NULL,NULL,NULL,NULL,NULL,NULL,NULL,NULL,NULL,NULL,NULL,NULL,NULL,NULL,NULL,NULL,NULL,NULL,NULL,NULL,NULL,NULL,NULL,NULL,NULL,NULL,NULL,NULL,NULL,NULL,NULL,NULL,NULL,NULL,NULL,NULL,NULL,NULL,NULL,NULL,NULL,NULL,NULL,NULL,NULL,NULL,NULL,NULL,NULL,NULL,NULL,NULL,NULL,NULL,NULL,NULL,NULL,NULL,NULL,NULL,NULL,NULL,NULL,NULL,'0',NULL,'2018-03-28 09:58:01',NULL,'2018-03-28 09:58:01',NULL),('b8e919184a1a4225bd5e1bb81c985351','S217020000001','2','恒盛分公司_B1厂房_络筒间','C00_B1_B105',NULL,NULL,1,'201801','2018-01-18','06:00:00','12:00:00',NULL,NULL,0.8,NULL,NULL,'12:00:00','19:00:00',NULL,NULL,1.5,NULL,NULL,'19:00:00','22:00:00',NULL,NULL,0.9,NULL,NULL,'22:00:00','06:00:00',NULL,NULL,0.5,NULL,NULL,NULL,NULL,NULL,NULL,NULL,NULL,NULL,NULL,NULL,NULL,NULL,NULL,NULL,NULL,NULL,NULL,NULL,NULL,NULL,NULL,NULL,NULL,NULL,NULL,NULL,NULL,NULL,NULL,NULL,NULL,NULL,NULL,NULL,NULL,NULL,NULL,NULL,NULL,NULL,NULL,NULL,NULL,NULL,'0',NULL,'2018-01-15 20:34:03',NULL,'2018-01-15 20:34:03',NULL),('ba364985303f45b3bd4419589b676e3b','S217020000001','2','恒盛分公司_B1厂房_络筒间','C00_B1_B105',NULL,NULL,1,'201801','2018-01-05','06:00:00','12:00:00',NULL,NULL,0.8,NULL,NULL,'12:00:00','19:00:00',NULL,NULL,1.5,NULL,NULL,'19:00:00','22:00:00',NULL,NULL,0.9,NULL,NULL,'22:00:00','06:00:00',NULL,NULL,0.5,NULL,NULL,NULL,NULL,NULL,NULL,NULL,NULL,NULL,NULL,NULL,NULL,NULL,NULL,NULL,NULL,NULL,NULL,NULL,NULL,NULL,NULL,NULL,NULL,NULL,NULL,NULL,NULL,NULL,NULL,NULL,NULL,NULL,NULL,NULL,NULL,NULL,NULL,NULL,NULL,NULL,NULL,NULL,NULL,NULL,'0',NULL,'2018-01-15 20:34:02',NULL,'2018-01-15 20:34:02',NULL),('bc193555098f4e72b7f0823faa758b07','S217020000001','2','恒盛分公司_B1厂房_络筒间','C00_B1_B105',NULL,NULL,1,'201712','2017-12-17','00:00:00','18:00:00',NULL,NULL,0.36,NULL,NULL,'18:00:00','21:00:00',NULL,NULL,0.9,NULL,NULL,'21:00:00','00:00:00',NULL,NULL,0.36,NULL,NULL,NULL,NULL,NULL,NULL,NULL,NULL,NULL,NULL,NULL,NULL,NULL,NULL,NULL,NULL,NULL,NULL,NULL,NULL,NULL,NULL,NULL,NULL,NULL,NULL,NULL,NULL,NULL,NULL,NULL,NULL,NULL,NULL,NULL,NULL,NULL,NULL,NULL,NULL,NULL,NULL,NULL,NULL,NULL,NULL,NULL,NULL,NULL,NULL,NULL,NULL,'0',NULL,'2018-01-15 20:34:02',NULL,'2018-01-15 20:34:02',NULL),('be68803b690e410a85377b1f51ec2c30','S217020000001','2','恒盛分公司_B1厂房_络筒间','C00_B1_B105',NULL,NULL,1,'201712','2017-12-19','00:00:00','18:00:00',NULL,NULL,0.36,NULL,NULL,'18:00:00','21:00:00',NULL,NULL,0.9,NULL,NULL,'21:00:00','00:00:00',NULL,NULL,0.36,NULL,NULL,NULL,NULL,NULL,NULL,NULL,NULL,NULL,NULL,NULL,NULL,NULL,NULL,NULL,NULL,NULL,NULL,NULL,NULL,NULL,NULL,NULL,NULL,NULL,NULL,NULL,NULL,NULL,NULL,NULL,NULL,NULL,NULL,NULL,NULL,NULL,NULL,NULL,NULL,NULL,NULL,NULL,NULL,NULL,NULL,NULL,NULL,NULL,NULL,NULL,NULL,'0',NULL,'2018-01-15 20:34:02',NULL,'2018-01-15 20:34:02',NULL),('bf864028fc3a4055a4b7b333edd10552','S217020000001','2','恒盛分公司_B1厂房_络筒间','C00_B1_B105',NULL,NULL,1,'201711','2017-11-05','06:00:00','08:00:00',NULL,NULL,0.36,NULL,NULL,'08:00:00','11:00:00',NULL,NULL,0.9,NULL,NULL,'11:00:00','16:00:00',NULL,NULL,0.36,NULL,NULL,'16:00:00','21:00:00',NULL,NULL,0.9,NULL,NULL,'21:00:00','22:00:00',NULL,NULL,0.36,NULL,NULL,'22:00:00','06:00:00',NULL,NULL,0.36,NULL,NULL,NULL,NULL,NULL,NULL,NULL,NULL,NULL,NULL,NULL,NULL,NULL,NULL,NULL,NULL,NULL,NULL,NULL,NULL,NULL,NULL,NULL,NULL,NULL,NULL,NULL,NULL,NULL,NULL,NULL,'0',NULL,'2018-01-15 20:34:01',NULL,'2018-01-15 20:34:01',NULL),('c0cd64439586403c9b0f8c36b239798b','S217020000001','2','恒盛分公司_B1厂房_络筒间','C00_B1_B105',NULL,NULL,1,'201711','2017-11-07','06:00:00','08:00:00',NULL,NULL,0.36,NULL,NULL,'08:00:00','11:00:00',NULL,NULL,0.9,NULL,NULL,'11:00:00','16:00:00',NULL,NULL,0.36,NULL,NULL,'16:00:00','21:00:00',NULL,NULL,0.9,NULL,NULL,'21:00:00','22:00:00',NULL,NULL,0.36,NULL,NULL,'22:00:00','06:00:00',NULL,NULL,0.36,NULL,NULL,NULL,NULL,NULL,NULL,NULL,NULL,NULL,NULL,NULL,NULL,NULL,NULL,NULL,NULL,NULL,NULL,NULL,NULL,NULL,NULL,NULL,NULL,NULL,NULL,NULL,NULL,NULL,NULL,NULL,'0',NULL,'2018-01-15 20:34:01',NULL,'2018-01-15 20:34:01',NULL),('c1bbf5198b7a435aae55eebebe13d5bb','S217020000001','2','恒盛分公司_B1厂房_络筒间','C00_B1_B105',NULL,NULL,1,'201801','2018-01-26','06:00:00','12:00:00',NULL,NULL,0.8,NULL,NULL,'12:00:00','19:00:00',NULL,NULL,1.5,NULL,NULL,'19:00:00','22:00:00',NULL,NULL,0.9,NULL,NULL,'22:00:00','06:00:00',NULL,NULL,0.5,NULL,NULL,NULL,NULL,NULL,NULL,NULL,NULL,NULL,NULL,NULL,NULL,NULL,NULL,NULL,NULL,NULL,NULL,NULL,NULL,NULL,NULL,NULL,NULL,NULL,NULL,NULL,NULL,NULL,NULL,NULL,NULL,NULL,NULL,NULL,NULL,NULL,NULL,NULL,NULL,NULL,NULL,NULL,NULL,NULL,'0',NULL,'2018-01-15 20:34:03',NULL,'2018-01-15 20:34:03',NULL),('c2522344dc274af4ac0c08ca0d4d9eb7','S217020000002','2','织一区域','C00_B1_B108','B1厂房',NULL,1,'201802','2018-02-06','09:00:00','09:00:00',NULL,NULL,9,NULL,NULL,NULL,NULL,NULL,NULL,NULL,NULL,NULL,NULL,NULL,NULL,NULL,NULL,NULL,NULL,NULL,NULL,NULL,NULL,NULL,NULL,NULL,NULL,NULL,NULL,NULL,NULL,NULL,NULL,NULL,NULL,NULL,NULL,NULL,NULL,NULL,NULL,NULL,NULL,NULL,NULL,NULL,NULL,NULL,NULL,NULL,NULL,NULL,NULL,NULL,NULL,NULL,NULL,NULL,NULL,NULL,NULL,NULL,NULL,NULL,NULL,NULL,NULL,NULL,NULL,'0',NULL,'2018-03-28 09:58:00',NULL,'2018-03-28 09:58:00',NULL),('c394b3362b5f4dd8b68202b4c843c10b','S217020000001','2','恒盛分公司_B1厂房_络筒间','C00_B1_B105',NULL,NULL,1,'201711','2017-11-01','06:00:00','08:00:00',NULL,NULL,0.36,NULL,NULL,'08:00:00','11:00:00',NULL,NULL,0.9,NULL,NULL,'11:00:00','16:00:00',NULL,NULL,0.36,NULL,NULL,'16:00:00','21:00:00',NULL,NULL,0.9,NULL,NULL,'21:00:00','22:00:00',NULL,NULL,0.36,NULL,NULL,'22:00:00','06:00:00',NULL,NULL,0.36,NULL,NULL,NULL,NULL,NULL,NULL,NULL,NULL,NULL,NULL,NULL,NULL,NULL,NULL,NULL,NULL,NULL,NULL,NULL,NULL,NULL,NULL,NULL,NULL,NULL,NULL,NULL,NULL,NULL,NULL,NULL,'0',NULL,'2018-01-15 20:34:00',NULL,'2018-01-15 20:34:00',NULL),('c411b55b0dc44dd19fa21f4542966e96','S217020000002','2','织一区域','C00_B1_B108','B1厂房',NULL,1,'201802','2018-02-09','09:00:00','09:00:00',NULL,NULL,9,NULL,NULL,NULL,NULL,NULL,NULL,NULL,NULL,NULL,NULL,NULL,NULL,NULL,NULL,NULL,NULL,NULL,NULL,NULL,NULL,NULL,NULL,NULL,NULL,NULL,NULL,NULL,NULL,NULL,NULL,NULL,NULL,NULL,NULL,NULL,NULL,NULL,NULL,NULL,NULL,NULL,NULL,NULL,NULL,NULL,NULL,NULL,NULL,NULL,NULL,NULL,NULL,NULL,NULL,NULL,NULL,NULL,NULL,NULL,NULL,NULL,NULL,NULL,NULL,NULL,NULL,'0',NULL,'2018-03-28 09:58:00',NULL,'2018-03-28 09:58:00',NULL),('c53a086be34042c7a769464efb593fa7','S217020000001','2','恒盛分公司_B1厂房_络筒间','C00_B1_B105',NULL,NULL,1,'201711','2017-11-13','06:00:00','08:00:00',NULL,NULL,0.36,NULL,NULL,'08:00:00','11:00:00',NULL,NULL,0.9,NULL,NULL,'11:00:00','16:00:00',NULL,NULL,0.36,NULL,NULL,'16:00:00','21:00:00',NULL,NULL,0.9,NULL,NULL,'21:00:00','22:00:00',NULL,NULL,0.36,NULL,NULL,'22:00:00','06:00:00',NULL,NULL,0.36,NULL,NULL,NULL,NULL,NULL,NULL,NULL,NULL,NULL,NULL,NULL,NULL,NULL,NULL,NULL,NULL,NULL,NULL,NULL,NULL,NULL,NULL,NULL,NULL,NULL,NULL,NULL,NULL,NULL,NULL,NULL,'0',NULL,'2018-01-15 20:34:01',NULL,'2018-01-15 20:34:01',NULL),('c84eb723380f49deb3f73db7ca9665e7','S217020000001','2','络筒间','C00_B1_B105','B1厂房',NULL,1,'201802','2018-02-20','09:00:00','09:00:00',NULL,NULL,9,NULL,NULL,NULL,NULL,NULL,NULL,NULL,NULL,NULL,NULL,NULL,NULL,NULL,NULL,NULL,NULL,NULL,NULL,NULL,NULL,NULL,NULL,NULL,NULL,NULL,NULL,NULL,NULL,NULL,NULL,NULL,NULL,NULL,NULL,NULL,NULL,NULL,NULL,NULL,NULL,NULL,NULL,NULL,NULL,NULL,NULL,NULL,NULL,NULL,NULL,NULL,NULL,NULL,NULL,NULL,NULL,NULL,NULL,NULL,NULL,NULL,NULL,NULL,NULL,NULL,NULL,'0',NULL,'2018-03-28 09:58:00',NULL,'2018-03-28 09:58:00',NULL),('c988ea98e4c749db8c6fd4a5e18eaf72','S217020000002','2','织一区域','C00_B1_B108','B1厂房',NULL,1,'201802','2018-02-28','09:00:00','09:00:00',NULL,NULL,9,NULL,NULL,NULL,NULL,NULL,NULL,NULL,NULL,NULL,NULL,NULL,NULL,NULL,NULL,NULL,NULL,NULL,NULL,NULL,NULL,NULL,NULL,NULL,NULL,NULL,NULL,NULL,NULL,NULL,NULL,NULL,NULL,NULL,NULL,NULL,NULL,NULL,NULL,NULL,NULL,NULL,NULL,NULL,NULL,NULL,NULL,NULL,NULL,NULL,NULL,NULL,NULL,NULL,NULL,NULL,NULL,NULL,NULL,NULL,NULL,NULL,NULL,NULL,NULL,NULL,NULL,'0',NULL,'2018-03-28 09:58:01',NULL,'2018-03-28 09:58:01',NULL),('c9b06f773e534ca4ad25324715ccc85f','S217020000001','2','恒盛分公司_B1厂房_络筒间','C00_B1_B105',NULL,NULL,1,'201711','2017-11-26','06:00:00','08:00:00',NULL,NULL,0.36,NULL,NULL,'08:00:00','11:00:00',NULL,NULL,0.9,NULL,NULL,'11:00:00','16:00:00',NULL,NULL,0.36,NULL,NULL,'16:00:00','21:00:00',NULL,NULL,0.9,NULL,NULL,'21:00:00','22:00:00',NULL,NULL,0.36,NULL,NULL,'22:00:00','06:00:00',NULL,NULL,0.36,NULL,NULL,NULL,NULL,NULL,NULL,NULL,NULL,NULL,NULL,NULL,NULL,NULL,NULL,NULL,NULL,NULL,NULL,NULL,NULL,NULL,NULL,NULL,NULL,NULL,NULL,NULL,NULL,NULL,NULL,NULL,'0',NULL,'2018-01-15 20:34:01',NULL,'2018-01-15 20:34:01',NULL),('cc20ec745aad41178db436df175b8c74','S217020000001','2','恒盛分公司_B1厂房_络筒间','C00_B1_B105',NULL,NULL,1,'201801','2018-01-14','06:00:00','12:00:00',NULL,NULL,0.8,NULL,NULL,'12:00:00','19:00:00',NULL,NULL,1.5,NULL,NULL,'19:00:00','22:00:00',NULL,NULL,0.9,NULL,NULL,'22:00:00','06:00:00',NULL,NULL,0.5,NULL,NULL,NULL,NULL,NULL,NULL,NULL,NULL,NULL,NULL,NULL,NULL,NULL,NULL,NULL,NULL,NULL,NULL,NULL,NULL,NULL,NULL,NULL,NULL,NULL,NULL,NULL,NULL,NULL,NULL,NULL,NULL,NULL,NULL,NULL,NULL,NULL,NULL,NULL,NULL,NULL,NULL,NULL,NULL,NULL,'0',NULL,'2018-01-15 20:34:03',NULL,'2018-01-15 20:34:03',NULL),('ccde14e9953e444d853001f378203ced','S217020000001','2','络筒间','C00_B1_B105','B1厂房',NULL,1,'201802','2018-02-17','09:00:00','09:00:00',NULL,NULL,9,NULL,NULL,NULL,NULL,NULL,NULL,NULL,NULL,NULL,NULL,NULL,NULL,NULL,NULL,NULL,NULL,NULL,NULL,NULL,NULL,NULL,NULL,NULL,NULL,NULL,NULL,NULL,NULL,NULL,NULL,NULL,NULL,NULL,NULL,NULL,NULL,NULL,NULL,NULL,NULL,NULL,NULL,NULL,NULL,NULL,NULL,NULL,NULL,NULL,NULL,NULL,NULL,NULL,NULL,NULL,NULL,NULL,NULL,NULL,NULL,NULL,NULL,NULL,NULL,NULL,NULL,'0',NULL,'2018-03-28 09:58:00',NULL,'2018-03-28 09:58:00',NULL),('d0d489a8ce254ea9ae20b9a5c04c1b8f','S217020000001','2','恒盛分公司_B1厂房_络筒间','C00_B1_B105',NULL,NULL,1,'201711','2017-11-18','06:00:00','08:00:00',NULL,NULL,0.36,NULL,NULL,'08:00:00','11:00:00',NULL,NULL,0.9,NULL,NULL,'11:00:00','16:00:00',NULL,NULL,0.36,NULL,NULL,'16:00:00','21:00:00',NULL,NULL,0.9,NULL,NULL,'21:00:00','22:00:00',NULL,NULL,0.36,NULL,NULL,'22:00:00','06:00:00',NULL,NULL,0.36,NULL,NULL,NULL,NULL,NULL,NULL,NULL,NULL,NULL,NULL,NULL,NULL,NULL,NULL,NULL,NULL,NULL,NULL,NULL,NULL,NULL,NULL,NULL,NULL,NULL,NULL,NULL,NULL,NULL,NULL,NULL,'0',NULL,'2018-01-15 20:34:01',NULL,'2018-01-15 20:34:01',NULL),('d1bc8712f34c461fba87aea0a5797295','S217020000002','2','织一区域','C00_B1_B108','B1厂房',NULL,1,'201802','2018-02-15','09:00:00','09:00:00',NULL,NULL,9,NULL,NULL,NULL,NULL,NULL,NULL,NULL,NULL,NULL,NULL,NULL,NULL,NULL,NULL,NULL,NULL,NULL,NULL,NULL,NULL,NULL,NULL,NULL,NULL,NULL,NULL,NULL,NULL,NULL,NULL,NULL,NULL,NULL,NULL,NULL,NULL,NULL,NULL,NULL,NULL,NULL,NULL,NULL,NULL,NULL,NULL,NULL,NULL,NULL,NULL,NULL,NULL,NULL,NULL,NULL,NULL,NULL,NULL,NULL,NULL,NULL,NULL,NULL,NULL,NULL,NULL,'0',NULL,'2018-03-28 09:58:01',NULL,'2018-03-28 09:58:01',NULL),('d34044af5041433199abd0b18357712f','S217020000002','2','织一区域','C00_B1_B108','B1厂房',NULL,1,'201802','2018-02-11','09:00:00','09:00:00',NULL,NULL,9,NULL,NULL,NULL,NULL,NULL,NULL,NULL,NULL,NULL,NULL,NULL,NULL,NULL,NULL,NULL,NULL,NULL,NULL,NULL,NULL,NULL,NULL,NULL,NULL,NULL,NULL,NULL,NULL,NULL,NULL,NULL,NULL,NULL,NULL,NULL,NULL,NULL,NULL,NULL,NULL,NULL,NULL,NULL,NULL,NULL,NULL,NULL,NULL,NULL,NULL,NULL,NULL,NULL,NULL,NULL,NULL,NULL,NULL,NULL,NULL,NULL,NULL,NULL,NULL,NULL,NULL,'0',NULL,'2018-03-28 09:58:00',NULL,'2018-03-28 09:58:00',NULL),('d59fef74cea942329e9612fbf702f8cf','S217020000001','2','恒盛分公司_B1厂房_络筒间','C00_B1_B105',NULL,NULL,1,'201711','2017-11-06','06:00:00','08:00:00',NULL,NULL,0.36,NULL,NULL,'08:00:00','11:00:00',NULL,NULL,0.9,NULL,NULL,'11:00:00','16:00:00',NULL,NULL,0.36,NULL,NULL,'16:00:00','21:00:00',NULL,NULL,0.9,NULL,NULL,'21:00:00','22:00:00',NULL,NULL,0.36,NULL,NULL,'22:00:00','06:00:00',NULL,NULL,0.36,NULL,NULL,NULL,NULL,NULL,NULL,NULL,NULL,NULL,NULL,NULL,NULL,NULL,NULL,NULL,NULL,NULL,NULL,NULL,NULL,NULL,NULL,NULL,NULL,NULL,NULL,NULL,NULL,NULL,NULL,NULL,'0',NULL,'2018-01-15 20:34:01',NULL,'2018-01-15 20:34:01',NULL),('d6da0d4d11184f3a9e4e99fd72a1b477','S217020000001','2','恒盛分公司_B1厂房_络筒间','C00_B1_B105',NULL,NULL,1,'201712','2017-12-28','00:00:00','18:00:00',NULL,NULL,0.36,NULL,NULL,'18:00:00','21:00:00',NULL,NULL,0.9,NULL,NULL,'21:00:00','00:00:00',NULL,NULL,0.36,NULL,NULL,NULL,NULL,NULL,NULL,NULL,NULL,NULL,NULL,NULL,NULL,NULL,NULL,NULL,NULL,NULL,NULL,NULL,NULL,NULL,NULL,NULL,NULL,NULL,NULL,NULL,NULL,NULL,NULL,NULL,NULL,NULL,NULL,NULL,NULL,NULL,NULL,NULL,NULL,NULL,NULL,NULL,NULL,NULL,NULL,NULL,NULL,NULL,NULL,NULL,NULL,'0',NULL,'2018-01-15 20:34:02',NULL,'2018-01-15 20:34:02',NULL),('d920ac6e90a34453b2768a74707ef3fe','S217020000001','2','络筒间','C00_B1_B105','B1厂房',NULL,1,'201802','2018-02-04','09:00:00','09:00:00',NULL,NULL,9,NULL,NULL,NULL,NULL,NULL,NULL,NULL,NULL,NULL,NULL,NULL,NULL,NULL,NULL,NULL,NULL,NULL,NULL,NULL,NULL,NULL,NULL,NULL,NULL,NULL,NULL,NULL,NULL,NULL,NULL,NULL,NULL,NULL,NULL,NULL,NULL,NULL,NULL,NULL,NULL,NULL,NULL,NULL,NULL,NULL,NULL,NULL,NULL,NULL,NULL,NULL,NULL,NULL,NULL,NULL,NULL,NULL,NULL,NULL,NULL,NULL,NULL,NULL,NULL,NULL,NULL,'0',NULL,'2018-03-28 09:58:00',NULL,'2018-03-28 09:58:00',NULL),('d98e133d92d84cae98546b2ea0fbdd92','S217020000002','2','织一区域','C00_B1_B108','B1厂房',NULL,1,'201802','2018-02-07','09:00:00','09:00:00',NULL,NULL,9,NULL,NULL,NULL,NULL,NULL,NULL,NULL,NULL,NULL,NULL,NULL,NULL,NULL,NULL,NULL,NULL,NULL,NULL,NULL,NULL,NULL,NULL,NULL,NULL,NULL,NULL,NULL,NULL,NULL,NULL,NULL,NULL,NULL,NULL,NULL,NULL,NULL,NULL,NULL,NULL,NULL,NULL,NULL,NULL,NULL,NULL,NULL,NULL,NULL,NULL,NULL,NULL,NULL,NULL,NULL,NULL,NULL,NULL,NULL,NULL,NULL,NULL,NULL,NULL,NULL,NULL,'0',NULL,'2018-03-28 09:58:00',NULL,'2018-03-28 09:58:00',NULL),('dc02146d943e4d0286276b253affc33d','S217020000001','2','恒盛分公司_B1厂房_络筒间','C00_B1_B105',NULL,NULL,1,'201801','2018-01-15','06:00:00','12:00:00',NULL,NULL,0.8,NULL,NULL,'12:00:00','19:00:00',NULL,NULL,1.5,NULL,NULL,'19:00:00','22:00:00',NULL,NULL,0.9,NULL,NULL,'22:00:00','06:00:00',NULL,NULL,0.5,NULL,NULL,NULL,NULL,NULL,NULL,NULL,NULL,NULL,NULL,NULL,NULL,NULL,NULL,NULL,NULL,NULL,NULL,NULL,NULL,NULL,NULL,NULL,NULL,NULL,NULL,NULL,NULL,NULL,NULL,NULL,NULL,NULL,NULL,NULL,NULL,NULL,NULL,NULL,NULL,NULL,NULL,NULL,NULL,NULL,'0',NULL,'2018-01-15 20:34:03',NULL,'2018-01-15 20:34:03',NULL),('dc1d9d3dff654f8d8d2d41763264a9b8','S217020000001','2','恒盛分公司_B1厂房_络筒间','C00_B1_B105',NULL,NULL,1,'201801','2018-01-29','06:00:00','12:00:00',NULL,NULL,0.8,NULL,NULL,'12:00:00','19:00:00',NULL,NULL,1.5,NULL,NULL,'19:00:00','22:00:00',NULL,NULL,0.9,NULL,NULL,'22:00:00','06:00:00',NULL,NULL,0.5,NULL,NULL,NULL,NULL,NULL,NULL,NULL,NULL,NULL,NULL,NULL,NULL,NULL,NULL,NULL,NULL,NULL,NULL,NULL,NULL,NULL,NULL,NULL,NULL,NULL,NULL,NULL,NULL,NULL,NULL,NULL,NULL,NULL,NULL,NULL,NULL,NULL,NULL,NULL,NULL,NULL,NULL,NULL,NULL,NULL,'0',NULL,'2018-01-15 20:34:03',NULL,'2018-01-15 20:34:03',NULL),('dcd1e8e0a4d344459d5f49830e4ec8b1','S217020000001','2','恒盛分公司_B1厂房_络筒间','C00_B1_B105',NULL,NULL,1,'201712','2017-12-21','00:00:00','18:00:00',NULL,NULL,0.36,NULL,NULL,'18:00:00','21:00:00',NULL,NULL,0.9,NULL,NULL,'21:00:00','00:00:00',NULL,NULL,0.36,NULL,NULL,NULL,NULL,NULL,NULL,NULL,NULL,NULL,NULL,NULL,NULL,NULL,NULL,NULL,NULL,NULL,NULL,NULL,NULL,NULL,NULL,NULL,NULL,NULL,NULL,NULL,NULL,NULL,NULL,NULL,NULL,NULL,NULL,NULL,NULL,NULL,NULL,NULL,NULL,NULL,NULL,NULL,NULL,NULL,NULL,NULL,NULL,NULL,NULL,NULL,NULL,'0',NULL,'2018-01-15 20:34:02',NULL,'2018-01-15 20:34:02',NULL),('e052499e2b3f4182862f476e63c5390c','S217020000001','2','恒盛分公司_B1厂房_络筒间','C00_B1_B105',NULL,NULL,1,'201712','2017-12-07','00:00:00','18:00:00',NULL,NULL,0.36,NULL,NULL,'18:00:00','21:00:00',NULL,NULL,0.9,NULL,NULL,'21:00:00','00:00:00',NULL,NULL,0.36,NULL,NULL,NULL,NULL,NULL,NULL,NULL,NULL,NULL,NULL,NULL,NULL,NULL,NULL,NULL,NULL,NULL,NULL,NULL,NULL,NULL,NULL,NULL,NULL,NULL,NULL,NULL,NULL,NULL,NULL,NULL,NULL,NULL,NULL,NULL,NULL,NULL,NULL,NULL,NULL,NULL,NULL,NULL,NULL,NULL,NULL,NULL,NULL,NULL,NULL,NULL,NULL,'0',NULL,'2018-01-15 20:34:02',NULL,'2018-01-15 20:34:02',NULL),('e2ed375d102249458a0887b8eb361b1b','S217020000001','2','络筒间','C00_B1_B105','B1厂房',NULL,1,'201802','2018-02-16','09:00:00','09:00:00',NULL,NULL,9,NULL,NULL,NULL,NULL,NULL,NULL,NULL,NULL,NULL,NULL,NULL,NULL,NULL,NULL,NULL,NULL,NULL,NULL,NULL,NULL,NULL,NULL,NULL,NULL,NULL,NULL,NULL,NULL,NULL,NULL,NULL,NULL,NULL,NULL,NULL,NULL,NULL,NULL,NULL,NULL,NULL,NULL,NULL,NULL,NULL,NULL,NULL,NULL,NULL,NULL,NULL,NULL,NULL,NULL,NULL,NULL,NULL,NULL,NULL,NULL,NULL,NULL,NULL,NULL,NULL,NULL,'0',NULL,'2018-03-28 09:58:00',NULL,'2018-03-28 09:58:00',NULL),('e43c8dc29da3439584087941ac348e98','S217020000001','2','络筒间','C00_B1_B105','B1厂房',NULL,1,'201802','2018-02-27','09:00:00','09:00:00',NULL,NULL,9,NULL,NULL,NULL,NULL,NULL,NULL,NULL,NULL,NULL,NULL,NULL,NULL,NULL,NULL,NULL,NULL,NULL,NULL,NULL,NULL,NULL,NULL,NULL,NULL,NULL,NULL,NULL,NULL,NULL,NULL,NULL,NULL,NULL,NULL,NULL,NULL,NULL,NULL,NULL,NULL,NULL,NULL,NULL,NULL,NULL,NULL,NULL,NULL,NULL,NULL,NULL,NULL,NULL,NULL,NULL,NULL,NULL,NULL,NULL,NULL,NULL,NULL,NULL,NULL,NULL,NULL,'0',NULL,'2018-03-28 09:58:00',NULL,'2018-03-28 09:58:00',NULL),('e6779debb61c4c589aefb0348ba678de','S217020000001','2','恒盛分公司_B1厂房_络筒间','C00_B1_B105',NULL,NULL,1,'201711','2017-11-15','06:00:00','08:00:00',NULL,NULL,0.36,NULL,NULL,'08:00:00','11:00:00',NULL,NULL,0.9,NULL,NULL,'11:00:00','16:00:00',NULL,NULL,0.36,NULL,NULL,'16:00:00','21:00:00',NULL,NULL,0.9,NULL,NULL,'21:00:00','22:00:00',NULL,NULL,0.36,NULL,NULL,'22:00:00','06:00:00',NULL,NULL,0.36,NULL,NULL,NULL,NULL,NULL,NULL,NULL,NULL,NULL,NULL,NULL,NULL,NULL,NULL,NULL,NULL,NULL,NULL,NULL,NULL,NULL,NULL,NULL,NULL,NULL,NULL,NULL,NULL,NULL,NULL,NULL,'0',NULL,'2018-01-15 20:34:01',NULL,'2018-01-15 20:34:01',NULL),('e6b542519c4f4c5192b228b7c96d0135','S217020000001','2','恒盛分公司_B1厂房_络筒间','C00_B1_B105',NULL,NULL,1,'201801','2018-01-30','06:00:00','12:00:00',NULL,NULL,0.8,NULL,NULL,'12:00:00','19:00:00',NULL,NULL,1.5,NULL,NULL,'19:00:00','22:00:00',NULL,NULL,0.9,NULL,NULL,'22:00:00','06:00:00',NULL,NULL,0.5,NULL,NULL,NULL,NULL,NULL,NULL,NULL,NULL,NULL,NULL,NULL,NULL,NULL,NULL,NULL,NULL,NULL,NULL,NULL,NULL,NULL,NULL,NULL,NULL,NULL,NULL,NULL,NULL,NULL,NULL,NULL,NULL,NULL,NULL,NULL,NULL,NULL,NULL,NULL,NULL,NULL,NULL,NULL,NULL,NULL,'0',NULL,'2018-01-15 20:34:03',NULL,'2018-01-15 20:34:03',NULL),('e71118cafcbe44e1b21ce0607960ca3e','S217020000001','2','恒盛分公司_B1厂房_络筒间','C00_B1_B105',NULL,NULL,1,'201801','2018-01-17','06:00:00','12:00:00',NULL,NULL,0.8,NULL,NULL,'12:00:00','19:00:00',NULL,NULL,1.5,NULL,NULL,'19:00:00','22:00:00',NULL,NULL,0.9,NULL,NULL,'22:00:00','06:00:00',NULL,NULL,0.5,NULL,NULL,NULL,NULL,NULL,NULL,NULL,NULL,NULL,NULL,NULL,NULL,NULL,NULL,NULL,NULL,NULL,NULL,NULL,NULL,NULL,NULL,NULL,NULL,NULL,NULL,NULL,NULL,NULL,NULL,NULL,NULL,NULL,NULL,NULL,NULL,NULL,NULL,NULL,NULL,NULL,NULL,NULL,NULL,NULL,'0',NULL,'2018-01-15 20:34:03',NULL,'2018-01-15 20:34:03',NULL),('e9c19b0aee0447d29ee1a84130bd51e1','S217020000001','2','恒盛分公司_B1厂房_络筒间','C00_B1_B105',NULL,NULL,1,'201801','2018-01-02','06:00:00','12:00:00',NULL,NULL,0.8,NULL,NULL,'12:00:00','19:00:00',NULL,NULL,1.5,NULL,NULL,'19:00:00','22:00:00',NULL,NULL,0.9,NULL,NULL,'22:00:00','06:00:00',NULL,NULL,0.5,NULL,NULL,NULL,NULL,NULL,NULL,NULL,NULL,NULL,NULL,NULL,NULL,NULL,NULL,NULL,NULL,NULL,NULL,NULL,NULL,NULL,NULL,NULL,NULL,NULL,NULL,NULL,NULL,NULL,NULL,NULL,NULL,NULL,NULL,NULL,NULL,NULL,NULL,NULL,NULL,NULL,NULL,NULL,NULL,NULL,'0',NULL,'2018-01-15 20:34:02',NULL,'2018-01-15 20:34:02',NULL),('ee50a7c6911f411186135bfb9dce676a','S217020000001','2','恒盛分公司_B1厂房_络筒间','C00_B1_B105',NULL,NULL,1,'201711','2017-11-19','06:00:00','08:00:00',NULL,NULL,0.36,NULL,NULL,'08:00:00','11:00:00',NULL,NULL,0.9,NULL,NULL,'11:00:00','16:00:00',NULL,NULL,0.36,NULL,NULL,'16:00:00','21:00:00',NULL,NULL,0.9,NULL,NULL,'21:00:00','22:00:00',NULL,NULL,0.36,NULL,NULL,'22:00:00','06:00:00',NULL,NULL,0.36,NULL,NULL,NULL,NULL,NULL,NULL,NULL,NULL,NULL,NULL,NULL,NULL,NULL,NULL,NULL,NULL,NULL,NULL,NULL,NULL,NULL,NULL,NULL,NULL,NULL,NULL,NULL,NULL,NULL,NULL,NULL,'0',NULL,'2018-01-15 20:34:01',NULL,'2018-01-15 20:34:01',NULL),('eee1f0638d5a49a58c173f113c1c80c0','S217020000001','2','恒盛分公司_B1厂房_络筒间','C00_B1_B105',NULL,NULL,1,'201711','2017-11-22','06:00:00','08:00:00',NULL,NULL,0.36,NULL,NULL,'08:00:00','11:00:00',NULL,NULL,0.9,NULL,NULL,'11:00:00','16:00:00',NULL,NULL,0.36,NULL,NULL,'16:00:00','21:00:00',NULL,NULL,0.9,NULL,NULL,'21:00:00','22:00:00',NULL,NULL,0.36,NULL,NULL,'22:00:00','06:00:00',NULL,NULL,0.36,NULL,NULL,NULL,NULL,NULL,NULL,NULL,NULL,NULL,NULL,NULL,NULL,NULL,NULL,NULL,NULL,NULL,NULL,NULL,NULL,NULL,NULL,NULL,NULL,NULL,NULL,NULL,NULL,NULL,NULL,NULL,'0',NULL,'2018-01-15 20:34:01',NULL,'2018-01-15 20:34:01',NULL),('ef5418de350e4c8ca52789fec3f9452d','S217020000001','2','恒盛分公司_B1厂房_络筒间','C00_B1_B105',NULL,NULL,1,'201711','2017-11-03','06:00:00','08:00:00',NULL,NULL,0.36,NULL,NULL,'08:00:00','11:00:00',NULL,NULL,0.9,NULL,NULL,'11:00:00','16:00:00',NULL,NULL,0.36,NULL,NULL,'16:00:00','21:00:00',NULL,NULL,0.9,NULL,NULL,'21:00:00','22:00:00',NULL,NULL,0.36,NULL,NULL,'22:00:00','06:00:00',NULL,NULL,0.36,NULL,NULL,NULL,NULL,NULL,NULL,NULL,NULL,NULL,NULL,NULL,NULL,NULL,NULL,NULL,NULL,NULL,NULL,NULL,NULL,NULL,NULL,NULL,NULL,NULL,NULL,NULL,NULL,NULL,NULL,NULL,'0',NULL,'2018-01-15 20:34:01',NULL,'2018-01-15 20:34:01',NULL),('ef681524bf3d4da893bc5c55b38c6cbf','S217020000001','2','络筒间','C00_B1_B105','B1厂房',NULL,1,'201802','2018-02-14','09:00:00','09:00:00',NULL,NULL,9,NULL,NULL,NULL,NULL,NULL,NULL,NULL,NULL,NULL,NULL,NULL,NULL,NULL,NULL,NULL,NULL,NULL,NULL,NULL,NULL,NULL,NULL,NULL,NULL,NULL,NULL,NULL,NULL,NULL,NULL,NULL,NULL,NULL,NULL,NULL,NULL,NULL,NULL,NULL,NULL,NULL,NULL,NULL,NULL,NULL,NULL,NULL,NULL,NULL,NULL,NULL,NULL,NULL,NULL,NULL,NULL,NULL,NULL,NULL,NULL,NULL,NULL,NULL,NULL,NULL,NULL,'0',NULL,'2018-03-28 09:58:00',NULL,'2018-03-28 09:58:00',NULL),('f0c47dfc4ea84d9faba55c49b4d0a15a','S217020000001','2','络筒间','C00_B1_B105','B1厂房',NULL,1,'201802','2018-02-23','09:00:00','09:00:00',NULL,NULL,9,NULL,NULL,NULL,NULL,NULL,NULL,NULL,NULL,NULL,NULL,NULL,NULL,NULL,NULL,NULL,NULL,NULL,NULL,NULL,NULL,NULL,NULL,NULL,NULL,NULL,NULL,NULL,NULL,NULL,NULL,NULL,NULL,NULL,NULL,NULL,NULL,NULL,NULL,NULL,NULL,NULL,NULL,NULL,NULL,NULL,NULL,NULL,NULL,NULL,NULL,NULL,NULL,NULL,NULL,NULL,NULL,NULL,NULL,NULL,NULL,NULL,NULL,NULL,NULL,NULL,NULL,'0',NULL,'2018-03-28 09:58:00',NULL,'2018-03-28 09:58:00',NULL),('f31b80ae65be444b9681d91fba4cb68a','S217020000001','2','络筒间','C00_B1_B105','B1厂房',NULL,1,'201802','2018-02-26','09:00:00','09:00:00',NULL,NULL,9,NULL,NULL,NULL,NULL,NULL,NULL,NULL,NULL,NULL,NULL,NULL,NULL,NULL,NULL,NULL,NULL,NULL,NULL,NULL,NULL,NULL,NULL,NULL,NULL,NULL,NULL,NULL,NULL,NULL,NULL,NULL,NULL,NULL,NULL,NULL,NULL,NULL,NULL,NULL,NULL,NULL,NULL,NULL,NULL,NULL,NULL,NULL,NULL,NULL,NULL,NULL,NULL,NULL,NULL,NULL,NULL,NULL,NULL,NULL,NULL,NULL,NULL,NULL,NULL,NULL,NULL,'0',NULL,'2018-03-28 09:58:00',NULL,'2018-03-28 09:58:00',NULL),('f3adc4b8f03a448c90b85d2dfeeb9751','S217020000001','2','恒盛分公司_B1厂房_络筒间','C00_B1_B105',NULL,NULL,1,'201712','2017-12-23','00:00:00','18:00:00',NULL,NULL,0.36,NULL,NULL,'18:00:00','21:00:00',NULL,NULL,0.9,NULL,NULL,'21:00:00','00:00:00',NULL,NULL,0.36,NULL,NULL,NULL,NULL,NULL,NULL,NULL,NULL,NULL,NULL,NULL,NULL,NULL,NULL,NULL,NULL,NULL,NULL,NULL,NULL,NULL,NULL,NULL,NULL,NULL,NULL,NULL,NULL,NULL,NULL,NULL,NULL,NULL,NULL,NULL,NULL,NULL,NULL,NULL,NULL,NULL,NULL,NULL,NULL,NULL,NULL,NULL,NULL,NULL,NULL,NULL,NULL,'0',NULL,'2018-01-15 20:34:02',NULL,'2018-01-15 20:34:02',NULL),('f402d336414a47f0b53e231c3c7844a4','S217020000001','2','恒盛分公司_B1厂房_络筒间','C00_B1_B105',NULL,NULL,1,'201801','2018-01-08','06:00:00','12:00:00',NULL,NULL,0.8,NULL,NULL,'12:00:00','19:00:00',NULL,NULL,1.5,NULL,NULL,'19:00:00','22:00:00',NULL,NULL,0.9,NULL,NULL,'22:00:00','06:00:00',NULL,NULL,0.5,NULL,NULL,NULL,NULL,NULL,NULL,NULL,NULL,NULL,NULL,NULL,NULL,NULL,NULL,NULL,NULL,NULL,NULL,NULL,NULL,NULL,NULL,NULL,NULL,NULL,NULL,NULL,NULL,NULL,NULL,NULL,NULL,NULL,NULL,NULL,NULL,NULL,NULL,NULL,NULL,NULL,NULL,NULL,NULL,NULL,'0',NULL,'2018-01-15 20:34:02',NULL,'2018-01-15 20:34:02',NULL),('f4cab7f563704c0294e3146c266a9723','S217020000002','2','织一区域','C00_B1_B108','B1厂房',NULL,1,'201802','2018-02-03','09:00:00','09:00:00',NULL,NULL,9,NULL,NULL,NULL,NULL,NULL,NULL,NULL,NULL,NULL,NULL,NULL,NULL,NULL,NULL,NULL,NULL,NULL,NULL,NULL,NULL,NULL,NULL,NULL,NULL,NULL,NULL,NULL,NULL,NULL,NULL,NULL,NULL,NULL,NULL,NULL,NULL,NULL,NULL,NULL,NULL,NULL,NULL,NULL,NULL,NULL,NULL,NULL,NULL,NULL,NULL,NULL,NULL,NULL,NULL,NULL,NULL,NULL,NULL,NULL,NULL,NULL,NULL,NULL,NULL,NULL,NULL,'0',NULL,'2018-03-28 09:58:00',NULL,'2018-03-28 09:58:00',NULL),('f5a6e38b8afd4d729d884750ac1bb4fb','S217020000001','2','络筒间','C00_B1_B105','B1厂房',NULL,1,'201802','2018-02-22','09:00:00','09:00:00',NULL,NULL,9,NULL,NULL,NULL,NULL,NULL,NULL,NULL,NULL,NULL,NULL,NULL,NULL,NULL,NULL,NULL,NULL,NULL,NULL,NULL,NULL,NULL,NULL,NULL,NULL,NULL,NULL,NULL,NULL,NULL,NULL,NULL,NULL,NULL,NULL,NULL,NULL,NULL,NULL,NULL,NULL,NULL,NULL,NULL,NULL,NULL,NULL,NULL,NULL,NULL,NULL,NULL,NULL,NULL,NULL,NULL,NULL,NULL,NULL,NULL,NULL,NULL,NULL,NULL,NULL,NULL,NULL,'0',NULL,'2018-03-28 09:58:00',NULL,'2018-03-28 09:58:00',NULL),('f6e45ca62a1648ddbab42aff8d7a4bf8','S217020000001','2','络筒间','C00_B1_B105','B1厂房',NULL,1,'201802','2018-02-28','09:00:00','09:00:00',NULL,NULL,9,NULL,NULL,NULL,NULL,NULL,NULL,NULL,NULL,NULL,NULL,NULL,NULL,NULL,NULL,NULL,NULL,NULL,NULL,NULL,NULL,NULL,NULL,NULL,NULL,NULL,NULL,NULL,NULL,NULL,NULL,NULL,NULL,NULL,NULL,NULL,NULL,NULL,NULL,NULL,NULL,NULL,NULL,NULL,NULL,NULL,NULL,NULL,NULL,NULL,NULL,NULL,NULL,NULL,NULL,NULL,NULL,NULL,NULL,NULL,NULL,NULL,NULL,NULL,NULL,NULL,NULL,'0',NULL,'2018-03-28 09:58:00',NULL,'2018-03-28 09:58:00',NULL),('fa0dd2ca773e460c985165a72e40381a','S217020000001','2','络筒间','C00_B1_B105','B1厂房',NULL,1,'201802','2018-02-08','09:00:00','09:00:00',NULL,NULL,9,NULL,NULL,NULL,NULL,NULL,NULL,NULL,NULL,NULL,NULL,NULL,NULL,NULL,NULL,NULL,NULL,NULL,NULL,NULL,NULL,NULL,NULL,NULL,NULL,NULL,NULL,NULL,NULL,NULL,NULL,NULL,NULL,NULL,NULL,NULL,NULL,NULL,NULL,NULL,NULL,NULL,NULL,NULL,NULL,NULL,NULL,NULL,NULL,NULL,NULL,NULL,NULL,NULL,NULL,NULL,NULL,NULL,NULL,NULL,NULL,NULL,NULL,NULL,NULL,NULL,NULL,'0',NULL,'2018-03-28 09:58:00',NULL,'2018-03-28 09:58:00',NULL);

/*Table structure for table `energy_electric_price_month_his` */

DROP TABLE IF EXISTS `energy_electric_price_month_his`;

CREATE TABLE `energy_electric_price_month_his` (
  `id` varchar(32) NOT NULL,
  `meterNumber` varchar(30) DEFAULT NULL COMMENT '仪表编号',
  `day` date DEFAULT NULL,
  `startTime1` time DEFAULT NULL COMMENT '使用量',
  `endTime1` time DEFAULT NULL,
  `startData1` float DEFAULT NULL COMMENT '分摊量',
  `endData1` float DEFAULT NULL,
  `price1` float DEFAULT NULL,
  `startTime2` time DEFAULT NULL,
  `endTime2` time DEFAULT NULL,
  `startData2` float DEFAULT NULL,
  `endData2` float DEFAULT NULL,
  `price2` float DEFAULT NULL,
  `startTime3` time DEFAULT NULL,
  `endTime3` time DEFAULT NULL,
  `startData3` float DEFAULT NULL,
  `endData3` float DEFAULT NULL,
  `price3` float DEFAULT NULL,
  `startTime4` time DEFAULT NULL,
  `endTime4` time DEFAULT NULL,
  `startData4` float DEFAULT NULL,
  `endData4` float DEFAULT NULL,
  `price4` float DEFAULT NULL,
  `startTime5` time DEFAULT NULL,
  `endTime5` time DEFAULT NULL,
  `startData5` float DEFAULT NULL,
  `endData5` float DEFAULT NULL,
  `price5` float DEFAULT NULL,
  `startTime6` time DEFAULT NULL,
  `endTime6` time DEFAULT NULL,
  `startData6` float DEFAULT NULL,
  `endData6` float DEFAULT NULL,
  `price6` float DEFAULT NULL,
  `startTime7` time DEFAULT NULL,
  `endTime7` time DEFAULT NULL,
  `startData7` float DEFAULT NULL,
  `endData7` float DEFAULT NULL,
  `price7` float DEFAULT NULL,
  `startTime8` time DEFAULT NULL,
  `endTime8` time DEFAULT NULL,
  `startData8` float DEFAULT NULL,
  `endData8` float DEFAULT NULL,
  `price8` float DEFAULT NULL,
  `startTime9` time DEFAULT NULL,
  `endTime9` time DEFAULT NULL,
  `startData9` float DEFAULT NULL,
  `endData9` float DEFAULT NULL,
  `price9` float DEFAULT NULL,
  `startTime10` time DEFAULT NULL,
  `endTime10` time DEFAULT NULL,
  `startData10` float DEFAULT NULL,
  `endData10` float DEFAULT NULL,
  `price10` float DEFAULT NULL,
  `status` tinyint(4) DEFAULT NULL,
  `del_flag` varchar(1) DEFAULT NULL,
  `create_user` varchar(32) DEFAULT NULL,
  `create_time` datetime DEFAULT NULL,
  `update_user` varchar(32) DEFAULT NULL,
  `update_time` datetime DEFAULT NULL,
  `remarks` varchar(255) DEFAULT NULL,
  PRIMARY KEY (`id`)
) ENGINE=InnoDB DEFAULT CHARSET=utf8;

/*Data for the table `energy_electric_price_month_his` */

/*Table structure for table `energy_humiture` */

DROP TABLE IF EXISTS `energy_humiture`;

CREATE TABLE `energy_humiture` (
  `id` varchar(32) NOT NULL,
  `meterNumber` varchar(100) DEFAULT NULL COMMENT '仪表编号',
  `area` varchar(30) DEFAULT NULL COMMENT '所在区域',
  `areaCode` varchar(30) DEFAULT NULL,
  `meterName` varchar(50) DEFAULT NULL COMMENT '仪表名称',
  `meterModel` varchar(30) DEFAULT NULL COMMENT '仪表型号',
  `meterPosition` varchar(30) DEFAULT NULL COMMENT '仪表安装位置',
  `collectMode` int(11) DEFAULT NULL COMMENT '采集方式',
  `remarks` varchar(255) DEFAULT NULL COMMENT '备注',
  `del_flag` varchar(1) DEFAULT NULL,
  `status` tinyint(11) DEFAULT NULL,
  `create_user` varchar(32) DEFAULT NULL,
  `create_time` datetime DEFAULT NULL,
  `update_user` varchar(32) DEFAULT NULL,
  `update_time` datetime DEFAULT NULL,
  PRIMARY KEY (`id`)
) ENGINE=InnoDB DEFAULT CHARSET=utf8mb4;

/*Data for the table `energy_humiture` */

insert  into `energy_humiture`(`id`,`meterNumber`,`area`,`areaCode`,`meterName`,`meterModel`,`meterPosition`,`collectMode`,`remarks`,`del_flag`,`status`,`create_user`,`create_time`,`update_user`,`update_time`) values ('0c41d4e18bb74189ae5580cb550add1a','S217056328001','恒盛分公司_B1厂房_织一区域','C00_B1_B108','温湿度表-1B织一（小环境-北西）','','1B织一（小环境-北西）',1,'','0',NULL,NULL,'2018-03-26 14:30:27',NULL,'2018-03-26 15:29:10'),('18d7fc7f3ef94a7bbf274de8e4cf90dd','S217056339001','恒盛分公司_B1厂房','C00_B1','温湿度表-1B室外温湿度2','','1B室外温湿度2',1,'','0',NULL,NULL,'2018-03-26 14:27:04',NULL,'2018-03-26 15:29:46'),('28c608d3ea004aa7b31b48b7fb873b48','S217056333001','恒盛分公司_B1厂房_织二区域','C00_B1_B109','温湿度表-1B织二（小环境-北东）','','1B织二（小环境-北东）',1,'','0',NULL,NULL,'2018-03-26 14:33:51',NULL,'2018-03-26 15:30:14'),('380d766bf3e54c1b96281b5561c85f0e','S217056326001','恒盛分公司_B1厂房','C00_B1','温湿度表-1B织轴库北（小环境北）','','1B织轴库北（小环境北）',1,'','0',NULL,NULL,'2018-03-26 14:29:08',NULL,'2018-03-26 15:30:49'),('392b7ab118f844b38548d69425a868cb','S217056324001','恒盛分公司_B1厂房_浆纱间','C00_B1_B101','温湿度表-1B浆纱间（小环境）','','1B浆纱间（小环境）',1,'','0',NULL,NULL,'2018-03-26 14:28:21',NULL,'2018-03-26 15:31:27'),('49719c7f4ca84982a3f6bff8980e60fa','S217056329001','恒盛分公司_B1厂房_织一区域','C00_B1_B108','温湿度表-1B织一（小环境-北东）','','1B织一（小环境-北东）',1,'','0',NULL,NULL,'2018-03-26 14:31:11',NULL,'2018-03-26 15:36:35'),('56f9d553450c4c90a2ef38dac02790ae','S217056337001','恒盛分公司_B1厂房_织三区域','C00_B1_B110','温湿度表-1B织三（小环境-南东）','','1B织三（小环境-南东）',1,'','0',NULL,NULL,'2018-03-26 14:36:32',NULL,'2018-03-26 15:36:56'),('59969e891961454d89f5878464988255','S217056332001','恒盛分公司_B1厂房_织二区域','C00_B1_B109','温湿度表-1B织二（小环境-北西）','','1B织二（小环境-北西）',1,'','0',NULL,NULL,'2018-03-26 14:33:22',NULL,'2018-03-26 15:37:09'),('a05ac90f9e024ebd883b9873db96a673','S217056330001','恒盛分公司_B1厂房_织一区域','C00_B1_B108','温湿度表-1B织一（小环境-南西）','','1B织一（小环境-南西）',1,'','0',NULL,NULL,'2018-03-26 14:31:53',NULL,'2018-03-26 15:37:23'),('a8462d93143d4cbbbf18d109d1c051a5','S217056327001','恒盛分公司_B1厂房','C00_B1','温湿度表-1B织轴库北（小环境南）','','1B织轴库北（小环境南）',1,'','0',NULL,NULL,'2018-03-26 14:29:51',NULL,'2018-03-26 15:37:51'),('c63deca36d67475d8a03fc285d1174a3','S217050000001','恒盛分公司_B1厂房_中控室','C00_B1_B112','温湿度表（测试）','','',1,'','0',NULL,NULL,'2018-01-05 21:02:29',NULL,'2018-01-05 21:06:07'),('cd6525ff0a954193a9f9526ff706fab3','S217056338001','恒盛分公司_B1厂房_整理间','C00_B1_B111','温湿度表-1B整理车间（小环境）','','1B整理车间（小环境）',1,'','0',NULL,NULL,'2018-03-26 14:36:55',NULL,'2018-03-26 15:38:23'),('dc8d7d89cda144c2b240b39b3d9aea72','S217056331001','恒盛分公司_B1厂房_织一区域','C00_B1_B108','温湿度表-1B织一（小环境-南东）','','1B织一（小环境-南东）',1,'','0',NULL,NULL,'2018-03-26 14:32:16',NULL,'2018-03-26 15:38:35'),('e051144ec10a43dab355b8328a52df1d','S217056335001','恒盛分公司_B1厂房_织二区域','C00_B1_B109','温湿度表-1B织二（小环境-南东）','','1B织二（小环境-南东）',1,'','0',NULL,NULL,'2018-03-26 14:35:19',NULL,'2018-03-26 15:38:53'),('ea3d5143c66b4622b92812ada2ab8aeb','S217056336001','恒盛分公司_B1厂房_织三区域','C00_B1_B110','温湿度表-1B织三（小环境-北西）','','1B织三（小环境-北西）',1,'','0',NULL,NULL,'2018-03-26 14:35:58',NULL,'2018-03-26 15:39:04'),('eae038072ef74dc6af28d235ababef3d','S217056334001','恒盛分公司_B1厂房_织二区域','C00_B1_B109','温湿度表-1B织二（小环境-南西）','','1B织二（小环境-南西）',1,'','0',NULL,NULL,'2018-03-26 14:34:39',NULL,'2018-03-26 15:39:16');

/*Table structure for table `energy_month_report_index` */

DROP TABLE IF EXISTS `energy_month_report_index`;

CREATE TABLE `energy_month_report_index` (
  `id` varchar(32) NOT NULL,
  `month` bigint(20) DEFAULT NULL,
  `startDate` date DEFAULT NULL,
  `endDate` date DEFAULT NULL,
  `flag` int(11) DEFAULT NULL,
  `energyType` int(11) DEFAULT NULL,
  `status` tinyint(4) DEFAULT NULL,
  `del_flag` varchar(1) DEFAULT NULL,
  `create_user` varchar(32) DEFAULT NULL,
  `create_time` datetime DEFAULT NULL,
  `update_user` varchar(32) DEFAULT NULL,
  `update_time` datetime DEFAULT NULL,
  `remarks` varchar(255) DEFAULT NULL,
  PRIMARY KEY (`id`)
) ENGINE=InnoDB DEFAULT CHARSET=utf8;

/*Data for the table `energy_month_report_index` */

insert  into `energy_month_report_index`(`id`,`month`,`startDate`,`endDate`,`flag`,`energyType`,`status`,`del_flag`,`create_user`,`create_time`,`update_user`,`update_time`,`remarks`) values ('080e538ce63c4ac3adf76b37d71e6ea5',201711,'2017-11-01','2017-11-30',1,4,NULL,'0',NULL,'2017-12-13 21:20:00',NULL,'2017-12-13 21:50:00',NULL),('6b521506711045f08b6b15ea23970867',201711,'2017-11-01','2017-12-01',1,3,NULL,'0',NULL,'2018-01-05 20:25:00',NULL,'2018-01-05 20:25:00',NULL),('7f3eeeec9d6f4cd9a4ed11b55a6879f6',201712,'2017-12-01','2018-01-01',0,3,NULL,'0',NULL,'2018-01-05 20:25:00',NULL,'2018-01-05 20:25:00',NULL),('86722eb5c2c44030970d21a191fd6f35',201711,'2017-11-01','2017-12-01',1,2,NULL,'0',NULL,'2017-12-14 10:05:00',NULL,'2017-12-14 10:05:00',NULL),('91005fb2abdb4f77a174dbf9f7925b93',201712,'2017-12-01','2018-01-01',0,2,NULL,'0',NULL,'2017-12-14 10:05:00',NULL,'2017-12-14 10:05:00',NULL),('921af16a04e0459f8c093626b8aa478a',201712,'2017-12-01','2017-12-31',0,4,NULL,'0',NULL,'2017-12-13 21:50:00',NULL,'2017-12-13 21:50:00',NULL);

/*Table structure for table `energy_power_supply_bureau` */

DROP TABLE IF EXISTS `energy_power_supply_bureau`;

CREATE TABLE `energy_power_supply_bureau` (
  `id` varchar(32) NOT NULL,
  `transformer_capacity` double DEFAULT NULL,
  `basic_electricity_unit_price` double DEFAULT NULL,
  `basic_electricity_total_price` double DEFAULT NULL,
  `month` varchar(10) DEFAULT NULL,
  `electricity_fees` double DEFAULT NULL,
  `electricity_consumption` double DEFAULT NULL,
  `tax_rate` double DEFAULT NULL,
  `status` tinyint(11) DEFAULT NULL,
  `create_user` varchar(32) DEFAULT NULL,
  `create_time` datetime DEFAULT NULL,
  `update_user` varchar(32) DEFAULT NULL,
  `update_time` datetime DEFAULT NULL,
  `remarks` varchar(255) DEFAULT NULL,
  `del_flag` varchar(1) DEFAULT NULL,
  PRIMARY KEY (`id`)
) ENGINE=InnoDB DEFAULT CHARSET=utf8;

/*Data for the table `energy_power_supply_bureau` */

insert  into `energy_power_supply_bureau`(`id`,`transformer_capacity`,`basic_electricity_unit_price`,`basic_electricity_total_price`,`month`,`electricity_fees`,`electricity_consumption`,`tax_rate`,`status`,`create_user`,`create_time`,`update_user`,`update_time`,`remarks`,`del_flag`) values ('58b93107a68e4f259b6f8f825a408d90',123,0.5,61.5,'201801',333,150,10,NULL,NULL,NULL,NULL,'2018-03-28 10:18:19',NULL,'1'),('6dd774d46cf044fe9324b0e57309c45e',1234,0.54,666.36,'201711',1,1,1,NULL,NULL,NULL,NULL,'2018-01-15 22:30:12',NULL,'0'),('f9123fc533e24245aced016a675fe744',111111,0.36,39999.96,'201711',0.54,11111,1.1,NULL,NULL,'2017-12-13 21:30:47',NULL,'2017-12-13 21:30:47',NULL,'1');

/*Table structure for table `energy_practical_transformer` */

DROP TABLE IF EXISTS `energy_practical_transformer`;

CREATE TABLE `energy_practical_transformer` (
  `id` varchar(32) NOT NULL,
  `area` varchar(30) DEFAULT NULL,
  `transformer_capacity` double DEFAULT NULL,
  `number` int(11) DEFAULT NULL,
  `total_capacity` double DEFAULT NULL,
  `practical` double DEFAULT NULL,
  `share_ratio` double DEFAULT NULL,
  `month` varchar(10) DEFAULT NULL,
  `status` tinyint(4) DEFAULT NULL,
  `create_user` varchar(32) DEFAULT NULL,
  `create_time` datetime DEFAULT NULL,
  `update_user` varchar(32) DEFAULT NULL,
  `update_time` datetime DEFAULT NULL,
  `remarks` varchar(255) DEFAULT NULL,
  `del_flag` varchar(1) DEFAULT NULL,
  PRIMARY KEY (`id`)
) ENGINE=InnoDB DEFAULT CHARSET=utf8;

/*Data for the table `energy_practical_transformer` */

/*Table structure for table `energy_price_date` */

DROP TABLE IF EXISTS `energy_price_date`;

CREATE TABLE `energy_price_date` (
  `id` varchar(32) NOT NULL,
  `year` varchar(20) DEFAULT NULL,
  `month` varchar(20) DEFAULT NULL,
  `energyType` int(11) DEFAULT NULL,
  `unit` varchar(10) DEFAULT NULL,
  `startDate` date DEFAULT NULL,
  `endDate` date DEFAULT NULL,
  `checkStatus` int(11) DEFAULT NULL,
  `status` tinyint(4) DEFAULT NULL,
  `del_flag` varchar(1) DEFAULT NULL,
  `create_user` varchar(32) DEFAULT NULL,
  `create_time` datetime DEFAULT NULL,
  `update_user` varchar(32) DEFAULT NULL,
  `update_time` datetime DEFAULT NULL,
  `remarks` varchar(255) DEFAULT NULL,
  PRIMARY KEY (`id`)
) ENGINE=InnoDB DEFAULT CHARSET=utf8;

/*Data for the table `energy_price_date` */

insert  into `energy_price_date`(`id`,`year`,`month`,`energyType`,`unit`,`startDate`,`endDate`,`checkStatus`,`status`,`del_flag`,`create_user`,`create_time`,`update_user`,`update_time`,`remarks`) values ('71cf819cdfa946ce85384aa94a042f4f','2017','12',NULL,'kwh','2017-12-01','2017-12-31',1,1,'0',NULL,'2017-12-13 21:47:35',NULL,'2018-01-15 20:34:02',NULL),('bbdadb7431ba42e6b075ac9339b94a4f','2017','11',NULL,'','2017-11-01','2017-11-30',1,1,'0',NULL,'2017-12-13 21:04:23',NULL,'2018-01-15 20:34:01',NULL),('c660f2aa69dd415ba9d03c0a3e1b6d78','2018','02',NULL,'','2018-02-01','2018-02-28',1,1,'0',NULL,'2018-03-28 09:56:51',NULL,'2018-03-28 09:58:01',NULL),('eb55e09b3d9446d9be99e47a730e8dc4','2018','01',NULL,'','2018-01-01','2018-01-31',1,1,'0',NULL,'2018-01-06 14:29:07',NULL,'2018-01-15 20:34:03',NULL);

/*Table structure for table `energy_price_time` */

DROP TABLE IF EXISTS `energy_price_time`;

CREATE TABLE `energy_price_time` (
  `id` varchar(32) NOT NULL,
  `startTime` time DEFAULT NULL,
  `endTime` time DEFAULT NULL,
  `price` double DEFAULT NULL,
  `dateId` varchar(32) DEFAULT NULL,
  `status` tinyint(4) DEFAULT NULL,
  `del_flag` varchar(1) DEFAULT NULL,
  `create_user` varchar(32) DEFAULT NULL,
  `create_time` datetime DEFAULT NULL,
  `update_user` varchar(32) DEFAULT NULL,
  `update_time` datetime DEFAULT NULL,
  `remarks` varchar(255) DEFAULT NULL,
  PRIMARY KEY (`id`)
) ENGINE=InnoDB DEFAULT CHARSET=utf8;

/*Data for the table `energy_price_time` */

insert  into `energy_price_time`(`id`,`startTime`,`endTime`,`price`,`dateId`,`status`,`del_flag`,`create_user`,`create_time`,`update_user`,`update_time`,`remarks`) values ('0e6a716359754719a18297963c909f43','08:00:00','11:00:00',0.9,'bbdadb7431ba42e6b075ac9339b94a4f',NULL,'0',NULL,'2017-12-13 21:04:23',NULL,'2017-12-13 21:04:23',NULL),('1739ff30cbf4494db2a3bf39cd4242a4','12:00:00','19:00:00',1.5,'eb55e09b3d9446d9be99e47a730e8dc4',NULL,'0',NULL,'2018-01-06 15:39:36',NULL,'2018-01-06 15:39:36',NULL),('1fb1a3ea66b94ffd9b2f1411e3a49eb8','16:00:00','21:00:00',0.9,'bbdadb7431ba42e6b075ac9339b94a4f',NULL,'0',NULL,'2017-12-13 21:04:23',NULL,'2017-12-13 21:04:23',NULL),('5f25d8a89dd24e98be05e1de6377b6b8','22:00:00','06:00:00',0.36,'bbdadb7431ba42e6b075ac9339b94a4f',NULL,'0',NULL,'2017-12-13 21:04:23',NULL,'2017-12-13 21:04:23',NULL),('676fa38d5fea4c27929a7e021552d993','21:00:00','00:00:00',0.36,'71cf819cdfa946ce85384aa94a042f4f',NULL,'0',NULL,'2017-12-13 21:47:35',NULL,'2017-12-13 21:47:35',NULL),('7c206266daea464997367657587ba28e','00:00:00','18:00:00',0.36,'71cf819cdfa946ce85384aa94a042f4f',NULL,'0',NULL,'2017-12-13 21:47:35',NULL,'2017-12-13 21:47:35',NULL),('83096903ee8143628afa87a62b57f787','06:00:00','08:00:00',0.36,'bbdadb7431ba42e6b075ac9339b94a4f',NULL,'0',NULL,'2017-12-13 21:04:23',NULL,'2017-12-13 21:04:23',NULL),('9702583efc1040ca8ae25b051b983113','19:00:00','22:00:00',0.9,'eb55e09b3d9446d9be99e47a730e8dc4',NULL,'0',NULL,'2018-01-06 15:39:36',NULL,'2018-01-06 15:39:36',NULL),('c53eee9784d547f9b4d2f81be1398609','06:00:00','12:00:00',0.8,'eb55e09b3d9446d9be99e47a730e8dc4',NULL,'0',NULL,'2018-01-06 15:39:36',NULL,'2018-01-06 15:39:36',NULL),('cf38871a44ca4d1bb45dbe7dbfe1e452','18:00:00','21:00:00',0.9,'71cf819cdfa946ce85384aa94a042f4f',NULL,'0',NULL,'2017-12-13 21:47:35',NULL,'2017-12-13 21:47:35',NULL),('d580b47e8cc74c2ca4f9305e47073215','09:00:00','09:00:00',9,'c660f2aa69dd415ba9d03c0a3e1b6d78',NULL,'0',NULL,'2018-03-28 09:56:51',NULL,'2018-03-28 09:56:51',NULL),('e88b636537af4fdb80c5e3db2d0ad7a8','11:00:00','16:00:00',0.36,'bbdadb7431ba42e6b075ac9339b94a4f',NULL,'0',NULL,'2017-12-13 21:04:23',NULL,'2017-12-13 21:04:23',NULL),('e8dfb6ee10b54a24b7a34252e0fba0b2','22:00:00','06:00:00',0.5,'eb55e09b3d9446d9be99e47a730e8dc4',NULL,'0',NULL,'2018-01-06 15:39:36',NULL,'2018-01-06 15:39:36',NULL),('f0e9f6d9c32845109ce39b9d10158777','21:00:00','22:00:00',0.36,'bbdadb7431ba42e6b075ac9339b94a4f',NULL,'0',NULL,'2017-12-13 21:04:23',NULL,'2017-12-13 21:04:23',NULL);

/*Table structure for table `energy_steam` */

DROP TABLE IF EXISTS `energy_steam`;

CREATE TABLE `energy_steam` (
  `id` varchar(32) NOT NULL,
  `meterNumber` varchar(30) DEFAULT NULL COMMENT '仪表编号',
  `parentNumber` varchar(30) DEFAULT NULL COMMENT '上级表编号',
  `area` varchar(30) DEFAULT NULL COMMENT '所在区域',
  `areaCode` varchar(30) DEFAULT NULL,
  `meterName` varchar(50) DEFAULT NULL COMMENT '仪表名称',
  `caliber` varchar(30) DEFAULT NULL COMMENT '管径',
  `meterType` int(11) DEFAULT NULL COMMENT '仪表类型',
  `meterModel` varchar(30) DEFAULT NULL COMMENT '仪表型号',
  `meterPosition` varchar(30) DEFAULT NULL COMMENT '仪表安装位置',
  `collectMode` int(11) DEFAULT NULL COMMENT '采集方式',
  `remarks` varchar(255) DEFAULT NULL COMMENT '备注',
  `shareFlag` int(11) DEFAULT NULL,
  `status` tinyint(4) DEFAULT NULL,
  `create_user` varchar(32) DEFAULT NULL,
  `create_time` datetime DEFAULT NULL,
  `update_user` varchar(32) DEFAULT NULL,
  `update_time` datetime DEFAULT NULL,
  `del_flag` varchar(1) DEFAULT NULL,
  PRIMARY KEY (`id`)
) ENGINE=InnoDB DEFAULT CHARSET=utf8mb4;

/*Data for the table `energy_steam` */

insert  into `energy_steam`(`id`,`meterNumber`,`parentNumber`,`area`,`areaCode`,`meterName`,`caliber`,`meterType`,`meterModel`,`meterPosition`,`collectMode`,`remarks`,`shareFlag`,`status`,`create_user`,`create_time`,`update_user`,`update_time`,`del_flag`) values ('00e9a38daac14c499d8f0228192d7436','S217036202001','3','恒盛分公司_B1厂房','C00_B1','蒸汽表-至1B总管（8bar）','',NULL,'','至1B总管（8bar）',2,'',0,NULL,NULL,'2018-03-23 09:57:20',NULL,'2018-03-23 09:57:20','0'),('04b32a06488641f49e78433f98556b3c','S217036216001','S217036202001','恒盛分公司_B1厂房','C00_B1','蒸汽表-1B的浆纱间屋顶采暖','ɸ89',NULL,'','1B的浆纱间屋顶采暖',2,'',0,NULL,NULL,'2018-03-23 10:40:18',NULL,'2018-03-23 10:40:18','0'),('173c148846da4c1c982b7dc95d46738d','S217036218001','S217036202001','恒盛分公司_B1厂房','C00_B1','蒸汽表-1B的浴室','ɸ108',NULL,'','1B的浴室',1,'',0,NULL,NULL,'2018-03-23 10:40:54',NULL,'2018-03-23 10:40:54','0'),('1f2d37f7769c49a28b328e9044e61f14','S217036205001','S217036202001','恒盛分公司_B1厂房','C00_B1','蒸汽表-1B浆纱间（4bar）','ɸ219',NULL,'','1B浆纱间（4bar）',1,'',0,NULL,NULL,'2018-03-23 10:35:48',NULL,'2018-03-23 10:35:48','0'),('292591d56dfb4f348e10004b34afa632','S217036212001','S217036202001','恒盛分公司_B1厂房','C00_B1','蒸汽表-1B的调浆室','ɸ159',NULL,'','1B的调浆室',1,'',0,NULL,NULL,'2018-03-23 10:37:27',NULL,'2018-03-23 10:37:27','0'),('595ae1dda01b47c589ccfedd54491fc9','S217036209001','S217036205001','恒盛分公司_B1厂房_浆纱间','C00_B1_B101','蒸汽表-1B的4号浆纱机','',NULL,'','1B的4号浆纱机',1,'',0,NULL,NULL,'2018-03-23 10:42:57',NULL,'2018-03-26 15:21:03','0'),('5f94a9696a55478486bb2d43a9df0662','S217036211001','S217036205001','恒盛分公司_B1厂房_浆纱间','C00_B1_B101','蒸汽表-1B的6号浆纱机','',NULL,'','1B的6号浆纱机',1,'',0,NULL,NULL,'2018-03-23 10:43:29',NULL,'2018-03-26 15:21:21','0'),('65d0f296b9284ead9e4f39f83f3fc745','S217036204001','3','恒盛分公司_B1厂房','C00_B1','蒸汽表-至F1总管（xbar）','ɸ159',NULL,'','至F1总管（xbar）',1,'',0,NULL,NULL,'2018-03-23 10:46:06',NULL,'2018-03-23 10:46:06','0'),('67d77295c2b4488c9b6354e03aca9b23','S217036210001','S217036205001','恒盛分公司_B1厂房_浆纱间','C00_B1_B101','蒸汽表-1B的5号浆纱机','',NULL,'','1B的5号浆纱机',1,'',0,NULL,NULL,'2018-03-23 10:43:12',NULL,'2018-03-26 15:21:33','0'),('6ffe80bf86434217ba03ad1d9b4c9560','S217036217001','3','恒盛分公司_B1厂房','C00_B1','蒸汽表-组合空调（取暖）','',NULL,'','组合空调（取暖）',2,'',0,NULL,NULL,'2018-03-23 10:44:54',NULL,'2018-03-23 10:44:54','0'),('71862837e8a144f29fc9d9a6a39e7e90','S217036203001','3','恒盛分公司_B1厂房','C00_B1','蒸汽表-至B2总管（xbar）','ɸ273',NULL,'','至B2总管（xbar）',1,'',0,NULL,NULL,'2018-03-23 10:45:34',NULL,'2018-03-23 10:45:34','0'),('890fd6aea1d9413ab593ddd556839427','S217036206001','S217036205001','恒盛分公司_B1厂房_浆纱间','C00_B1_B101','蒸汽表-1B的1号浆纱机','',NULL,'','1B的1号浆纱机',1,'',0,NULL,NULL,'2018-03-23 10:42:12',NULL,'2018-03-26 15:21:47','0'),('a095218891f2414ebc098cf9a261a40d','S217036214001','S217036202001','恒盛分公司_B1厂房','C00_B1','蒸汽表-1B的空调','ɸ108',NULL,'','1B的空调',2,'',0,NULL,NULL,'2018-03-23 10:38:52',NULL,'2018-03-23 10:38:52','0'),('a53c41cf50fc4866be0ed41d6f437801','S217036215001','S217036202001','恒盛分公司_B1厂房','C00_B1','蒸汽表-1B的采暖机房','ɸ89',NULL,'','1B的采暖机房',1,'',0,NULL,NULL,'2018-03-23 10:39:33',NULL,'2018-03-23 10:39:33','0'),('aad26c6c4ba742148c76c6595171ba06','S217036213001','S217036202001','恒盛分公司_B1厂房','C00_B1','蒸汽表-1B的蒸纱间','ɸ108',NULL,'','1B的蒸纱间',1,'',0,NULL,NULL,'2018-03-23 10:38:11',NULL,'2018-03-23 10:38:11','0'),('acd9afe85aac4b969cd91d870ec81653','S217036208001','S217036205001','恒盛分公司_B1厂房_浆纱间','C00_B1_B101','蒸汽表-1B的3号浆纱机','',NULL,'','1B的3号浆纱机',2,'',0,NULL,NULL,'2018-03-23 10:42:45',NULL,'2018-03-26 15:22:09','0'),('ecb7b8a54fbc47999bd9ab63c3cbfdfb','S217036207001','S217036205001','恒盛分公司_B1厂房_浆纱间','C00_B1_B101','蒸汽表-1B的2号浆纱机','',NULL,'','1B的2号浆纱机',2,'',0,NULL,NULL,'2018-03-23 10:42:28',NULL,'2018-03-26 15:22:18','0');

/*Table structure for table `energy_steam_meterreading` */

DROP TABLE IF EXISTS `energy_steam_meterreading`;

CREATE TABLE `energy_steam_meterreading` (
  `id` varchar(32) NOT NULL,
  `batchNumber` varchar(100) DEFAULT NULL,
  `meterNumber` varchar(100) DEFAULT NULL COMMENT '仪表编号',
  `meterName` varchar(100) DEFAULT NULL,
  `area` varchar(100) DEFAULT NULL,
  `areaCode` varchar(100) DEFAULT NULL,
  `realF` double DEFAULT NULL,
  `pressure` double DEFAULT NULL,
  `temp` double DEFAULT NULL,
  `totalF` double DEFAULT NULL,
  `readingTime` datetime DEFAULT NULL,
  `create_user` varchar(32) DEFAULT NULL,
  `create_time` datetime DEFAULT NULL,
  `update_user` varchar(32) DEFAULT NULL,
  `update_time` datetime DEFAULT NULL,
  `remarks` varchar(255) DEFAULT NULL,
  `del_flag` varchar(1) DEFAULT NULL,
  PRIMARY KEY (`id`)
) ENGINE=InnoDB DEFAULT CHARSET=utf8;

/*Data for the table `energy_steam_meterreading` */

insert  into `energy_steam_meterreading`(`id`,`batchNumber`,`meterNumber`,`meterName`,`area`,`areaCode`,`realF`,`pressure`,`temp`,`totalF`,`readingTime`,`create_user`,`create_time`,`update_user`,`update_time`,`remarks`,`del_flag`) values ('a52e2c66374d468a8a981fb3025db67b','1522055075085','S217036202001','蒸汽表-至1B总管（8bar）','恒盛分公司_B1厂房','C00_B1',10,300,156,20.1,'2018-03-24 16:46:00',NULL,'2018-03-26 17:04:35',NULL,'2018-03-26 17:04:35',NULL,'0');

/*Table structure for table `energy_steam_month` */

DROP TABLE IF EXISTS `energy_steam_month`;

CREATE TABLE `energy_steam_month` (
  `id` varchar(32) NOT NULL,
  `meterNumber` varchar(30) DEFAULT NULL COMMENT '仪表编号',
  `parentNumber` varchar(30) DEFAULT NULL COMMENT '上级表编号',
  `area` varchar(30) DEFAULT NULL COMMENT '所在区域',
  `parentArea` varchar(30) DEFAULT NULL,
  `areaCode` varchar(30) DEFAULT NULL,
  `parentCode` varchar(30) DEFAULT NULL,
  `meterName` varchar(30) DEFAULT NULL COMMENT '仪表名称',
  `meteringType` int(11) DEFAULT NULL COMMENT '计量类型',
  `month` varchar(11) DEFAULT NULL,
  `useData` double DEFAULT NULL COMMENT '使用量',
  `shareData` double DEFAULT NULL COMMENT '分摊量',
  `lastData` double DEFAULT NULL,
  `startTime` date DEFAULT NULL,
  `endTime` date DEFAULT NULL,
  `startData` double DEFAULT NULL,
  `endData` double DEFAULT NULL,
  `status` tinyint(4) DEFAULT NULL,
  `del_flag` varchar(1) DEFAULT NULL,
  `create_user` varchar(32) DEFAULT NULL,
  `create_time` datetime DEFAULT NULL,
  `update_user` varchar(32) DEFAULT NULL,
  `update_time` datetime DEFAULT NULL,
  `remarks` varchar(255) DEFAULT NULL,
  PRIMARY KEY (`id`)
) ENGINE=InnoDB DEFAULT CHARSET=utf8;

/*Data for the table `energy_steam_month` */

insert  into `energy_steam_month`(`id`,`meterNumber`,`parentNumber`,`area`,`parentArea`,`areaCode`,`parentCode`,`meterName`,`meteringType`,`month`,`useData`,`shareData`,`lastData`,`startTime`,`endTime`,`startData`,`endData`,`status`,`del_flag`,`create_user`,`create_time`,`update_user`,`update_time`,`remarks`) values ('1ac53e8f1058400e968f954c2eea4ec6','S217036204001','3','恒盛分公司_B1厂房',NULL,'C00_B1',NULL,'蒸汽表-至F1总管（xbar）',NULL,'201801',NULL,NULL,NULL,'2018-01-01','2018-02-01',NULL,NULL,0,'0',NULL,'2018-03-28 09:53:00',NULL,'2018-03-28 09:53:00','0'),('248e04ca535a4cfc8424734c2524069c','S217036208001','S217036205001','恒盛分公司_B1厂房_浆纱间',NULL,'C00_B1_B101',NULL,'蒸汽表-1B的3号浆纱机',NULL,'201801',NULL,NULL,NULL,'2018-01-01','2018-02-01',NULL,NULL,0,'0',NULL,'2018-03-28 09:53:00',NULL,'2018-03-28 09:53:00','0'),('293f082705084d41b1bf79da4408a654','S217036210001','S217036205001','恒盛分公司_B1厂房_浆纱间',NULL,'C00_B1_B101',NULL,'蒸汽表-1B的5号浆纱机',NULL,'201801',NULL,NULL,NULL,'2018-01-01','2018-02-01',NULL,NULL,0,'0',NULL,'2018-03-28 09:53:00',NULL,'2018-03-28 09:53:00','0'),('3e9d2ab5035b48b4bb714de036197d48','S217036212001','S217036202001','恒盛分公司_B1厂房',NULL,'C00_B1',NULL,'蒸汽表-1B的调浆室',NULL,'201801',NULL,NULL,NULL,'2018-01-01','2018-02-01',NULL,NULL,0,'0',NULL,'2018-03-28 09:53:00',NULL,'2018-03-28 09:53:00','0'),('43b542c9c9204c06b338467823fbce65','S217036216001','S217036202001','恒盛分公司_B1厂房',NULL,'C00_B1',NULL,'蒸汽表-1B的浆纱间屋顶采暖',NULL,'201802',NULL,NULL,NULL,'2018-02-01','2018-02-28',NULL,NULL,0,'0',NULL,'2018-03-28 10:21:00',NULL,'2018-03-28 10:21:00','0'),('44eae1c9afb04cc580ea33e0fb1469ca','S217036209001','S217036205001','恒盛分公司_B1厂房_浆纱间',NULL,'C00_B1_B101',NULL,'蒸汽表-1B的4号浆纱机',NULL,'201802',NULL,NULL,NULL,'2018-02-01','2018-02-28',NULL,NULL,0,'0',NULL,'2018-03-28 10:21:00',NULL,'2018-03-28 10:21:00','0'),('571201d52ebe40d88b09498579997f2e','S217036206001','S217036205001','恒盛分公司_B1厂房_浆纱间',NULL,'C00_B1_B101',NULL,'蒸汽表-1B的1号浆纱机',NULL,'201802',NULL,NULL,NULL,'2018-02-01','2018-02-28',NULL,NULL,0,'0',NULL,'2018-03-28 10:21:00',NULL,'2018-03-28 10:21:00','0'),('666447eee90b4481a65666d8d277f73f','S217036202001','3','恒盛分公司_B1厂房',NULL,'C00_B1',NULL,'蒸汽表-至1B总管（8bar）',NULL,'201801',NULL,NULL,NULL,'2018-01-01','2018-02-01',NULL,NULL,0,'0',NULL,'2018-03-28 09:53:00',NULL,'2018-03-28 09:53:00','0'),('66a93d3f18314acf92a1f55f6b4fac0a','S217036213001','S217036202001','恒盛分公司_B1厂房',NULL,'C00_B1',NULL,'蒸汽表-1B的蒸纱间',NULL,'201802',NULL,NULL,NULL,'2018-02-01','2018-02-28',NULL,NULL,0,'0',NULL,'2018-03-28 10:21:00',NULL,'2018-03-28 10:21:00','0'),('6cb7a79761044ae696fbd07d7f33cc68','S217036215001','S217036202001','恒盛分公司_B1厂房',NULL,'C00_B1',NULL,'蒸汽表-1B的采暖机房',NULL,'201801',NULL,NULL,NULL,'2018-01-01','2018-02-01',NULL,NULL,0,'0',NULL,'2018-03-28 09:53:00',NULL,'2018-03-28 09:53:00','0'),('70eadefce412471fbc749b4d237b4ac8','S217036203001','3','恒盛分公司_B1厂房',NULL,'C00_B1',NULL,'蒸汽表-至B2总管（xbar）',NULL,'201802',NULL,NULL,NULL,'2018-02-01','2018-02-28',NULL,NULL,0,'0',NULL,'2018-03-28 10:21:00',NULL,'2018-03-28 10:21:00','0'),('73577a02bd9c45cc8a3dc80e19e43536','S217036211001','S217036205001','恒盛分公司_B1厂房_浆纱间',NULL,'C00_B1_B101',NULL,'蒸汽表-1B的6号浆纱机',NULL,'201802',NULL,NULL,NULL,'2018-02-01','2018-02-28',NULL,NULL,0,'0',NULL,'2018-03-28 10:21:00',NULL,'2018-03-28 10:21:00','0'),('74166a581f2d44249593c58c36e6929f','S217036205001','S217036202001','恒盛分公司_B1厂房',NULL,'C00_B1',NULL,'蒸汽表-1B浆纱间（4bar）',NULL,'201802',NULL,NULL,NULL,'2018-02-01','2018-02-28',NULL,NULL,0,'0',NULL,'2018-03-28 10:21:00',NULL,'2018-03-28 10:21:00','0'),('76cc71661be043f6a5302c5449ab5f61','S217036217001','3','恒盛分公司_B1厂房',NULL,'C00_B1',NULL,'蒸汽表-组合空调（取暖）',NULL,'201801',NULL,NULL,NULL,'2018-01-01','2018-02-01',NULL,NULL,0,'0',NULL,'2018-03-28 09:53:00',NULL,'2018-03-28 09:53:00','0'),('7ac5a4ec768c4d53a66c25268c709e8f','S217036206001','S217036205001','恒盛分公司_B1厂房_浆纱间',NULL,'C00_B1_B101',NULL,'蒸汽表-1B的1号浆纱机',NULL,'201801',NULL,NULL,NULL,'2018-01-01','2018-02-01',NULL,NULL,0,'0',NULL,'2018-03-28 09:53:00',NULL,'2018-03-28 09:53:00','0'),('899e2c0c9799410c9f18a498dff6adb0','S217036209001','S217036205001','恒盛分公司_B1厂房_浆纱间',NULL,'C00_B1_B101',NULL,'蒸汽表-1B的4号浆纱机',NULL,'201801',NULL,NULL,NULL,'2018-01-01','2018-02-01',NULL,NULL,0,'0',NULL,'2018-03-28 09:53:00',NULL,'2018-03-28 09:53:00','0'),('8a450382530d4c278d537aee57d43185','S217036211001','S217036205001','恒盛分公司_B1厂房_浆纱间',NULL,'C00_B1_B101',NULL,'蒸汽表-1B的6号浆纱机',NULL,'201801',NULL,NULL,NULL,'2018-01-01','2018-02-01',NULL,NULL,0,'0',NULL,'2018-03-28 09:53:00',NULL,'2018-03-28 09:53:00','0'),('8f0201245e4f4cc6be8d3b000f37645f','S217036214001','S217036202001','恒盛分公司_B1厂房',NULL,'C00_B1',NULL,'蒸汽表-1B的空调',NULL,'201801',NULL,NULL,NULL,'2018-01-01','2018-02-01',NULL,NULL,0,'0',NULL,'2018-03-28 09:53:00',NULL,'2018-03-28 09:53:00','0'),('92b6ee486aff4ee2860155eeb4a37fc0','S217036217001','3','恒盛分公司_B1厂房',NULL,'C00_B1',NULL,'蒸汽表-组合空调（取暖）',NULL,'201802',NULL,NULL,NULL,'2018-02-01','2018-02-28',NULL,NULL,0,'0',NULL,'2018-03-28 10:21:00',NULL,'2018-03-28 10:21:00','0'),('a1e2ff00b2934397a64e2ff9a7f9a765','S217036202001','3','恒盛分公司_B1厂房',NULL,'C00_B1',NULL,'蒸汽表-至1B总管（8bar）',NULL,'201802',NULL,NULL,NULL,'2018-02-01','2018-02-28',NULL,NULL,0,'0',NULL,'2018-03-28 10:21:00',NULL,'2018-03-28 10:21:00','0'),('ab15830008744f1bbff953cf6999e1b2','S217036208001','S217036205001','恒盛分公司_B1厂房_浆纱间',NULL,'C00_B1_B101',NULL,'蒸汽表-1B的3号浆纱机',NULL,'201802',NULL,NULL,NULL,'2018-02-01','2018-02-28',NULL,NULL,0,'0',NULL,'2018-03-28 10:21:00',NULL,'2018-03-28 10:21:00','0'),('abe0e453d4904c8189a9cf21e688e1bc','S217036204001','3','恒盛分公司_B1厂房',NULL,'C00_B1',NULL,'蒸汽表-至F1总管（xbar）',NULL,'201802',NULL,NULL,NULL,'2018-02-01','2018-02-28',NULL,NULL,0,'0',NULL,'2018-03-28 10:21:00',NULL,'2018-03-28 10:21:00','0'),('ac6166c118c148db91a5211505cce2b5','S217036218001','S217036202001','恒盛分公司_B1厂房',NULL,'C00_B1',NULL,'蒸汽表-1B的浴室',NULL,'201801',NULL,NULL,NULL,'2018-01-01','2018-02-01',NULL,NULL,0,'0',NULL,'2018-03-28 09:53:00',NULL,'2018-03-28 09:53:00','0'),('b1588b8c7ccc4d1894f8a319044273a0','S217036212001','S217036202001','恒盛分公司_B1厂房',NULL,'C00_B1',NULL,'蒸汽表-1B的调浆室',NULL,'201802',NULL,NULL,NULL,'2018-02-01','2018-02-28',NULL,NULL,0,'0',NULL,'2018-03-28 10:21:00',NULL,'2018-03-28 10:21:00','0'),('b26614e7a7a24dabbd305f828809be59','S217036214001','S217036202001','恒盛分公司_B1厂房',NULL,'C00_B1',NULL,'蒸汽表-1B的空调',NULL,'201802',NULL,NULL,NULL,'2018-02-01','2018-02-28',NULL,NULL,0,'0',NULL,'2018-03-28 10:21:00',NULL,'2018-03-28 10:21:00','0'),('b79b40b2a146453cab3a04e1572add03','S217030000001','3','恒盛分公司_B1厂房_织二区域',NULL,'C00_B1_B109',NULL,'蒸气表（测试）',NULL,'201711',NULL,0,0,'2017-11-01','2017-12-01',NULL,NULL,1,'0',NULL,'2018-01-16 15:19:00',NULL,'2018-03-28 10:00:55','1'),('c3460cd72a32490e8decd37d8d382e51','S217036213001','S217036202001','恒盛分公司_B1厂房',NULL,'C00_B1',NULL,'蒸汽表-1B的蒸纱间',NULL,'201801',NULL,NULL,NULL,'2018-01-01','2018-02-01',NULL,NULL,0,'0',NULL,'2018-03-28 09:53:00',NULL,'2018-03-28 09:53:00','0'),('c37d8306b6fb4a6291f970a0b20da04e','S217036207001','S217036205001','恒盛分公司_B1厂房_浆纱间',NULL,'C00_B1_B101',NULL,'蒸汽表-1B的2号浆纱机',NULL,'201802',NULL,NULL,NULL,'2018-02-01','2018-02-28',NULL,NULL,0,'0',NULL,'2018-03-28 10:21:00',NULL,'2018-03-28 10:21:00','0'),('cafb67adcb524e41b25c755a2ded91fb','S217036216001','S217036202001','恒盛分公司_B1厂房',NULL,'C00_B1',NULL,'蒸汽表-1B的浆纱间屋顶采暖',NULL,'201801',NULL,NULL,NULL,'2018-01-01','2018-02-01',NULL,NULL,0,'0',NULL,'2018-03-28 09:53:00',NULL,'2018-03-28 09:53:00','0'),('d3c5a7be00d84ab5b3c8f4271cd3663f','S217036218001','S217036202001','恒盛分公司_B1厂房',NULL,'C00_B1',NULL,'蒸汽表-1B的浴室',NULL,'201802',NULL,NULL,NULL,'2018-02-01','2018-02-28',NULL,NULL,0,'0',NULL,'2018-03-28 10:21:00',NULL,'2018-03-28 10:21:00','0'),('d6ca43d52f7d4627a39cbb3a73b7420c','S217030000001','3','恒盛分公司_B1厂房_织二区域',NULL,'C00_B1_B109',NULL,'蒸气表（测试）',NULL,'201712',NULL,NULL,NULL,'2017-12-01','2018-01-01',NULL,NULL,0,'0',NULL,'2018-01-16 15:19:00',NULL,'2018-01-16 15:19:00',NULL),('d6d0df1b446845be91c0f497c03721c5','S217036203001','3','恒盛分公司_B1厂房',NULL,'C00_B1',NULL,'蒸汽表-至B2总管（xbar）',NULL,'201801',NULL,NULL,NULL,'2018-01-01','2018-02-01',NULL,NULL,0,'0',NULL,'2018-03-28 09:53:00',NULL,'2018-03-28 09:53:00','0'),('eff81b88e8d74d198456f2178c90d2e2','S217036207001','S217036205001','恒盛分公司_B1厂房_浆纱间',NULL,'C00_B1_B101',NULL,'蒸汽表-1B的2号浆纱机',NULL,'201801',NULL,NULL,NULL,'2018-01-01','2018-02-01',NULL,NULL,0,'0',NULL,'2018-03-28 09:53:00',NULL,'2018-03-28 09:53:00','0'),('f8cf9250a1c64d258579fa293511a5af','S217036205001','S217036202001','恒盛分公司_B1厂房',NULL,'C00_B1',NULL,'蒸汽表-1B浆纱间（4bar）',NULL,'201801',NULL,NULL,NULL,'2018-01-01','2018-02-01',NULL,NULL,0,'0',NULL,'2018-03-28 09:53:00',NULL,'2018-03-28 09:53:00','0'),('fd3b610a91fc4290af52bb69f5e15364','S217036215001','S217036202001','恒盛分公司_B1厂房',NULL,'C00_B1',NULL,'蒸汽表-1B的采暖机房',NULL,'201802',NULL,NULL,NULL,'2018-02-01','2018-02-28',NULL,NULL,0,'0',NULL,'2018-03-28 10:21:00',NULL,'2018-03-28 10:21:00','0'),('ff83be7205e54fe3b7b90e9f081479d3','S217036210001','S217036205001','恒盛分公司_B1厂房_浆纱间',NULL,'C00_B1_B101',NULL,'蒸汽表-1B的5号浆纱机',NULL,'201802',NULL,NULL,NULL,'2018-02-01','2018-02-28',NULL,NULL,0,'0',NULL,'2018-03-28 10:21:00',NULL,'2018-03-28 10:21:00','0');

/*Table structure for table `energy_time` */

DROP TABLE IF EXISTS `energy_time`;

CREATE TABLE `energy_time` (
  `id` varchar(32) NOT NULL,
  `year_month` varchar(6) DEFAULT NULL,
  `year` varchar(4) DEFAULT NULL,
  `month` varchar(2) DEFAULT NULL,
  `start_data` date DEFAULT NULL,
  `end_data` date DEFAULT NULL,
  `status` int(11) DEFAULT NULL,
  `create_user` varchar(32) DEFAULT NULL,
  `create_time` datetime DEFAULT NULL,
  `update_user` varchar(32) DEFAULT NULL,
  `update_time` datetime DEFAULT NULL,
  `remarks` varchar(255) DEFAULT NULL,
  `del_flag` varchar(1) DEFAULT NULL,
  PRIMARY KEY (`id`)
) ENGINE=InnoDB DEFAULT CHARSET=utf8;

/*Data for the table `energy_time` */

insert  into `energy_time`(`id`,`year_month`,`year`,`month`,`start_data`,`end_data`,`status`,`create_user`,`create_time`,`update_user`,`update_time`,`remarks`,`del_flag`) values ('569d5b2c775b411eac331be21ce4ca30','201712','2017','12','2017-12-01','2018-01-01',1,NULL,'2017-12-13 21:45:00',NULL,'2018-01-16 15:19:00','1','0'),('622409788bdc4d89a266b1409d6079f8','201802','2018','02','2018-02-01','2018-02-28',1,NULL,'2018-03-28 10:19:59',NULL,'2018-03-28 10:21:00','1','0'),('6ca9969a58614f84b0b3027bf9d3c7e4','201711','2017','11','2017-11-01','2017-12-01',1,NULL,'2017-12-13 20:59:42',NULL,'2018-01-16 15:19:00','1','0'),('a53b30546122489da99f73d545cf4da3','201801','2018','01','2018-01-01','2018-02-01',1,NULL,'2018-01-05 22:52:16',NULL,'2018-03-28 09:53:00','1','0');

/*Table structure for table `energy_type_setting` */

DROP TABLE IF EXISTS `energy_type_setting`;

CREATE TABLE `energy_type_setting` (
  `id` varchar(32) NOT NULL,
  `energyName` varchar(30) DEFAULT NULL,
  `energyType` int(11) DEFAULT NULL,
  `meteringUnits` varchar(30) DEFAULT NULL,
  `code` varchar(30) DEFAULT NULL,
  `beginYearInventory` double DEFAULT NULL,
  `unitPrice` double DEFAULT NULL,
  `physicalQuantityRatio` double DEFAULT NULL,
  `endYearInventory` double DEFAULT NULL,
  `referenceScalingFactor` varchar(30) DEFAULT NULL,
  `useScalingFactor` double DEFAULT NULL,
  `month` varchar(10) DEFAULT NULL,
  `status` tinyint(4) DEFAULT NULL,
  `create_user` varchar(32) DEFAULT NULL,
  `create_time` datetime DEFAULT NULL,
  `update_user` varchar(32) DEFAULT NULL,
  `update_time` datetime DEFAULT NULL,
  `remarks` varchar(255) DEFAULT NULL,
  `del_flag` varchar(1) DEFAULT NULL,
  PRIMARY KEY (`id`)
) ENGINE=InnoDB DEFAULT CHARSET=utf8;

/*Data for the table `energy_type_setting` */

insert  into `energy_type_setting`(`id`,`energyName`,`energyType`,`meteringUnits`,`code`,`beginYearInventory`,`unitPrice`,`physicalQuantityRatio`,`endYearInventory`,`referenceScalingFactor`,`useScalingFactor`,`month`,`status`,`create_user`,`create_time`,`update_user`,`update_time`,`remarks`,`del_flag`) values ('0123ec5393eb4ad1b87ac8ab3cc5b823','天然气',4,'万立方米','13',123,1,12,12,'11-13.3',2,'201711',NULL,NULL,NULL,NULL,'2018-03-28 10:12:28',NULL,'0'),('0245a033a0534fe49d88b9ef7834e4b2','电力',2,'万千瓦时','24',NULL,0.65,0.0001,NULL,'1.229',1.229,'201711',NULL,NULL,NULL,NULL,'2017-12-01 09:50:44',NULL,'0'),('03bb3d4ea9634bcfa7e79f4729d83073','焦炉煤气',NULL,'万立方米','10',NULL,NULL,NULL,NULL,'5.714-6.143',NULL,'201712',NULL,NULL,'2017-12-01 09:54:17',NULL,'2017-12-01 09:54:17',NULL,'0'),('07b61ab4d77c4711a5f5ae2015530500','液化石油气',NULL,'吨','20',NULL,NULL,NULL,NULL,'1.7143',NULL,'201711',NULL,NULL,'2017-12-01 09:49:50',NULL,'2017-12-01 09:49:50',NULL,'0'),('07ded8241511470da69a55a946b499af','生物质能',NULL,'吨标准煤','27',NULL,NULL,NULL,NULL,'1',NULL,'201711',NULL,NULL,'2017-12-01 09:49:50',NULL,'2017-12-01 09:49:50',NULL,'0'),('08d2e3c3342f475fac01e59a56962bb6','焦炉煤气',4,'万立方米','10',22,2,2,2,'5.714-6.143',2,'201801',NULL,NULL,NULL,NULL,'2018-03-28 10:13:02',NULL,'0'),('0a5c8aefdbe94e01b3e297a6be3a75aa','液化天然气',NULL,'吨','14',NULL,NULL,NULL,NULL,'1.7572',NULL,'201801',NULL,NULL,'2018-03-28 10:09:10',NULL,'2018-03-28 10:09:10',NULL,'0'),('0beb31d4a9794879b8106a7d289300e8','其他煤气',NULL,'万立方米','12',NULL,NULL,NULL,NULL,'1.7-12.1',NULL,'201801',NULL,NULL,'2018-03-28 10:09:10',NULL,'2018-03-28 10:09:10',NULL,'0'),('1','焦炉煤气',NULL,'万立方米','10',NULL,NULL,NULL,NULL,'5.714-6.143',NULL,'201710',NULL,NULL,NULL,NULL,NULL,NULL,'0'),('10','燃料油',NULL,'吨','19',NULL,NULL,NULL,NULL,'1.4286',NULL,'201710',NULL,NULL,NULL,NULL,NULL,NULL,'0'),('11','液化石油气',NULL,'吨','20',NULL,NULL,NULL,NULL,'1.7143',NULL,'201710',NULL,NULL,NULL,NULL,NULL,NULL,'0'),('12','炼厂干气',NULL,'吨','21',NULL,NULL,NULL,NULL,'1.5714',NULL,'201710',NULL,NULL,NULL,NULL,NULL,NULL,'0'),('128d5817a86745cb96547bfa1df16f6f','其他煤气',NULL,'万立方米','12',NULL,NULL,NULL,NULL,'1.7-12.1',NULL,'201802',NULL,NULL,'2018-03-28 10:20:18',NULL,'2018-03-28 10:20:18',NULL,'0'),('13','其他石油制品',NULL,'吨','22',NULL,NULL,NULL,NULL,'1-1.4',NULL,'201710',NULL,NULL,NULL,NULL,NULL,NULL,'0'),('14','热力',3,'百万千焦','23',NULL,156,3.05,NULL,'0.0341',0.0341,'201710',NULL,NULL,NULL,NULL,NULL,NULL,'0'),('15','电力',2,'万千瓦时','24',NULL,0.65,0.0001,NULL,'1.229',1.229,'201710',NULL,NULL,NULL,NULL,NULL,NULL,'0'),('16','其它燃料',NULL,NULL,'25',NULL,NULL,NULL,NULL,'1',NULL,'201710',NULL,NULL,NULL,NULL,NULL,NULL,'0'),('17','煤石',NULL,'吨','26',NULL,NULL,NULL,NULL,'0.1786',NULL,'201710',NULL,NULL,NULL,NULL,NULL,NULL,'0'),('1755a00f68b14b61b716da9597bec2c8','工业废料',NULL,'吨标准煤','28',NULL,NULL,NULL,NULL,'0.1786',NULL,'201711',NULL,NULL,'2017-12-01 09:49:50',NULL,'2017-12-01 09:49:50',NULL,'0'),('18','生物质能',NULL,'吨标准煤','27',NULL,NULL,NULL,NULL,'1',NULL,'201710',NULL,NULL,NULL,NULL,NULL,NULL,'0'),('19','工业废料',NULL,'吨标准煤','28',NULL,NULL,NULL,NULL,'0.1786',NULL,'201710',NULL,NULL,NULL,NULL,NULL,NULL,'0'),('1f5aa9b791ca4f51a0b2478c37c71b10','汽油',NULL,'吨','16',NULL,NULL,NULL,NULL,'1.4714',NULL,'201711',NULL,NULL,'2017-12-01 09:49:50',NULL,'2017-12-01 09:49:50',NULL,'0'),('1fa15f230d874dd2b27b918093f9cd5b','其它燃料',NULL,NULL,'25',NULL,NULL,NULL,NULL,'1',NULL,'201801',NULL,NULL,'2018-03-28 10:09:10',NULL,'2018-03-28 10:09:10',NULL,'0'),('2','高炉煤气',NULL,'万立方米','11',NULL,NULL,NULL,NULL,'1.286',NULL,'201710',NULL,NULL,NULL,NULL,NULL,NULL,'0'),('20','城市固体垃圾',NULL,'吨标准煤','29',NULL,NULL,NULL,NULL,NULL,NULL,'201710',NULL,NULL,NULL,NULL,NULL,NULL,'0'),('220a2432dd3643d8b53d66ea34cd7ce0','液化石油气',NULL,'吨','20',NULL,NULL,NULL,NULL,'1.7143',NULL,'201712',NULL,NULL,'2017-12-01 09:54:17',NULL,'2017-12-01 09:54:17',NULL,'0'),('25','焦炉煤气',NULL,'万立方米','10',NULL,NULL,NULL,NULL,'5.714-6.143',NULL,'201709',NULL,NULL,NULL,NULL,NULL,NULL,'0'),('26','高炉煤气',NULL,'万立方米','11',NULL,NULL,NULL,NULL,'1.286',NULL,'201709',NULL,NULL,NULL,NULL,NULL,NULL,'0'),('27','其他煤气',NULL,'万立方米','12',NULL,NULL,NULL,NULL,'1.7-12.1',NULL,'201709',NULL,NULL,NULL,NULL,NULL,NULL,'0'),('28','天然气',NULL,'万立方米','13',NULL,NULL,NULL,NULL,'11-13.3',NULL,'201709',NULL,NULL,NULL,NULL,NULL,NULL,'0'),('29','液化天然气',NULL,'吨','14',NULL,NULL,NULL,NULL,'1.7572',NULL,'201709',NULL,NULL,NULL,NULL,NULL,NULL,'0'),('2fe19cffbb764012b05aa3455b97401f','燃料油',NULL,'吨','19',NULL,NULL,NULL,NULL,'1.4286',NULL,'201801',NULL,NULL,'2018-03-28 10:09:10',NULL,'2018-03-28 10:09:10',NULL,'0'),('3','其他煤气',NULL,'万立方米','12',NULL,NULL,NULL,NULL,'1.7-12.1',NULL,'201710',NULL,NULL,NULL,NULL,NULL,NULL,'0'),('30','原油',NULL,'吨','15',NULL,NULL,NULL,NULL,'1.4286',NULL,'201709',NULL,NULL,NULL,NULL,NULL,NULL,'0'),('30f9a29686c248d9ab7751377f6e2aeb','原油',NULL,'吨','15',NULL,NULL,NULL,NULL,'1.4286',NULL,'201711',NULL,NULL,'2017-12-01 09:49:50',NULL,'2017-12-01 09:49:50',NULL,'0'),('31','汽油',NULL,'吨','16',NULL,NULL,NULL,NULL,'1.4714',NULL,'201709',NULL,NULL,NULL,NULL,NULL,NULL,'0'),('32','煤油',NULL,'吨','17',NULL,NULL,NULL,NULL,'1.4714',NULL,'201709',NULL,NULL,NULL,NULL,NULL,NULL,'0'),('33','柴油',NULL,'吨','18',NULL,NULL,NULL,NULL,'1.4571',NULL,'201709',NULL,NULL,NULL,NULL,NULL,NULL,'0'),('33bc3d7a2c3a4f009ae81fa821fade18','原油',NULL,'吨','15',NULL,NULL,NULL,NULL,'1.4286',NULL,'201801',NULL,NULL,'2018-03-28 10:09:10',NULL,'2018-03-28 10:09:10',NULL,'0'),('34','燃料油',NULL,'吨','19',NULL,NULL,NULL,NULL,'1.4286',NULL,'201709',NULL,NULL,NULL,NULL,NULL,NULL,'0'),('35','液化石油气',NULL,'吨','20',NULL,NULL,NULL,NULL,'1.7143',NULL,'201709',NULL,NULL,NULL,NULL,NULL,NULL,'0'),('36','炼厂干气',NULL,'吨','21',NULL,NULL,NULL,NULL,'1.5714',NULL,'201709',NULL,NULL,NULL,NULL,NULL,NULL,'0'),('37','其他石油制品',NULL,'吨','22',NULL,NULL,NULL,NULL,'1-1.4',NULL,'201709',NULL,NULL,NULL,NULL,NULL,NULL,'0'),('38','热力',3,'百万千焦','23',NULL,156,3.05,NULL,'0.0341',0.0341,'201709',NULL,NULL,NULL,NULL,NULL,NULL,'0'),('39','电力',2,'万千瓦时','24',NULL,0.65,0.0001,NULL,'1.229',1.229,'201709',NULL,NULL,NULL,NULL,NULL,NULL,'0'),('4','天然气',NULL,'万立方米','13',NULL,NULL,NULL,NULL,'11-13.3',NULL,'201710',NULL,NULL,NULL,NULL,NULL,NULL,'0'),('40','其它燃料',NULL,NULL,'25',NULL,NULL,NULL,NULL,'1',NULL,'201709',NULL,NULL,NULL,NULL,NULL,NULL,'0'),('41','煤石',NULL,'吨','26',NULL,NULL,NULL,NULL,'0.1786',NULL,'201709',NULL,NULL,NULL,NULL,NULL,NULL,'0'),('42','生物质能',NULL,'吨标准煤','27',NULL,NULL,NULL,NULL,'1',NULL,'201709',NULL,NULL,NULL,NULL,NULL,NULL,'0'),('425597ada7c54a0abd9f7b1bf490808d','其他石油制品',NULL,'吨','22',NULL,NULL,NULL,NULL,'1-1.4',NULL,'201802',NULL,NULL,'2018-03-28 10:20:18',NULL,'2018-03-28 10:20:18',NULL,'0'),('43','工业废料',NULL,'吨标准煤','28',NULL,NULL,NULL,NULL,'0.1786',NULL,'201709',NULL,NULL,NULL,NULL,NULL,NULL,'0'),('44','城市固体垃圾',NULL,'吨标准煤','29',NULL,NULL,NULL,NULL,NULL,NULL,'201709',NULL,NULL,NULL,NULL,NULL,NULL,'0'),('45b3569bab8d4a119de0c1ead514117a','热力',3,'百万千焦','23',NULL,156,3.05,NULL,'0.0341',0.0341,'201711',NULL,NULL,'2017-12-01 09:49:50',NULL,'2017-12-01 09:49:50',NULL,'0'),('49034efd88684a84937746de4b95ab2e','柴油',NULL,'吨','18',NULL,NULL,NULL,NULL,'1.4571',NULL,'201802',NULL,NULL,'2018-03-28 10:20:18',NULL,'2018-03-28 10:20:18',NULL,'0'),('5','液化天然气',NULL,'吨','14',NULL,NULL,NULL,NULL,'1.7572',NULL,'201710',NULL,NULL,NULL,NULL,NULL,NULL,'0'),('5b41d059fab245449d24f42032fb2e8d','工业废料',NULL,'吨标准煤','28',NULL,NULL,NULL,NULL,'0.1786',NULL,'201712',NULL,NULL,'2017-12-01 09:54:17',NULL,'2017-12-01 09:54:17',NULL,'0'),('6','原油',NULL,'吨','15',NULL,NULL,NULL,NULL,'1.4286',NULL,'201710',NULL,NULL,NULL,NULL,NULL,NULL,'0'),('6695019da5134f25965110bea3de2054','工业废料',NULL,'吨标准煤','28',NULL,NULL,NULL,NULL,'0.1786',NULL,'201802',NULL,NULL,'2018-03-28 10:20:18',NULL,'2018-03-28 10:20:18',NULL,'0'),('67839adf03a547b5bda16781ada1f0e7','天然气',NULL,'万立方米','13',NULL,NULL,NULL,NULL,'11-13.3',NULL,'201801',NULL,NULL,'2018-03-28 10:09:10',NULL,'2018-03-28 10:09:10',NULL,'0'),('67c829c318c749cab92fced1df40cda7','其他石油制品',NULL,'吨','22',NULL,NULL,NULL,NULL,'1-1.4',NULL,'201712',NULL,NULL,'2017-12-01 09:54:17',NULL,'2017-12-01 09:54:17',NULL,'0'),('6a25c4d3f1834cbb9fbd60c60569023c','高炉煤气',NULL,'万立方米','11',NULL,NULL,NULL,NULL,'1.286',NULL,'201801',NULL,NULL,'2018-03-28 10:09:10',NULL,'2018-03-28 10:09:10',NULL,'0'),('6d2a1000aab3413898d3518ea0e4ee0a','生物质能',NULL,'吨标准煤','27',NULL,NULL,NULL,NULL,'1',NULL,'201802',NULL,NULL,'2018-03-28 10:20:18',NULL,'2018-03-28 10:20:18',NULL,'0'),('6d8ad6880e574dadb85a982cbd43633d','原油',NULL,'吨','15',NULL,NULL,NULL,NULL,'1.4286',NULL,'201712',NULL,NULL,'2017-12-01 09:54:17',NULL,'2017-12-01 09:54:17',NULL,'0'),('6dd3ca49a3ab459483ed585866f34187','煤油',NULL,'吨','17',NULL,NULL,NULL,NULL,'1.4714',NULL,'201712',NULL,NULL,'2017-12-01 09:54:17',NULL,'2017-12-01 09:54:17',NULL,'0'),('6ed8f6d3d4ed4aaebd5cf67ffb551186','工业废料',NULL,'吨标准煤','28',NULL,NULL,NULL,NULL,'0.1786',NULL,'201801',NULL,NULL,'2018-03-28 10:09:10',NULL,'2018-03-28 10:09:10',NULL,'0'),('7','汽油',NULL,'吨','16',NULL,NULL,NULL,NULL,'1.4714',NULL,'201710',NULL,NULL,NULL,NULL,NULL,NULL,'0'),('7288a594db2b4e00a44f47cdfa2bda54','煤石',NULL,'吨','26',NULL,NULL,NULL,NULL,'0.1786',NULL,'201712',NULL,NULL,'2017-12-01 09:54:17',NULL,'2017-12-01 09:54:17',NULL,'0'),('7c5d22fd67a24de3b47219589ac774d3','其他石油制品',NULL,'吨','22',NULL,NULL,NULL,NULL,'1-1.4',NULL,'201711',NULL,NULL,'2017-12-01 09:49:50',NULL,'2017-12-01 09:49:50',NULL,'0'),('7de647e761f84673b12f12e319a78433','焦炉煤气',NULL,'万立方米','10',NULL,NULL,NULL,NULL,'5.714-6.143',NULL,'201802',NULL,NULL,'2018-03-28 10:20:18',NULL,'2018-03-28 10:20:18',NULL,'0'),('7dfc8006afc14568b4d89710e7440329','汽油',NULL,'吨','16',NULL,NULL,NULL,NULL,'1.4714',NULL,'201801',NULL,NULL,'2018-03-28 10:09:10',NULL,'2018-03-28 10:09:10',NULL,'0'),('8','煤油',NULL,'吨','17',NULL,NULL,NULL,NULL,'1.4714',NULL,'201710',NULL,NULL,NULL,NULL,NULL,NULL,'0'),('8e028bb3346246cea5122a25c0147519','其它燃料',NULL,NULL,'25',NULL,NULL,NULL,NULL,'1',NULL,'201802',NULL,NULL,'2018-03-28 10:20:18',NULL,'2018-03-28 10:20:18',NULL,'0'),('8e615dce12294fd98cd46e8f5c3f75d2','汽油',NULL,'吨','16',NULL,NULL,NULL,NULL,'1.4714',NULL,'201802',NULL,NULL,'2018-03-28 10:20:18',NULL,'2018-03-28 10:20:18',NULL,'0'),('9','柴油',NULL,'吨','18',NULL,NULL,NULL,NULL,'1.4571',NULL,'201710',NULL,NULL,NULL,NULL,NULL,NULL,'0'),('930a1c68c52f4777b2ae154e7cad43d6','煤油',NULL,'吨','17',NULL,NULL,NULL,NULL,'1.4714',NULL,'201801',NULL,NULL,'2018-03-28 10:09:10',NULL,'2018-03-28 10:09:10',NULL,'0'),('96cafaa81b1d45819af6146c2792b410','燃料油',NULL,'吨','19',NULL,NULL,NULL,NULL,'1.4286',NULL,'201712',NULL,NULL,'2017-12-01 09:54:17',NULL,'2017-12-01 09:54:17',NULL,'0'),('a20ef09bccf648ec997cb5c481f641c3','高炉煤气',NULL,'万立方米','11',NULL,NULL,NULL,NULL,'1.286',NULL,'201712',NULL,NULL,'2017-12-01 09:54:17',NULL,'2017-12-01 09:54:17',NULL,'0'),('a429bc2998ab487cb57c689bf7cec002','煤油',NULL,'吨','17',NULL,NULL,NULL,NULL,'1.4714',NULL,'201802',NULL,NULL,'2018-03-28 10:20:18',NULL,'2018-03-28 10:20:18',NULL,'0'),('a8e3ecbc18c940a6817aff4029d91b13','煤油',NULL,'吨','17',NULL,NULL,NULL,NULL,'1.4714',NULL,'201711',NULL,NULL,'2017-12-01 09:49:50',NULL,'2017-12-01 09:49:50',NULL,'0'),('a9554225fc0845c69743c3aaa72e9555','煤石',NULL,'吨','26',NULL,NULL,NULL,NULL,'0.1786',NULL,'201802',NULL,NULL,'2018-03-28 10:20:18',NULL,'2018-03-28 10:20:18',NULL,'0'),('a9e3657da7794bd5ba2c387e37991c83','电力',2,'万千瓦时','24',NULL,0.65,0.0001,NULL,'1.229',1.229,'201801',NULL,NULL,'2018-03-28 10:09:10',NULL,'2018-03-28 10:09:10',NULL,'0'),('ab9fdef65b794916840833507f6c76f5','天然气',NULL,'万立方米','13',NULL,NULL,NULL,NULL,'11-13.3',NULL,'201712',NULL,NULL,'2017-12-01 09:54:17',NULL,'2017-12-01 09:54:17',NULL,'0'),('aee608a34c3747b8a70b11725231233f','其他煤气',NULL,'万立方米','12',NULL,NULL,NULL,NULL,'1.7-12.1',NULL,'201712',NULL,NULL,'2017-12-01 09:54:17',NULL,'2017-12-01 09:54:17',NULL,'0'),('b31f7101969c41cba3d16b008996cc58','燃料油',NULL,'吨','19',NULL,NULL,NULL,NULL,'1.4286',NULL,'201802',NULL,NULL,'2018-03-28 10:20:18',NULL,'2018-03-28 10:20:18',NULL,'0'),('b38ef05bf1694aa28cee8808aa3b99d3','柴油',NULL,'吨','18',NULL,NULL,NULL,NULL,'1.4571',NULL,'201801',NULL,NULL,'2018-03-28 10:09:10',NULL,'2018-03-28 10:09:10',NULL,'0'),('b3d5f0ab61004a08b74de875184ce4f2','热力',3,'百万千焦','23',NULL,156,3.05,NULL,'0.0341',0.0341,'201801',NULL,NULL,'2018-03-28 10:09:10',NULL,'2018-03-28 10:09:10',NULL,'0'),('b588131e39324b82b7be0fdeb70063d2','液化天然气',NULL,'吨','14',NULL,NULL,NULL,NULL,'1.7572',NULL,'201712',NULL,NULL,'2017-12-01 09:54:17',NULL,'2017-12-01 09:54:17',NULL,'0'),('b6db544a6a56454588c3bfa0e271f0fe','热力',3,'百万千焦','23',NULL,156,3.05,NULL,'0.0341',0.0341,'201712',NULL,NULL,'2017-12-01 09:54:17',NULL,'2017-12-01 09:54:17',NULL,'0'),('ba9afa0741634a3e99cb4d993e1e3a83','热力',3,'百万千焦','23',NULL,156,3.05,NULL,'0.0341',0.0341,'201802',NULL,NULL,'2018-03-28 10:20:18',NULL,'2018-03-28 10:20:18',NULL,'0'),('bcaa83d4bed248f7adecab3ac9d8255b','电力',2,'万千瓦时','24',NULL,0.65,0.0001,NULL,'1.229',1.229,'201712',NULL,NULL,'2017-12-01 09:54:17',NULL,'2017-12-01 09:54:17',NULL,'0'),('becba65005d5410d8c0c6dd2e50b6b3f','其他石油制品',NULL,'吨','22',NULL,NULL,NULL,NULL,'1-1.4',NULL,'201801',NULL,NULL,'2018-03-28 10:09:10',NULL,'2018-03-28 10:09:10',NULL,'0'),('bfd9f37f1e8446e8a1725563d027bf2e','生物质能',NULL,'吨标准煤','27',NULL,NULL,NULL,NULL,'1',NULL,'201801',NULL,NULL,'2018-03-28 10:09:10',NULL,'2018-03-28 10:09:10',NULL,'0'),('c5082adee6ef48bb99c729fe0d77e536','炼厂干气',NULL,'吨','21',NULL,NULL,NULL,NULL,'1.5714',NULL,'201712',NULL,NULL,'2017-12-01 09:54:17',NULL,'2017-12-01 09:54:17',NULL,'0'),('c549e3a7811a468fabe15dbdab746a99','煤石',NULL,'吨','26',NULL,NULL,NULL,NULL,'0.1786',NULL,'201801',NULL,NULL,'2018-03-28 10:09:10',NULL,'2018-03-28 10:09:10',NULL,'0'),('cb43a63964604a8e805ff9a7ead380b7','燃料油',NULL,'吨','19',NULL,NULL,NULL,NULL,'1.4286',NULL,'201711',NULL,NULL,'2017-12-01 09:49:50',NULL,'2017-12-01 09:49:50',NULL,'0'),('cf9398234b474a53b0ad2e7083fccf0d','液化天然气',NULL,'吨','14',NULL,NULL,NULL,NULL,'1.7572',NULL,'201802',NULL,NULL,'2018-03-28 10:20:18',NULL,'2018-03-28 10:20:18',NULL,'0'),('d3ccf63187ce476db3242e1687fa4053','生物质能',NULL,'吨标准煤','27',NULL,NULL,NULL,NULL,'1',NULL,'201712',NULL,NULL,'2017-12-01 09:54:17',NULL,'2017-12-01 09:54:17',NULL,'0'),('d9f4e677af0f4018bd7842867aa6fea0','城市固体垃圾',NULL,'吨标准煤','29',NULL,NULL,NULL,NULL,NULL,NULL,'201801',NULL,NULL,'2018-03-28 10:09:10',NULL,'2018-03-28 10:09:10',NULL,'0'),('da04624db6a24e5aa22f782d14e68ec9','城市固体垃圾',NULL,'吨标准煤','29',NULL,NULL,NULL,NULL,NULL,NULL,'201802',NULL,NULL,'2018-03-28 10:20:18',NULL,'2018-03-28 10:20:18',NULL,'0'),('dcb48deccabc494b855ea1a306058aea','焦炉煤气',NULL,'万立方米','10',NULL,NULL,NULL,NULL,'5.714-6.143',NULL,'201711',NULL,NULL,'2017-12-01 09:49:50',NULL,'2017-12-01 09:49:50',NULL,'0'),('dcb58a84a2154488a25e18266b8d68e9','天然气',NULL,'万立方米','13',NULL,NULL,NULL,NULL,'11-13.3',NULL,'201802',NULL,NULL,'2018-03-28 10:20:18',NULL,'2018-03-28 10:20:18',NULL,'0'),('ddedcd87b3f1459b8560819e46bd8a3c','城市固体垃圾',NULL,'吨标准煤','29',NULL,NULL,NULL,NULL,NULL,NULL,'201712',NULL,NULL,'2017-12-01 09:54:17',NULL,'2017-12-01 09:54:17',NULL,'0'),('decfd8d2a892467282fbe304a4b2def6','高炉煤气',NULL,'万立方米','11',NULL,NULL,NULL,NULL,'1.286',NULL,'201711',NULL,NULL,'2017-12-01 09:49:50',NULL,'2017-12-01 09:49:50',NULL,'0'),('e43bc21179d04cd6a9679c0839870479','炼厂干气',NULL,'吨','21',NULL,NULL,NULL,NULL,'1.5714',NULL,'201711',NULL,NULL,'2017-12-01 09:49:50',NULL,'2017-12-01 09:49:50',NULL,'0'),('e532b789ea49419b89006ac8cc8a36cc','煤石',NULL,'吨','26',NULL,NULL,NULL,NULL,'0.1786',NULL,'201711',NULL,NULL,'2017-12-01 09:49:50',NULL,'2017-12-01 09:49:50',NULL,'0'),('e73ac0254e7046b9b1ff50db1877c381','液化天然气',NULL,'吨','14',NULL,NULL,NULL,NULL,'1.7572',NULL,'201711',NULL,NULL,'2017-12-01 09:49:50',NULL,'2017-12-01 09:49:50',NULL,'0'),('e9047346d906471384da3c4314b9440b','柴油',NULL,'吨','18',NULL,NULL,NULL,NULL,'1.4571',NULL,'201711',NULL,NULL,'2017-12-01 09:49:50',NULL,'2017-12-01 09:49:50',NULL,'0'),('e9eb708883714eec995f7dd36b664234','柴油',NULL,'吨','18',NULL,NULL,NULL,NULL,'1.4571',NULL,'201712',NULL,NULL,'2017-12-01 09:54:17',NULL,'2017-12-01 09:54:17',NULL,'0'),('ed158d71f89e409ab4aac17ff64a7cc4','原油',NULL,'吨','15',NULL,NULL,NULL,NULL,'1.4286',NULL,'201802',NULL,NULL,'2018-03-28 10:20:18',NULL,'2018-03-28 10:20:18',NULL,'0'),('edd69e361ed2479095026a9a9436fa9f','液化石油气',NULL,'吨','20',NULL,NULL,NULL,NULL,'1.7143',NULL,'201801',NULL,NULL,'2018-03-28 10:09:10',NULL,'2018-03-28 10:09:10',NULL,'0'),('ee55f5ae41f54307af190d0ff824f4bb','炼厂干气',NULL,'吨','21',NULL,NULL,NULL,NULL,'1.5714',NULL,'201801',NULL,NULL,'2018-03-28 10:09:10',NULL,'2018-03-28 10:09:10',NULL,'0'),('f1a659f223764af98c01c70879f84368','其他煤气',NULL,'万立方米','12',NULL,NULL,NULL,NULL,'1.7-12.1',NULL,'201711',NULL,NULL,'2017-12-01 09:49:50',NULL,'2017-12-01 09:49:50',NULL,'0'),('f2d92ce4698844a7adf488b3c3eb0b5b','电力',2,'万千瓦时','24',NULL,0.65,0.0001,NULL,'1.229',1.229,'201802',NULL,NULL,'2018-03-28 10:20:18',NULL,'2018-03-28 10:20:18',NULL,'0'),('f365afe506d2406d92ab227cad7a0d55','其它燃料',NULL,NULL,'25',NULL,NULL,NULL,NULL,'1',NULL,'201711',NULL,NULL,'2017-12-01 09:49:50',NULL,'2017-12-01 09:49:50',NULL,'0'),('f89689cf0a094c11b326467f8e5b1581','其它燃料',NULL,NULL,'25',NULL,NULL,NULL,NULL,'1',NULL,'201712',NULL,NULL,'2017-12-01 09:54:17',NULL,'2017-12-01 09:54:17',NULL,'0'),('faa010bbf5b54cfb85824985f2c6fe74','液化石油气',NULL,'吨','20',NULL,NULL,NULL,NULL,'1.7143',NULL,'201802',NULL,NULL,'2018-03-28 10:20:18',NULL,'2018-03-28 10:20:18',NULL,'0'),('fae2e6c977c5447dbe9c61bfdad6d295','城市固体垃圾',NULL,'吨标准煤','29',NULL,NULL,NULL,NULL,NULL,NULL,'201711',NULL,NULL,'2017-12-01 09:49:50',NULL,'2017-12-01 09:49:50',NULL,'0'),('fc135c491858447d828899c05c21c8d2','汽油',NULL,'吨','16',NULL,NULL,NULL,NULL,'1.4714',NULL,'201712',NULL,NULL,'2017-12-01 09:54:17',NULL,'2017-12-01 09:54:17',NULL,'0'),('fde6109252384d7cbecb3757b66b997f','高炉煤气',NULL,'万立方米','11',NULL,NULL,NULL,NULL,'1.286',NULL,'201802',NULL,NULL,'2018-03-28 10:20:18',NULL,'2018-03-28 10:20:18',NULL,'0'),('fe36082214334b72bd7ae53f5fb1e9d6','炼厂干气',NULL,'吨','21',NULL,NULL,NULL,NULL,'1.5714',NULL,'201802',NULL,NULL,'2018-03-28 10:20:18',NULL,'2018-03-28 10:20:18',NULL,'0');

/*Table structure for table `energy_water` */

DROP TABLE IF EXISTS `energy_water`;

CREATE TABLE `energy_water` (
  `id` varchar(32) NOT NULL,
  `meterNumber` varchar(100) DEFAULT NULL COMMENT '仪表编号',
  `parentNumber` varchar(100) DEFAULT NULL COMMENT '上级表编号',
  `area` varchar(100) DEFAULT NULL COMMENT '所在区域',
  `areaCode` varchar(100) DEFAULT NULL,
  `meterName` varchar(50) DEFAULT NULL COMMENT '仪表名称',
  `caliber` varchar(30) DEFAULT NULL COMMENT '管径',
  `meteringType` int(11) DEFAULT NULL COMMENT '计量类型',
  `meterModel` varchar(30) DEFAULT NULL COMMENT '仪表型号',
  `meterPosition` varchar(30) DEFAULT NULL COMMENT '仪表安装位置',
  `collectMode` int(11) DEFAULT NULL COMMENT '采集方式',
  `maxTotal` double(20,0) DEFAULT NULL COMMENT '最大值',
  `remarks` varchar(255) DEFAULT NULL COMMENT '备注',
  `del_flag` varchar(1) DEFAULT NULL,
  `status` tinyint(11) DEFAULT NULL,
  `create_user` varchar(32) DEFAULT NULL,
  `create_time` datetime DEFAULT NULL,
  `update_user` varchar(32) DEFAULT NULL,
  `update_time` datetime DEFAULT NULL,
  PRIMARY KEY (`id`)
) ENGINE=InnoDB DEFAULT CHARSET=utf8mb4;

/*Data for the table `energy_water` */

insert  into `energy_water`(`id`,`meterNumber`,`parentNumber`,`area`,`areaCode`,`meterName`,`caliber`,`meteringType`,`meterModel`,`meterPosition`,`collectMode`,`maxTotal`,`remarks`,`del_flag`,`status`,`create_user`,`create_time`,`update_user`,`update_time`) values ('2272a8a3ffc143e4a3a46812e3549bef','S217010000001','1','恒盛分公司_B1厂房_经轴库','C00_B1_B102','水表（测试）','',1,'','',2,100000,'','0',NULL,NULL,'2017-12-13 20:58:36',NULL,'2018-01-12 00:07:27'),('4d2d5abe33aa428c996e9204315ddb0a','S217010000002','1','恒盛分公司_B1厂房_整经间','C00_B1_B103','水表（测试）','',1,'','',1,1000000,'','0',NULL,NULL,'2018-01-05 16:43:47',NULL,'2018-01-05 16:53:56'),('8168b31794e24312b35d6b05881fbf52','S217016021001','S217016011001','恒盛分公司_B1厂房_浆纱间_浆纱机工作间','C00_B1_B101_B10101','水表-1B车间开水间2','9',2,'','1B车间开水间2',2,8,'','0',NULL,NULL,'2018-03-28 09:28:16',NULL,'2018-03-28 09:28:16'),('b259b23f628c48b5b8fb25cdbca280f4','S217016011001','1','恒盛分公司_B1厂房','C00_B1','水表-至1B厂房生活水','',1,'','至1B厂房生活水',1,100000,'','0',NULL,NULL,'2018-03-23 09:54:50',NULL,'2018-03-23 09:54:50'),('be20225282cf4d9095f361f12a63d097','S217016005001','1','恒盛分公司_B1厂房','C00_B1','水表-动力软化水站生产水','',1,'','动力软化水站生产水',1,100000,'','0',NULL,NULL,'2018-03-23 09:56:22',NULL,'2018-03-23 09:56:22'),('dcf70ea59bad42638d5f52ce0353939d','S217016002001','S217010000001','恒盛分公司_B1厂房_浆纱间_浆纱机工作间','C00_B1_B101_B10101','水表-2','2',3,'','2',1,2,'','0',NULL,NULL,'2018-03-28 09:26:29',NULL,'2018-03-28 09:27:08');

/*Table structure for table `energy_water_meterreading` */

DROP TABLE IF EXISTS `energy_water_meterreading`;

CREATE TABLE `energy_water_meterreading` (
  `id` varchar(32) NOT NULL,
  `meterNumber` varchar(255) DEFAULT NULL COMMENT '仪表编号',
  `currentF` double DEFAULT NULL,
  `totalF` double DEFAULT NULL,
  `readingTime` datetime DEFAULT NULL,
  `status` tinyint(4) DEFAULT NULL,
  `create_user` varchar(32) DEFAULT NULL,
  `create_time` datetime DEFAULT NULL,
  `update_user` varchar(32) DEFAULT NULL,
  `update_time` datetime DEFAULT NULL,
  `remarks` varchar(255) DEFAULT NULL,
  `del_flag` varchar(1) DEFAULT NULL,
  PRIMARY KEY (`id`)
) ENGINE=InnoDB DEFAULT CHARSET=utf8;

/*Data for the table `energy_water_meterreading` */

insert  into `energy_water_meterreading`(`id`,`meterNumber`,`currentF`,`totalF`,`readingTime`,`status`,`create_user`,`create_time`,`update_user`,`update_time`,`remarks`,`del_flag`) values ('25bd71fc77f847f19854623327bd2140','S217010000001',90,100090,'2018-03-28 09:28:00',NULL,NULL,'2018-03-28 09:29:53',NULL,'2018-03-28 09:29:53',NULL,'0'),('977804686b83435c864c2efcc72f20c6','S217010000001',121,121,'2017-12-27 10:29:00',NULL,NULL,'2017-12-27 10:29:40',NULL,'2018-01-05 21:10:00',NULL,'0'),('9b4943d2f3924b54bedd1db3f85d06fe','S217010000001',189,189,'2018-01-05 22:18:00',NULL,NULL,'2018-01-05 22:18:49',NULL,'2018-01-05 22:23:47',NULL,'0');

/*Table structure for table `energy_water_month` */

DROP TABLE IF EXISTS `energy_water_month`;

CREATE TABLE `energy_water_month` (
  `id` varchar(32) NOT NULL,
  `meterNumber` varchar(30) DEFAULT NULL COMMENT '仪表编号',
  `parentNumber` varchar(30) DEFAULT NULL COMMENT '上级表编号',
  `area` varchar(30) DEFAULT NULL COMMENT '所在区域',
  `parentArea` varchar(30) DEFAULT NULL,
  `areaCode` varchar(30) DEFAULT NULL,
  `parentCode` varchar(30) DEFAULT NULL,
  `meterName` varchar(30) DEFAULT NULL COMMENT '仪表名称',
  `meteringType` int(11) DEFAULT NULL COMMENT '计量类型',
  `month` varchar(11) DEFAULT NULL,
  `useData` double DEFAULT NULL COMMENT '使用量',
  `shareData` double DEFAULT NULL,
  `lastData` double DEFAULT NULL,
  `startTime` date DEFAULT NULL,
  `endTime` date DEFAULT NULL,
  `startData` double DEFAULT NULL,
  `endData` double DEFAULT NULL,
  `status` tinyint(4) DEFAULT NULL,
  `del_flag` varchar(1) DEFAULT NULL,
  `create_user` varchar(32) DEFAULT NULL,
  `create_time` datetime DEFAULT NULL,
  `update_user` varchar(32) DEFAULT NULL,
  `update_time` datetime DEFAULT NULL,
  `remarks` varchar(255) DEFAULT NULL,
  PRIMARY KEY (`id`)
) ENGINE=InnoDB DEFAULT CHARSET=utf8;

/*Data for the table `energy_water_month` */

insert  into `energy_water_month`(`id`,`meterNumber`,`parentNumber`,`area`,`parentArea`,`areaCode`,`parentCode`,`meterName`,`meteringType`,`month`,`useData`,`shareData`,`lastData`,`startTime`,`endTime`,`startData`,`endData`,`status`,`del_flag`,`create_user`,`create_time`,`update_user`,`update_time`,`remarks`) values ('0c66174854be4dee9d74a26d7ba350f5','S217010000001','1','恒盛分公司_B1厂房_经轴库',NULL,'C00_B1_B102',NULL,'水表（测试）',1,'201801',68,NULL,NULL,'2018-01-01','2018-02-01',121,189,1,'0',NULL,'2018-03-28 09:53:00',NULL,'2018-03-28 09:53:00',NULL),('1a701b82a4864e9fa719b84791753aba','S217016021001','S217016011001','恒盛分公司_B1厂房_浆纱间_浆纱机工作间',NULL,'C00_B1_B101_B10101',NULL,'水表-1B车间开水间2',2,'201801',NULL,NULL,NULL,'2018-01-01','2018-02-01',NULL,NULL,2,'0',NULL,'2018-03-28 09:53:00',NULL,'2018-03-28 09:53:00',NULL),('59a0805f3f2d4669a8f1f1b7fcddf96d','S217010000001','1','恒盛分公司_B1厂房_经轴库',NULL,'C00_B1_B102',NULL,'水表（测试）',NULL,'201712',0,NULL,NULL,'2017-12-01','2018-01-01',121,121,1,'0',NULL,'2018-01-16 15:19:00',NULL,'2018-01-16 15:19:00',''),('5de5d8d3726e442f8cd8894cb6e1be4e','S217010000002','1','恒盛分公司_B1厂房_整经间',NULL,'C00_B1_B103',NULL,'水表（测试）',1,'201801',NULL,NULL,NULL,'2018-01-01','2018-02-01',NULL,NULL,0,'0',NULL,'2018-03-28 09:53:00',NULL,'2018-03-28 09:53:00',NULL),('751b6e83cd1b4316bab6ecd333d5ecc0','S217016005001','1','恒盛分公司_B1厂房',NULL,'C00_B1',NULL,'水表-动力软化水站生产水',1,'201801',NULL,NULL,NULL,'2018-01-01','2018-02-01',NULL,NULL,0,'0',NULL,'2018-03-28 09:53:00',NULL,'2018-03-28 09:53:00',NULL),('75d0b434518e4423a2c615e37ea60052','S217010000001','1','恒盛分公司_B1厂房_经轴库',NULL,'C00_B1_B102',NULL,'水表（测试）',1,'201802',0,NULL,NULL,'2018-02-01','2018-02-28',189,189,1,'0',NULL,'2018-03-28 10:21:00',NULL,'2018-03-28 10:21:00',NULL),('86d29a9433064979bc32019ad210f991','S217010000002','1','恒盛分公司_B1厂房_整经间',NULL,'C00_B1_B103',NULL,'水表（测试）',NULL,'201712',NULL,NULL,NULL,'2017-12-01','2018-01-01',NULL,NULL,0,'0',NULL,'2018-01-16 15:19:00',NULL,'2018-01-16 15:19:00',NULL),('b62ba47e192b4c44931e124882568b82','S217010000002','1','恒盛分公司_B1厂房_整经间',NULL,'C00_B1_B103',NULL,'水表（测试）',NULL,'201711',NULL,NULL,NULL,'2017-11-01','2017-12-01',NULL,NULL,0,'0',NULL,'2018-01-16 15:19:00',NULL,'2018-01-16 15:19:00',NULL),('bd65fa0e5c3741a78d1fa57089d60d9b','S217016021001','S217016011001','恒盛分公司_B1厂房_浆纱间_浆纱机工作间',NULL,'C00_B1_B101_B10101',NULL,'水表-1B车间开水间2',2,'201802',NULL,NULL,NULL,'2018-02-01','2018-02-28',NULL,NULL,2,'0',NULL,'2018-03-28 10:21:00',NULL,'2018-03-28 10:21:00',NULL),('be551013d9b84305af912fe7ffbc58d5','S217016002001','S217010000001','恒盛分公司_B1厂房_浆纱间_浆纱机工作间',NULL,'C00_B1_B101_B10101',NULL,'水表-2',3,'201801',NULL,NULL,NULL,'2018-01-01','2018-02-01',NULL,NULL,0,'0',NULL,'2018-03-28 09:53:00',NULL,'2018-03-28 09:53:00',NULL),('bf6d1644cef94e3eb2a8766b097d1c58','S217016011001','1','恒盛分公司_B1厂房',NULL,'C00_B1',NULL,'水表-至1B厂房生活水',1,'201801',NULL,NULL,NULL,'2018-01-01','2018-02-01',NULL,NULL,0,'0',NULL,'2018-03-28 09:53:00',NULL,'2018-03-28 09:53:00',NULL),('cae68e5664c8400689115af5396060f0','S217016005001','1','恒盛分公司_B1厂房',NULL,'C00_B1',NULL,'水表-动力软化水站生产水',1,'201802',NULL,NULL,NULL,'2018-02-01','2018-02-28',NULL,NULL,0,'0',NULL,'2018-03-28 10:21:00',NULL,'2018-03-28 10:21:00',NULL),('cd9ea9c77dd24c9883313d4e1239aaab','S217016011001','1','恒盛分公司_B1厂房',NULL,'C00_B1',NULL,'水表-至1B厂房生活水',1,'201802',NULL,NULL,NULL,'2018-02-01','2018-02-28',NULL,NULL,0,'0',NULL,'2018-03-28 10:21:00',NULL,'2018-03-28 10:21:00',NULL),('e6c2350bf11e4f4784d36bcc1dc36e79','S217010000001','1','恒盛分公司_B1厂房_经轴库',NULL,'C00_B1_B102',NULL,'水表（测试）',NULL,'201711',NULL,NULL,NULL,'2017-11-01','2017-12-01',NULL,NULL,2,'0',NULL,'2018-01-16 15:19:00',NULL,'2018-01-16 15:19:00',NULL),('f55fc86cec724f88b50d40bb03b015f2','S217016002001','S217010000001','恒盛分公司_B1厂房_浆纱间_浆纱机工作间',NULL,'C00_B1_B101_B10101',NULL,'水表-2',3,'201802',NULL,NULL,NULL,'2018-02-01','2018-02-28',NULL,NULL,0,'0',NULL,'2018-03-28 10:21:00',NULL,'2018-03-28 10:21:00',NULL),('ff905381fef0451eb5d9fcb0978ca22b','S217010000002','1','恒盛分公司_B1厂房_整经间',NULL,'C00_B1_B103',NULL,'水表（测试）',1,'201802',NULL,NULL,NULL,'2018-02-01','2018-02-28',NULL,NULL,0,'0',NULL,'2018-03-28 10:21:00',NULL,'2018-03-28 10:21:00',NULL);

/*!40101 SET SQL_MODE=@OLD_SQL_MODE */;
/*!40014 SET FOREIGN_KEY_CHECKS=@OLD_FOREIGN_KEY_CHECKS */;
/*!40014 SET UNIQUE_CHECKS=@OLD_UNIQUE_CHECKS */;
/*!40111 SET SQL_NOTES=@OLD_SQL_NOTES */;
