/*
SQLyog Ultimate v12.08 (64 bit)
MySQL - 5.7.17 : Database - mes-qm
*********************************************************************
*/

/*!40101 SET NAMES utf8 */;

/*!40101 SET SQL_MODE=''*/;

/*!40014 SET @OLD_UNIQUE_CHECKS=@@UNIQUE_CHECKS, UNIQUE_CHECKS=0 */;
/*!40014 SET @OLD_FOREIGN_KEY_CHECKS=@@FOREIGN_KEY_CHECKS, FOREIGN_KEY_CHECKS=0 */;
/*!40101 SET @OLD_SQL_MODE=@@SQL_MODE, SQL_MODE='NO_AUTO_VALUE_ON_ZERO' */;
/*!40111 SET @OLD_SQL_NOTES=@@SQL_NOTES, SQL_NOTES=0 */;
CREATE DATABASE /*!32312 IF NOT EXISTS*/`mes-qm` /*!40100 DEFAULT CHARACTER SET utf8 */;

USE `mes-qm`;

/*Table structure for table `qm_checkitem_info` */

DROP TABLE IF EXISTS `qm_checkitem_info`;

CREATE TABLE `qm_checkitem_info` (
  `id` char(32) NOT NULL COMMENT 'id',
  `checktype_id` char(32) NOT NULL COMMENT '检验项分类编号',
  `checkitem_id` char(32) NOT NULL COMMENT '检验项编号',
  `checkitem_name` varchar(50) NOT NULL COMMENT '检验项名称',
  `priority_level` varchar(15) NOT NULL COMMENT '重要等级',
  `checkitem_data_type` varchar(15) NOT NULL COMMENT '检验项数据类型',
  `data_dictionary` varchar(15) DEFAULT NULL COMMENT '对应数据字典',
  `is_record_detail` varchar(15) DEFAULT NULL COMMENT '是否记录过程详细信息',
  `record_detail_url` varchar(50) DEFAULT NULL COMMENT '过程项目信息界面模板地址',
  `measure_unit` varchar(15) DEFAULT NULL COMMENT '计量单位',
  `quality_standard` varchar(15) DEFAULT NULL COMMENT '采用质量判定标准',
  `status` varchar(4) NOT NULL COMMENT '使用状态',
  `remark` varchar(200) DEFAULT NULL COMMENT '备注',
  `create_user` varchar(32) DEFAULT NULL COMMENT 'create_user',
  `create_time` datetime DEFAULT NULL COMMENT 'create_time',
  `update_user` varchar(32) DEFAULT NULL COMMENT 'update_user',
  `update_time` datetime DEFAULT NULL COMMENT 'update_time',
  PRIMARY KEY (`id`)
) ENGINE=InnoDB DEFAULT CHARSET=utf8 COMMENT='质检项信息';

/*Data for the table `qm_checkitem_info` */

insert  into `qm_checkitem_info`(`id`,`checktype_id`,`checkitem_id`,`checkitem_name`,`priority_level`,`checkitem_data_type`,`data_dictionary`,`is_record_detail`,`record_detail_url`,`measure_unit`,`quality_standard`,`status`,`remark`,`create_user`,`create_time`,`update_user`,`update_time`) values ('JYXM0000000004','JYXMZ000000003','JYXM000001','JYXM','1','1','','','','JLDW0000000007','1','','','',NULL,'',NULL),('JYXM0000000005','JYXMZ000000003','JYXM000002','回潮%','1','1','','','','','1','','','',NULL,'',NULL),('JYXM0000000006','JYXMZ000000003','JYXM000003','重量偏差%','1','1','','','','','1','','','',NULL,'',NULL),('JYXM0000000007','JYXMZ000000003','JYXM000004','重量CV%','1','1','','','','','1','','','',NULL,'',NULL),('JYXM0000000008','JYXMZ000000003','JYXM000005','筒子重量','1','1','','','','','1','','','',NULL,'',NULL),('JYXM0000000009','JYXMZ000000003','JYXM000006','筒子长度','2','1','','','','','1','','','',NULL,'',NULL),('JYXM0000000010','JYXMZ000000003','JYXM000007','实际号数','2','1','','','','','1','','','',NULL,'',NULL),('JYXM0000000011','JYXMZ000000004','JYXM000008','单纱强力CN','1','1','','','','','1','','','',NULL,'',NULL),('JYXM0000000012','JYXMZ000000004','JYXM000009','修正强力','1','1','','','','','1','','','',NULL,'',NULL),('JYXM0000000013','JYXMZ000000004','JYXM000010','最小强力min','1','1','','','','','1','','','',NULL,'',NULL),('JYXM0000000014','JYXMZ000000004','JYXM000011','强力CV%','2','1','','','','','1','','','',NULL,'',NULL),('JYXM0000000015','JYXMZ000000004','JYXM000012','断裂强度I（CN）','1','1','','','','','1','','','',NULL,'',NULL),('JYXM0000000016','JYXMZ000000004','JYXM000013','伸长率E%','2','1','','','','','1','','','',NULL,'',NULL),('JYXM0000000017','JYXMZ000000005','JYXM000014','捻度','1','1','','','','','1','','','',NULL,'',NULL),('JYXM0000000018','JYXMZ000000005','JYXM000015','捻系数','1','1','','','','','1','','','',NULL,'',NULL),('JYXM0000000019','JYXMZ000000005','JYXM000016','不匀率','2','1','','','','','1','','','',NULL,'',NULL),('JYXM0000000020','JYXMZ000000006','JYXM000017','平均CV%','1','1','','','','','1','','','',NULL,'',NULL),('JYXM0000000021','JYXMZ000000006','JYXM000019','CVb','1','1','','','','','1','','','',NULL,'',NULL),('JYXM0000000022','JYXMZ000000006','JYXM000020','细节-50%','1','1','','','','','1','','','',NULL,'',NULL),('JYXM0000000023','JYXMZ000000006','JYXM000021','粗节+50%','1','1','','','','','1','','','',NULL,'',NULL),('JYXM0000000024','JYXMZ000000006','JYXM000022','棉结+140%','1','1','','','','','1','','','',NULL,'',NULL),('JYXM0000000025','JYXMZ000000006','JYXM000024','棉结+200%','2','1','','','','','1','','','',NULL,'',NULL),('JYXM0000000026','JYXMZ000000006','JYXM000025','棉结粒数','1','1','','','','','1','','','',NULL,'',NULL),('JYXM0000000027','JYXMZ000000006','JYXM000026','结杂总粒数','2','1','','','','','1','','','',NULL,'',NULL),('JYXM0000000028','JYXMZ000000007','JYXM000027','毛羽指数','1','1','','','','','1','','','',NULL,'',NULL),('JYXM0000000029','JYXMZ000000007','JYXM000028','CV%（2mm）','1','1','','','','','1','','','',NULL,'',NULL),('JYXM0000000030','JYXMZ000000007','JYXM000029','毛羽指数（3mm）','1','1','','','','','1','','','',NULL,'',NULL),('JYXM0000000031','JYXMZ000000007','JYXM000030','CV%（3mm）','2','1','','','','','1','','','',NULL,'',NULL),('JYXM0000000032','JYXMZ000000006','JYXM000031','棉结+280%','2','1','','','','','1','','','',NULL,'',NULL),('JYXM0000000033','JYXMZ000000008','JYXM000032','A浆锅温度','1','1','','','','','2','','','',NULL,'',NULL),('JYXM0000000034','JYXMZ000000008','JYXM000033','A浆锅PH','1','1','','','','','2','','','',NULL,'',NULL),('JYXM0000000035','JYXMZ000000008','JYXM000034','A浆锅粘度','1','1','','','','','2','','','',NULL,'',NULL),('JYXM0000000036','JYXMZ000000008','JYXM000035','B浆锅温度','1','1','','','','','2','','','',NULL,'',NULL),('JYXM0000000037','JYXMZ000000008','JYXM000036','B浆锅PH','1','1','','','','','2','','','',NULL,'',NULL),('JYXM0000000038','JYXMZ000000008','JYXM000037','B浆锅粘度','1','1','','','','','2','','','',NULL,'',NULL),('JYXM0000000039','JYXMZ000000008','JYXM000038','浆箱号','1','1','','','','','2','','','',NULL,'',NULL),('JYXM0000000040','JYXMZ000000008','JYXM000039','浆箱温度','1','1','','','','','2','','','',NULL,'',NULL),('JYXM0000000041','JYXMZ000000008','JYXM000040','浆箱粘度','1','1','','','','','2','','','',NULL,'',NULL),('JYXM0000000042','JYXMZ000000008','JYXM000041','浆箱体积','1','1','','','','','2','','','',NULL,'',NULL),('JYXM0000000043','JYXMZ000000008','JYXM000042','浆箱PH','1','1','','','','','2','','','',NULL,'',NULL),('JYXM0000000044','JYXMZ000000009','JYXM000043','筘号','2','3','','','','','2','','','',NULL,'',NULL),('JYXM0000000045','JYXMZ000000009','JYXM000044','机上纬密','2','1','','','','','2','','','',NULL,'',NULL),('JYXM0000000046','JYXMZ000000009','JYXM000045','经密','2','1','','','','','2','','','',NULL,'',NULL),('JYXM0000000047','JYXMZ000000009','JYXM000046','纬密','2','1','','','','','2','','','',NULL,'',NULL),('JYXM0000000048','JYXMZ000000009','JYXM000047','墨印','2','','','','','','2','','','',NULL,'',NULL),('JYXM0000000049','JYXMZ000000009','JYXM000048','匹长','2','1','','','','','2','','','',NULL,'',NULL),('JYXM0000000050','JYXMZ000000009','JYXM000049','经缩率','2','1','','','','','2','','','',NULL,'',NULL),('JYXM0000000051','JYXMZ000000009','JYXM000050','筘幅','2','1','','','','','2','','','',NULL,'',NULL),('JYXM0000000052','JYXMZ000000009','JYXM000051','幅宽','2','1','','','','','2','','','',NULL,'',NULL),('JYXM0000000053','JYXMZ000000009','JYXM000052','纬缩率','2','1','','','','','2','','','',NULL,'',NULL),('JYXM0000000054','JYXMZ000000009','JYXM000053','棉布强力N（经向）','2','1','','','','','2','','','',NULL,'',NULL),('JYXM0000000055','JYXMZ000000009','JYXM000055','撕破力N（经向）','2','1','','','','','2','','','',NULL,'',NULL),('JYXM0000000056','JYXMZ000000009','JYXM000054','棉布强力N（纬向）','2','1','','','','','2','','','',NULL,'',NULL),('JYXM0000000057','JYXMZ000000009','JYXM000056','回潮%（经向）','2','1','','','','','2','','','',NULL,'',NULL),('JYXM0000000058','JYXMZ000000009','JYXM000057','回潮%（纬向）','2','1','','','','','2','','','',NULL,'',NULL),('JYXM0000000059','JYXMZ000000009','JYXM000058','克重','2','1','','','','','2','','','',NULL,'',NULL),('JYXM0000000060','JYXMZ000000009','JYXM000059','1㎡无浆干重','2','1','','','','','2','','','',NULL,'',NULL),('JYXM0000000061','JYXMZ000000009','JYXM000060','撕破力N（纬向）','2','1','','','','','2','','','',NULL,'',NULL),('JYXM0000000062','JYXMZ000000009','JYXM000061','漏修处','2','1','','','','','2','','','',NULL,'',NULL),('JYXM0000000063','JYXMZ000000009','JYXM000062','修不良处','2','1','','','','','2','','','',NULL,'',NULL),('JYXM0000000064','JYXMZ000000009','JYXM000063','是否降等','2','1','','','','','2','','','',NULL,'',NULL),('JYXM0000000065','JYXMZ000000011','JYXM000064','漏验处','2','1','','','','','2','','','',NULL,'',NULL),('JYXM0000000066','JYXMZ000000011','JYXM000065','是否漏分','2','2','1','','leak_fraction_record.html','','2','','','',NULL,'',NULL),('JYXM0000000067','JYXMZ000000011','JYXM000066','是否降等','2','2','1','','','','2','','','',NULL,'',NULL),('JYXM0000000068','JYXMZ000000011','JYXM000067','漏修处','2','1','','','leak_repair_record.html','','2','','','',NULL,'',NULL),('JYXM0000000069','JYXMZ000000011','JYXM000068','修不良处','2','3','','','','','2','','','',NULL,'',NULL),('JYXM0000000070','JYXMZ000000011','JYXM000069','折幅（cm）','2','1','','','zf_record.html','','2','','','',NULL,'',NULL),('JYXM0000000071','JYXMZ000000011','JYXM000070','幅宽（cm）','2','1','','','fk_record.html','','2','','','',NULL,'',NULL),('JYXM0000000072','JYXMZ000000011','JYXM000071','长度（码）','2','1','','','','','2','','','',NULL,'',NULL),('JYXM0000000073','JYXMZ000000011','JYXM000072','组织','2','3','','','','','2','','','',NULL,'',NULL),('JYXM0000000074','JYXMZ000000012','JYXM000073','烘前','2','1','','','','','2','','','',NULL,'',NULL),('JYXM0000000075','JYXMZ000000012','JYXM000074','烘后','2','1','','','','','2','','','',NULL,'',NULL),('JYXM0000000076','JYXMZ000000012','JYXM000075','回潮%','2','1','','','','','2','','','',NULL,'',NULL),('JYXM0000000077','JYXMZ000000012','JYXM000076','损耗','2','1','','','','','2','','','',NULL,'',NULL),('JYXM0000000078','JYXMZ000000012','JYXM000077','墨印（工艺）','2','1','','','','','2','','','',NULL,'',NULL),('JYXM0000000079','JYXMZ000000012','JYXM000078','墨印（实量）','2','1','','','','','2','','','',NULL,'',NULL),('JYXM0000000080','JYXMZ000000012','JYXM000079','退前','2','1','','','','','2','','','',NULL,'',NULL),('JYXM0000000081','JYXMZ000000012','JYXM000080','退后','2','1','','','','','2','','','',NULL,'',NULL),('JYXM0000000082','JYXMZ000000012','JYXM000081','退浆率','2','1','','','','','2','','','',NULL,'',NULL),('JYXM0000000083','JYXMZ000000013','JYXM000082','退浆率','2','1','','','','','2','','','',NULL,'',NULL),('JYXM0000000084','JYXMZ000000013','JYXM000083','墨印（工艺）','2','1','','','','','2','','','',NULL,'',NULL),('JYXM0000000085','JYXMZ000000013','JYXM000084','墨印（实量）','2','1','','','','','2','','','',NULL,'',NULL),('JYXM0000000086','JYXMZ000000013','JYXM000085','浆出匹数','2','1','','','','','2','','','',NULL,'',NULL),('JYXM0000000087','JYXMZ000000013','JYXM000086','机头尾','2','1','','','','','2','','','',NULL,'',NULL),('JYXM0000000088','JYXMZ000000013','JYXM000087','轴数','2','1','','','','','2','','','',NULL,'',NULL),('JYXM0000000089','JYXMZ000000013','JYXM000088','起机长','2','1','','','','','2','','','',NULL,'',NULL),('JYXM0000000090','JYXMZ000000013','JYXM000089','所余米数','2','1','','','','','2','','','',NULL,'',NULL),('JYXM0000000091','JYXMZ000000013','JYXM000090','浆回丝长','2','1','','','','','2','','','',NULL,'',NULL),('JYXM0000000092','JYXMZ000000013','JYXM000091','生回丝重','2','1','','','','','2','','','',NULL,'',NULL),('JYXM0000000093','JYXMZ000000013','JYXM000092','生回丝长','2','1','','','','','2','','','',NULL,'',NULL),('JYXM0000000094','JYXMZ000000013','JYXM000093','总经根数','2','1','','','','','2','','','',NULL,'',NULL),('JYXM0000000095','JYXMZ000000013','JYXM000094','实际整经长','2','1','','','','','2','','','',NULL,'',NULL),('JYXM0000000096','JYXMZ000000013','JYXM000095','实际受浆长','2','1','','','','','2','','','',NULL,'',NULL),('JYXM0000000097','JYXMZ000000013','JYXM000096','伸长米数','2','1','','','','','2','','','',NULL,'',NULL),('JYXM0000000098','JYXMZ000000013','JYXM000097','伸长率','2','1','','','','','2','','','',NULL,'',NULL),('JYXM0000000099','JYXMZ000000013','JYXM000098','浆纱回丝','2','1','','','','','2','','','',NULL,'',NULL),('JYXM0000000100','JYXMZ000000014','JYXM000099','内聚能密度','2','1','','','','','2','','','',NULL,'',NULL),('JYXM0000000101','JYXMZ000000014','JYXM000100','溶解度','2','1','','','','','2','','','',NULL,'',NULL),('JYXM0000000102','JYXMZ000000014','JYXM000101','浆膜的拉伸强度','2','1','','','','','2','','','',NULL,'',NULL),('JYXM0000000103','JYXMZ000000014','JYXM000102','浆膜的初始模量','2','1','','','','','2','','','',NULL,'',NULL),('JYXM0000000104','JYXMZ000000014','JYXM000103','回弹率','2','1','','','','','2','','','',NULL,'',NULL),('JYXM0000000105','JYXMZ000000014','JYXM000104','浆膜的耐磨性能','2','1','','','','','2','','','',NULL,'',NULL),('JYXM0000000106','JYXMZ000000014','JYXM000105','浆膜的吸湿率','2','1','','','','','2','','','',NULL,'',NULL);

/*Table structure for table `qm_checkstand_info` */

DROP TABLE IF EXISTS `qm_checkstand_info`;

CREATE TABLE `qm_checkstand_info` (
  `id` char(32) NOT NULL COMMENT 'id',
  `checktype_id` char(32) DEFAULT NULL COMMENT '检验项分类id',
  `checkitem_id` char(32) DEFAULT NULL COMMENT '检验项id',
  `materiel_code` varchar(20) DEFAULT NULL COMMENT '物料编码',
  `stand_type` varchar(15) DEFAULT NULL COMMENT '标准类型',
  `stand_value` varchar(20) DEFAULT NULL COMMENT '标准值',
  `stand_upper_limit` varchar(20) DEFAULT NULL COMMENT '标准上限',
  `lower_limit` varchar(20) DEFAULT NULL COMMENT '标准下限',
  `five_percent` varchar(20) DEFAULT NULL COMMENT '5%',
  `twenty_five_percent` varchar(20) DEFAULT NULL COMMENT '25%',
  `fifty_percent` varchar(20) DEFAULT NULL COMMENT '50%',
  `seventy_five_percent` varchar(20) DEFAULT NULL COMMENT '75%',
  `ninety_percent` varchar(20) DEFAULT NULL COMMENT '90%',
  `measure_unit` varchar(10) DEFAULT NULL COMMENT '计量单位',
  `version_no` varchar(20) DEFAULT NULL COMMENT '版本',
  `create_user` varchar(20) DEFAULT NULL COMMENT '操作人',
  `create_time` datetime DEFAULT NULL COMMENT '生成时间',
  `status` varchar(4) DEFAULT NULL COMMENT '使用状态',
  `update_user` varchar(32) DEFAULT NULL COMMENT 'update_user',
  `update_time` datetime DEFAULT NULL COMMENT 'update_time',
  `remark` varchar(255) DEFAULT NULL COMMENT 'remark',
  PRIMARY KEY (`id`)
) ENGINE=InnoDB DEFAULT CHARSET=utf8 COMMENT='质检项标准信息';

/*Data for the table `qm_checkstand_info` */

insert  into `qm_checkstand_info`(`id`,`checktype_id`,`checkitem_id`,`materiel_code`,`stand_type`,`stand_value`,`stand_upper_limit`,`lower_limit`,`five_percent`,`twenty_five_percent`,`fifty_percent`,`seventy_five_percent`,`ninety_percent`,`measure_unit`,`version_no`,`create_user`,`create_time`,`status`,`update_user`,`update_time`,`remark`) values ('JYXBZ000000001','JYXMZ000000003','JYXM0000000004',NULL,'1','10','100','10',NULL,NULL,NULL,NULL,NULL,NULL,NULL,NULL,NULL,NULL,NULL,NULL,NULL),('JYXBZ000000002','JYXMZ000000003','JYXM0000000005',NULL,'1',NULL,NULL,NULL,NULL,NULL,NULL,NULL,NULL,NULL,NULL,NULL,NULL,NULL,NULL,NULL,NULL),('JYXBZ000000003','JYXMZ000000003','JYXM0000000006',NULL,'1',NULL,NULL,NULL,NULL,NULL,NULL,NULL,NULL,NULL,NULL,NULL,NULL,NULL,NULL,NULL,NULL),('JYXBZ000000004','JYXMZ000000003','JYXM0000000007',NULL,'1',NULL,NULL,NULL,NULL,NULL,NULL,NULL,NULL,NULL,NULL,NULL,NULL,NULL,NULL,NULL,NULL),('JYXBZ000000005','JYXMZ000000003','JYXM0000000008',NULL,'1',NULL,NULL,NULL,NULL,NULL,NULL,NULL,NULL,NULL,NULL,NULL,NULL,NULL,NULL,NULL,NULL),('JYXBZ000000006','JYXMZ000000003','JYXM0000000009',NULL,'1',NULL,NULL,NULL,NULL,NULL,NULL,NULL,NULL,NULL,NULL,NULL,NULL,NULL,NULL,NULL,NULL),('JYXBZ000000007','JYXMZ000000003','JYXM0000000010',NULL,'1',NULL,NULL,NULL,NULL,NULL,NULL,NULL,NULL,NULL,NULL,NULL,NULL,NULL,NULL,NULL,NULL),('JYXBZ000000008','JYXMZ000000004','JYXM0000000011',NULL,'1',NULL,NULL,NULL,NULL,NULL,NULL,NULL,NULL,NULL,NULL,NULL,NULL,NULL,NULL,NULL,NULL),('JYXBZ000000009','JYXMZ000000004','JYXM0000000012',NULL,'1',NULL,NULL,NULL,NULL,NULL,NULL,NULL,NULL,NULL,NULL,NULL,NULL,NULL,NULL,NULL,NULL),('JYXBZ000000010','JYXMZ000000004','JYXM0000000013',NULL,'1',NULL,NULL,NULL,NULL,NULL,NULL,NULL,NULL,NULL,NULL,NULL,NULL,NULL,NULL,NULL,NULL),('JYXBZ000000011','JYXMZ000000004','JYXM0000000014',NULL,'1',NULL,NULL,NULL,NULL,NULL,NULL,NULL,NULL,NULL,NULL,NULL,NULL,NULL,NULL,NULL,NULL),('JYXBZ000000012','JYXMZ000000004','JYXM0000000015',NULL,'1',NULL,NULL,NULL,NULL,NULL,NULL,NULL,NULL,NULL,NULL,NULL,NULL,NULL,NULL,NULL,NULL),('JYXBZ000000013','JYXMZ000000004','JYXM0000000016',NULL,'1',NULL,NULL,NULL,NULL,NULL,NULL,NULL,NULL,NULL,NULL,NULL,NULL,NULL,NULL,NULL,NULL),('JYXBZ000000014','JYXMZ000000005','JYXM0000000017',NULL,'1',NULL,NULL,NULL,NULL,NULL,NULL,NULL,NULL,NULL,NULL,NULL,NULL,NULL,NULL,NULL,NULL),('JYXBZ000000015','JYXMZ000000005','JYXM0000000018',NULL,'1',NULL,NULL,NULL,NULL,NULL,NULL,NULL,NULL,NULL,NULL,NULL,NULL,NULL,NULL,NULL,NULL),('JYXBZ000000016','JYXMZ000000005','JYXM0000000019',NULL,'1',NULL,NULL,NULL,NULL,NULL,NULL,NULL,NULL,NULL,NULL,NULL,NULL,NULL,NULL,NULL,NULL),('JYXBZ000000017','JYXMZ000000006','JYXM0000000020',NULL,'1',NULL,NULL,NULL,NULL,NULL,NULL,NULL,NULL,NULL,NULL,NULL,NULL,NULL,NULL,NULL,NULL),('JYXBZ000000018','JYXMZ000000006','JYXM0000000021',NULL,'1',NULL,NULL,NULL,NULL,NULL,NULL,NULL,NULL,NULL,NULL,NULL,NULL,NULL,NULL,NULL,NULL),('JYXBZ000000019','JYXMZ000000006','JYXM0000000022',NULL,'1',NULL,NULL,NULL,NULL,NULL,NULL,NULL,NULL,NULL,NULL,NULL,NULL,NULL,NULL,NULL,NULL),('JYXBZ000000020','JYXMZ000000006','JYXM0000000023',NULL,'1',NULL,NULL,NULL,NULL,NULL,NULL,NULL,NULL,NULL,NULL,NULL,NULL,NULL,NULL,NULL,NULL),('JYXBZ000000021','JYXMZ000000006','JYXM0000000024',NULL,'1',NULL,NULL,NULL,NULL,NULL,NULL,NULL,NULL,NULL,NULL,NULL,NULL,NULL,NULL,NULL,NULL),('JYXBZ000000022','JYXMZ000000006','JYXM0000000025',NULL,'1',NULL,NULL,NULL,NULL,NULL,NULL,NULL,NULL,NULL,NULL,NULL,NULL,NULL,NULL,NULL,NULL),('JYXBZ000000023','JYXMZ000000006','JYXM0000000026',NULL,'1',NULL,NULL,NULL,NULL,NULL,NULL,NULL,NULL,NULL,NULL,NULL,NULL,NULL,NULL,NULL,NULL),('JYXBZ000000024','JYXMZ000000006','JYXM0000000027',NULL,'1',NULL,NULL,NULL,NULL,NULL,NULL,NULL,NULL,NULL,NULL,NULL,NULL,NULL,NULL,NULL,NULL),('JYXBZ000000025','JYXMZ000000007','JYXM0000000028',NULL,'1',NULL,NULL,NULL,NULL,NULL,NULL,NULL,NULL,NULL,NULL,NULL,NULL,NULL,NULL,NULL,NULL),('JYXBZ000000026','JYXMZ000000006','JYXM0000000029',NULL,'1',NULL,NULL,NULL,NULL,NULL,NULL,NULL,NULL,NULL,NULL,NULL,NULL,NULL,NULL,NULL,NULL),('JYXBZ000000027','JYXMZ000000007','JYXM0000000030',NULL,'1',NULL,NULL,NULL,NULL,NULL,NULL,NULL,NULL,NULL,NULL,NULL,NULL,NULL,NULL,NULL,NULL),('JYXBZ000000028','JYXMZ000000007','JYXM0000000031',NULL,'1',NULL,NULL,NULL,NULL,NULL,NULL,NULL,NULL,NULL,NULL,NULL,NULL,NULL,NULL,NULL,NULL),('JYXBZ000000029','JYXMZ000000006','JYXM0000000032',NULL,'1',NULL,NULL,NULL,NULL,NULL,NULL,NULL,NULL,NULL,NULL,NULL,NULL,NULL,NULL,NULL,NULL),('JYXBZ000000030','JYXMZ000000011','JYXM0000000065',NULL,'2',NULL,NULL,NULL,NULL,NULL,NULL,NULL,NULL,NULL,NULL,'admin',NULL,NULL,NULL,NULL,NULL),('JYXBZ000000031','JYXMZ000000011','JYXM0000000066',NULL,'2',NULL,NULL,NULL,NULL,NULL,NULL,NULL,NULL,NULL,NULL,'admin',NULL,NULL,NULL,NULL,NULL),('JYXBZ000000032','JYXMZ000000011','JYXM0000000067',NULL,'2',NULL,NULL,NULL,NULL,NULL,NULL,NULL,NULL,NULL,NULL,'admin',NULL,NULL,NULL,NULL,NULL),('JYXBZ000000033','JYXMZ000000011','JYXM0000000068',NULL,'2',NULL,NULL,NULL,NULL,NULL,NULL,NULL,NULL,NULL,NULL,'admin',NULL,NULL,NULL,NULL,NULL),('JYXBZ000000034','JYXMZ000000011','JYXM0000000069',NULL,'2',NULL,NULL,NULL,NULL,NULL,NULL,NULL,NULL,NULL,NULL,'admin',NULL,NULL,NULL,NULL,NULL),('JYXBZ000000035','JYXMZ000000011','JYXM0000000070',NULL,'2',NULL,NULL,NULL,NULL,NULL,NULL,NULL,NULL,NULL,NULL,'admin',NULL,NULL,NULL,NULL,NULL),('JYXBZ000000036','JYXMZ000000011','JYXM0000000071',NULL,'2',NULL,NULL,NULL,NULL,NULL,NULL,NULL,NULL,NULL,NULL,'admin',NULL,NULL,NULL,NULL,NULL),('JYXBZ000000037','JYXMZ000000011','JYXM0000000072',NULL,'2',NULL,NULL,NULL,NULL,NULL,NULL,NULL,NULL,NULL,NULL,'admin',NULL,NULL,NULL,NULL,NULL),('JYXBZ000000038','JYXMZ000000011','JYXM0000000073',NULL,'2',NULL,NULL,NULL,NULL,NULL,NULL,NULL,NULL,NULL,NULL,'admin',NULL,NULL,NULL,NULL,NULL),('JYXBZ000000039','JYXMZ000000008','JYXM0000000033',NULL,'2',NULL,NULL,NULL,NULL,NULL,NULL,NULL,NULL,NULL,NULL,NULL,NULL,NULL,NULL,NULL,NULL),('JYXBZ000000040','JYXMZ000000008','JYXM0000000034',NULL,'2',NULL,NULL,NULL,NULL,NULL,NULL,NULL,NULL,NULL,NULL,NULL,NULL,NULL,NULL,NULL,NULL),('JYXBZ000000041','JYXMZ000000008','JYXM0000000035',NULL,'2',NULL,NULL,NULL,NULL,NULL,NULL,NULL,NULL,NULL,NULL,NULL,NULL,NULL,NULL,NULL,NULL),('JYXBZ000000042','JYXMZ000000008','JYXM0000000036',NULL,'2',NULL,NULL,NULL,NULL,NULL,NULL,NULL,NULL,NULL,NULL,NULL,NULL,NULL,NULL,NULL,NULL),('JYXBZ000000043','JYXMZ000000008','JYXM0000000037',NULL,'2',NULL,NULL,NULL,NULL,NULL,NULL,NULL,NULL,NULL,NULL,NULL,NULL,NULL,NULL,NULL,NULL),('JYXBZ000000044','JYXMZ000000008','JYXM0000000038',NULL,'2',NULL,NULL,NULL,NULL,NULL,NULL,NULL,NULL,NULL,NULL,NULL,NULL,NULL,NULL,NULL,NULL),('JYXBZ000000045','JYXMZ000000008','JYXM0000000039',NULL,'2',NULL,NULL,NULL,NULL,NULL,NULL,NULL,NULL,NULL,NULL,NULL,NULL,NULL,NULL,NULL,NULL),('JYXBZ000000046','JYXMZ000000008','JYXM0000000040',NULL,'2',NULL,NULL,NULL,NULL,NULL,NULL,NULL,NULL,NULL,NULL,NULL,NULL,NULL,NULL,NULL,NULL),('JYXBZ000000047','JYXMZ000000008','JYXM0000000041',NULL,'2',NULL,NULL,NULL,NULL,NULL,NULL,NULL,NULL,NULL,NULL,NULL,NULL,NULL,NULL,NULL,NULL),('JYXBZ000000048','JYXMZ000000008','JYXM0000000042',NULL,'2',NULL,NULL,NULL,NULL,NULL,NULL,NULL,NULL,NULL,NULL,NULL,NULL,NULL,NULL,NULL,NULL),('JYXBZ000000049','JYXMZ000000008','JYXM0000000043',NULL,'2',NULL,NULL,NULL,NULL,NULL,NULL,NULL,NULL,NULL,NULL,NULL,NULL,NULL,NULL,NULL,NULL);

/*Table structure for table `qm_checktype_info` */

DROP TABLE IF EXISTS `qm_checktype_info`;

CREATE TABLE `qm_checktype_info` (
  `id` char(32) NOT NULL COMMENT 'id',
  `check_type_code` varchar(20) NOT NULL COMMENT '检验项分类编号',
  `check_type_name` varchar(50) NOT NULL COMMENT '检验项分类名称',
  `check_technique` varchar(15) DEFAULT NULL COMMENT '检验技术方法',
  `record_type` varchar(15) DEFAULT NULL COMMENT '记录类型',
  `check_requirements` varchar(255) DEFAULT NULL COMMENT '检验要求',
  `status` varchar(4) DEFAULT NULL COMMENT '使用状态',
  `create_user` varchar(32) DEFAULT NULL COMMENT 'create_user',
  `create_time` datetime DEFAULT NULL COMMENT 'create_time',
  `update_user` varchar(32) DEFAULT NULL COMMENT 'update_user',
  `update_time` datetime DEFAULT NULL COMMENT 'update_time',
  `remark` varchar(255) DEFAULT NULL COMMENT 'remark',
  PRIMARY KEY (`id`)
) ENGINE=InnoDB DEFAULT CHARSET=utf8 COMMENT='质检项分类';

/*Data for the table `qm_checktype_info` */

insert  into `qm_checktype_info`(`id`,`check_type_code`,`check_type_name`,`check_technique`,`record_type`,`check_requirements`,`status`,`create_user`,`create_time`,`update_user`,`update_time`,`remark`) values ('JYXMZ000000003','JYXMZ00001','回潮/100米','1','1','','','',NULL,'',NULL,''),('JYXMZ000000004','JYXMZ00002','强力CN（500mm/min）','1','1','','','',NULL,'',NULL,''),('JYXMZ000000005','JYXMZ00003','捻度（捻/10厘米）','1','1','','','',NULL,'',NULL,''),('JYXMZ000000006','JYXMZ00004','条干不匀','1','1','','','',NULL,'',NULL,''),('JYXMZ000000007','JYXMZ00005','毛羽指数','1','1','','','',NULL,'',NULL,''),('JYXMZ000000008','JYXMZ00006','浆液检验分类','1','1','','','',NULL,'',NULL,''),('JYXMZ000000009','JYXMZ00007','坯布物理指标','1','1','','','',NULL,'',NULL,''),('JYXMZ000000010','JYXMZ0008','修布检验分类','2','1','','','',NULL,'',NULL,''),('JYXMZ000000011','JYXMZ0009','成品检验类','2','1','','','',NULL,'',NULL,''),('JYXMZ000000012','JYXMZ0010','上浆回潮率','1','1','','','',NULL,'',NULL,''),('JYXMZ000000013','JYXMZ0011','伸长率','1','1','','','',NULL,'',NULL,''),('JYXMZ000000014','JYXMZ0012','浆料检验分类','1','1','','','',NULL,'',NULL,'');

/*Table structure for table `qm_monitor_detail_info` */

DROP TABLE IF EXISTS `qm_monitor_detail_info`;

CREATE TABLE `qm_monitor_detail_info` (
  `id` char(32) NOT NULL COMMENT 'id',
  `monitor_record_id` varchar(32) DEFAULT NULL COMMENT '工艺指标分类id',
  `monitor_type_id` varchar(32) DEFAULT NULL COMMENT '工艺设计id',
  `monitor_index_id` varchar(32) DEFAULT NULL COMMENT '生产工艺指标id',
  `monitor_index_value` varchar(20) DEFAULT NULL COMMENT '工艺指标值',
  `status` tinyint(4) DEFAULT NULL COMMENT 'status',
  `create_user` varchar(32) DEFAULT NULL COMMENT 'create_user',
  `create_time` datetime DEFAULT NULL COMMENT 'create_time',
  `update_user` varchar(32) DEFAULT NULL COMMENT 'update_user',
  `update_time` datetime DEFAULT NULL COMMENT 'update_time',
  `remark` varchar(255) DEFAULT NULL COMMENT 'remark',
  PRIMARY KEY (`id`)
) ENGINE=InnoDB DEFAULT CHARSET=utf8 COMMENT='质量监控详细信息';

/*Data for the table `qm_monitor_detail_info` */

/*Table structure for table `qm_monitor_record_info` */

DROP TABLE IF EXISTS `qm_monitor_record_info`;

CREATE TABLE `qm_monitor_record_info` (
  `id` char(32) NOT NULL COMMENT 'id',
  `machine_no` varchar(32) DEFAULT NULL COMMENT '机号',
  `varieties_spec` varchar(32) DEFAULT NULL COMMENT '品种',
  `total_spindle` decimal(10,2) DEFAULT NULL COMMENT '共查锭数',
  `total_meter` decimal(10,2) DEFAULT NULL COMMENT '共查公尺数',
  `broken_ends_per_spi` decimal(10,2) DEFAULT NULL COMMENT '平均百锭断头数',
  `root_broken_per_mme` decimal(10,2) DEFAULT NULL COMMENT '平均万公尺百根断头数',
  `shaft_code` varchar(32) DEFAULT NULL COMMENT '轴号',
  `warp_beam` varchar(32) DEFAULT NULL COMMENT '经轴',
  `has_defect` varchar(10) DEFAULT NULL COMMENT '是否有疵点',
  `defect_name` varchar(30) DEFAULT NULL COMMENT '疵点名',
  `record_time` datetime DEFAULT NULL COMMENT '记录时间',
  `recorder` varchar(32) DEFAULT NULL COMMENT '记录人',
  `sizing_beam_code` varchar(32) DEFAULT NULL COMMENT '生产品种',
  `status` tinyint(4) DEFAULT NULL COMMENT 'status',
  `create_user` varchar(32) DEFAULT NULL COMMENT 'create_user',
  `create_time` datetime DEFAULT NULL COMMENT 'create_time',
  `update_user` varchar(32) DEFAULT NULL COMMENT 'update_user',
  `update_time` datetime DEFAULT NULL COMMENT 'update_time',
  `remark` varchar(255) DEFAULT NULL COMMENT 'remark',
  `record_type` varchar(20) DEFAULT NULL COMMENT '记录类型',
  `defect_count` bigint(20) DEFAULT NULL COMMENT '疵点数',
  PRIMARY KEY (`id`)
) ENGINE=InnoDB DEFAULT CHARSET=utf8 COMMENT='监控信息';

/*Data for the table `qm_monitor_record_info` */

/*Table structure for table `qm_monitor_type_info` */

DROP TABLE IF EXISTS `qm_monitor_type_info`;

CREATE TABLE `qm_monitor_type_info` (
  `id` char(32) NOT NULL COMMENT 'id',
  `monitor_type_name` varchar(15) DEFAULT NULL COMMENT '分类名称',
  `monitor_type_code` varchar(20) DEFAULT NULL COMMENT '分类编号',
  `status` tinyint(4) DEFAULT NULL COMMENT 'status',
  `create_user` varchar(32) DEFAULT NULL COMMENT 'create_user',
  `create_time` datetime DEFAULT NULL COMMENT 'create_time',
  `update_user` varchar(32) DEFAULT NULL COMMENT 'update_user',
  `update_time` datetime DEFAULT NULL COMMENT 'update_time',
  `remark` varchar(255) DEFAULT NULL COMMENT 'remark',
  PRIMARY KEY (`id`)
) ENGINE=InnoDB DEFAULT CHARSET=utf8 COMMENT='质量监控分类信息';

/*Data for the table `qm_monitor_type_info` */

insert  into `qm_monitor_type_info`(`id`,`monitor_type_name`,`monitor_type_code`,`status`,`create_user`,`create_time`,`update_user`,`update_time`,`remark`) values ('58bbf35034024cd49d2fd9e3540d0190','分类2','0002',0,'admin','2018-02-01 20:59:58',NULL,NULL,''),('8f7a969fda294e6ea0f079ad108f5ec4','分类3','0003',0,'admin','2018-02-01 21:00:16',NULL,NULL,''),('b7677770b4fe40afb3fe7e57eb91006a','分类1','0001',0,'admin','2018-02-01 20:59:45',NULL,NULL,'');

/*Table structure for table `qm_monitorindex_info` */

DROP TABLE IF EXISTS `qm_monitorindex_info`;

CREATE TABLE `qm_monitorindex_info` (
  `id` char(32) NOT NULL COMMENT 'id',
  `monitor_index_name` varchar(15) DEFAULT NULL COMMENT '工艺指标项名称',
  `monitor_index_datatype` varchar(15) DEFAULT NULL COMMENT '数据类型',
  `data_dict_code` char(10) DEFAULT NULL COMMENT '数据字典编码',
  `monitor_index_unit` varchar(10) DEFAULT NULL COMMENT '计量单位',
  `status` tinyint(4) DEFAULT NULL COMMENT 'status',
  `create_user` varchar(32) DEFAULT NULL COMMENT 'create_user',
  `create_time` datetime DEFAULT NULL COMMENT 'create_time',
  `update_user` varchar(32) DEFAULT NULL COMMENT 'update_user',
  `update_time` datetime DEFAULT NULL COMMENT 'update_time',
  `remark` varchar(255) DEFAULT NULL COMMENT 'remark',
  PRIMARY KEY (`id`)
) ENGINE=InnoDB DEFAULT CHARSET=utf8 COMMENT='质量监控指标信息';

/*Data for the table `qm_monitorindex_info` */

insert  into `qm_monitorindex_info`(`id`,`monitor_index_name`,`monitor_index_datatype`,`data_dict_code`,`monitor_index_unit`,`status`,`create_user`,`create_time`,`update_user`,`update_time`,`remark`) values ('05eaab04fc1f4daf8dcc867e04ce45b8','监控1','1','1','1',0,'admin','2018-02-01 21:00:41',NULL,NULL,NULL),('313bb845f166423d9ce7f410cab8fead','监控2','2','1','1',0,'admin','2018-03-27 19:20:04',NULL,NULL,NULL),('61df6f5e93364739a197eaed94c67066','监控3','3','1','1',0,'admin','2018-02-01 21:01:51',NULL,NULL,NULL);

/*Table structure for table `qm_monitorindex_type_r_info` */

DROP TABLE IF EXISTS `qm_monitorindex_type_r_info`;

CREATE TABLE `qm_monitorindex_type_r_info` (
  `id` char(32) NOT NULL COMMENT 'id',
  `monitor_index_id` char(32) DEFAULT NULL COMMENT 'technicindex_id',
  `monitor_index_type_id` char(32) DEFAULT NULL COMMENT 'technicindex_type_id',
  PRIMARY KEY (`id`)
) ENGINE=InnoDB DEFAULT CHARSET=utf8 COMMENT='质量监控分类指标关系信息';

/*Data for the table `qm_monitorindex_type_r_info` */

insert  into `qm_monitorindex_type_r_info`(`id`,`monitor_index_id`,`monitor_index_type_id`) values ('6b698890a482434aa8af1772c75c15c7','05eaab04fc1f4daf8dcc867e04ce45b8','b7677770b4fe40afb3fe7e57eb91006a'),('78e313cd3e154d4983ae7a08204f6b37','313bb845f166423d9ce7f410cab8fead','58bbf35034024cd49d2fd9e3540d0190'),('81735efc3ec540d7b2b7a50be060f604','4f6b7c498f564932b21af4edb73f1d6d','8f7a969fda294e6ea0f079ad108f5ec4'),('8a5bd4419e7d45d2a31a7031a1bd0472','61df6f5e93364739a197eaed94c67066','8f7a969fda294e6ea0f079ad108f5ec4');

/*Table structure for table `qm_process_record_info` */

DROP TABLE IF EXISTS `qm_process_record_info`;

CREATE TABLE `qm_process_record_info` (
  `id` char(32) NOT NULL COMMENT 'id',
  `cloth_section_code` char(32) NOT NULL COMMENT '布段编号',
  `check_type_name` varchar(50) NOT NULL COMMENT '质检项分类名称',
  `check_type_id` varchar(32) NOT NULL COMMENT '质检项分类编号',
  `defect_name` varchar(50) NOT NULL COMMENT '疵点名',
  `defect_code` varchar(15) DEFAULT NULL COMMENT '疵点编号',
  `leak_fraction` varchar(10) NOT NULL COMMENT '处理建议时间',
  `repair_bad` varchar(10) DEFAULT NULL COMMENT '修不良处',
  `is_down_grade` varchar(10) DEFAULT NULL COMMENT '是否降等',
  `check_item_name` varchar(50) DEFAULT NULL COMMENT '质检项名称',
  `check_item_id` varchar(32) DEFAULT NULL COMMENT '质检项id',
  `leak_repair` varchar(20) DEFAULT NULL COMMENT '处理建议人',
  `status` tinyint(4) DEFAULT NULL COMMENT 'status',
  `create_user` varchar(32) DEFAULT NULL COMMENT 'create_user',
  `create_time` datetime DEFAULT NULL COMMENT 'create_time',
  `update_user` varchar(32) DEFAULT NULL COMMENT 'update_user',
  `update_time` datetime DEFAULT NULL COMMENT 'update_time',
  `remark` varchar(255) DEFAULT NULL COMMENT 'remark',
  PRIMARY KEY (`id`)
) ENGINE=InnoDB DEFAULT CHARSET=utf8 COMMENT='目前只针对成品检验';

/*Data for the table `qm_process_record_info` */

/*Table structure for table `qm_quality_traceability_info` */

DROP TABLE IF EXISTS `qm_quality_traceability_info`;

CREATE TABLE `qm_quality_traceability_info` (
  `id` char(32) NOT NULL COMMENT 'id',
  `traceability_source` varchar(15) NOT NULL COMMENT '追溯来源',
  `traceability_problem` varchar(50) NOT NULL COMMENT '追溯问题',
  `material_code` varchar(20) DEFAULT NULL COMMENT '物料编号',
  `batch_num` varchar(20) DEFAULT NULL COMMENT '批次号',
  `problem_desc` varchar(300) DEFAULT NULL COMMENT '内容描述',
  `trance_initiator` varchar(20) DEFAULT NULL COMMENT '发起人',
  `initiate_time` datetime DEFAULT NULL COMMENT '发起时间',
  `status` tinyint(4) DEFAULT NULL COMMENT 'status',
  `create_user` varchar(32) DEFAULT NULL COMMENT 'create_user',
  `create_time` datetime DEFAULT NULL COMMENT 'create_time',
  `update_user` varchar(32) DEFAULT NULL COMMENT 'update_user',
  `update_time` datetime DEFAULT NULL COMMENT 'update_time',
  `remark` varchar(255) DEFAULT NULL COMMENT 'remark',
  `package_code` varchar(32) DEFAULT NULL COMMENT '包编号',
  `inspect_target_code` varchar(32) DEFAULT NULL COMMENT '被检对象编号',
  `goods_code` varchar(32) DEFAULT NULL COMMENT '产品编号',
  PRIMARY KEY (`id`)
) ENGINE=InnoDB DEFAULT CHARSET=utf8 COMMENT='质量追溯任务';

/*Data for the table `qm_quality_traceability_info` */

insert  into `qm_quality_traceability_info`(`id`,`traceability_source`,`traceability_problem`,`material_code`,`batch_num`,`problem_desc`,`trance_initiator`,`initiate_time`,`status`,`create_user`,`create_time`,`update_user`,`update_time`,`remark`,`package_code`,`inspect_target_code`,`goods_code`) values ('aed4e99d1d904a53bc04eb52440e16e4','1','33','','333','33','admin','2018-03-29 10:44:10',0,'admin','2018-03-29 10:44:10',NULL,NULL,NULL,'33','','33'),('f3f1c2651cbe4b579781c322fb95dbb4','1','212','','2-1-1','333','admin','2018-03-27 19:40:19',1,'admin','2018-03-27 19:40:19',NULL,NULL,NULL,'2','','33');

/*Table structure for table `qm_record_info` */

DROP TABLE IF EXISTS `qm_record_info`;

CREATE TABLE `qm_record_info` (
  `id` char(32) NOT NULL COMMENT 'id',
  `task_id` char(32) NOT NULL COMMENT '任务编号',
  `scheme_id` char(32) NOT NULL COMMENT '质检方案',
  `version_no` varchar(50) DEFAULT NULL COMMENT '质检方案对应质检项版本号',
  `check_type_id` varchar(32) DEFAULT NULL COMMENT '检验项分类',
  `checkitem_id` char(32) NOT NULL COMMENT '质检项id',
  `check_value` varchar(10) NOT NULL COMMENT '检验值',
  `measure_unit` varchar(15) NOT NULL COMMENT '计量单位',
  `checkstand_type` varchar(15) DEFAULT NULL COMMENT '判断标准类型',
  `stand_value` varchar(20) DEFAULT NULL COMMENT '标准值',
  `stand_upper_limit` varchar(10) DEFAULT NULL COMMENT '标准值上限',
  `lower_limit` varchar(5) DEFAULT NULL COMMENT '标准值下限',
  `is_qualified` varchar(15) NOT NULL DEFAULT '1' COMMENT '是否合格,1合格',
  `record_time` datetime NOT NULL COMMENT '检验时间',
  `record_user` varchar(20) NOT NULL COMMENT '检验人',
  `check_time` datetime DEFAULT NULL COMMENT '检查时间',
  `check_user` varchar(20) DEFAULT NULL COMMENT '检查人',
  `status` tinyint(4) DEFAULT NULL COMMENT 'status',
  `create_user` varchar(32) DEFAULT NULL COMMENT 'create_user',
  `create_time` datetime DEFAULT NULL COMMENT 'create_time',
  `update_user` varchar(32) DEFAULT NULL COMMENT 'update_user',
  `update_time` datetime DEFAULT NULL COMMENT 'update_time',
  `remark` varchar(255) DEFAULT NULL COMMENT 'remark',
  PRIMARY KEY (`id`)
) ENGINE=InnoDB DEFAULT CHARSET=utf8 COMMENT='质检记录';

/*Data for the table `qm_record_info` */

insert  into `qm_record_info`(`id`,`task_id`,`scheme_id`,`version_no`,`check_type_id`,`checkitem_id`,`check_value`,`measure_unit`,`checkstand_type`,`stand_value`,`stand_upper_limit`,`lower_limit`,`is_qualified`,`record_time`,`record_user`,`check_time`,`check_user`,`status`,`create_user`,`create_time`,`update_user`,`update_time`,`remark`) values ('01f35d0387f74fb599141fc23b45cdb2','62E194126B0801FDE0531A01A80A57F0','JYFA0000000001','v20180106001','JYXMZ000000003','JYXM0000000005','111','',NULL,'null','null','null','1','2018-01-16 16:51:47','admin',NULL,'admin',NULL,NULL,NULL,NULL,NULL,NULL),('0bfd5851924b416f8bf979b62dc95796','6976A0FAE5680CB2E0531A01A80A7975','JYFA0000000001','v20180106001','JYXMZ000000003','JYXM0000000006','3','',NULL,'null','null','null','1','2018-04-10 14:27:45','admin',NULL,'admin',NULL,NULL,NULL,NULL,NULL,NULL),('1e3f0053caab4529914608f2c8b621c6','5f4147b8d4f045ef80d32da14915179c','JYFA0000000001','v20180106001','JYXMZ000000003','JYXM0000000004','1','JLDW0000000007',NULL,'10','100','10','1','2018-02-05 22:03:23','admin',NULL,'admin',NULL,NULL,NULL,NULL,NULL,NULL),('1eab292593cf48df8cf6fe894e9f4ec0','c841e11f63664edeb737c62fbbe4f6a5','JYFA0000000001','v20180106001','JYXMZ000000003','JYXM0000000004','1','JLDW0000000007',NULL,'10','100','10','1','2018-01-12 11:44:13','admin',NULL,'admin',NULL,NULL,NULL,NULL,NULL,NULL),('2074d985afcf406aac53ab46fbb8fa29','4fd16aacf6ba4e2c9f013a9afc2271d5','JYFA0000000001','v20180106001','JYXMZ000000003','JYXM0000000005','1','',NULL,'null','null','null','1','2018-01-06 13:16:33','admin',NULL,'admin',NULL,NULL,NULL,NULL,NULL,NULL),('2e2f8b54c94942fc8310d7080f76c9d2','5f4147b8d4f045ef80d32da14915179c','JYFA0000000001','v20180106001','JYXMZ000000003','JYXM0000000005','2','',NULL,'null','null','null','1','2018-02-05 22:03:23','admin',NULL,'admin',NULL,NULL,NULL,NULL,NULL,NULL),('3064ff899c4345b9bb028fcd1b1c5137','63368E06E07D1669E0531A01A80A4F98','JYFA0000000001','v20180106001','JYXMZ000000003','JYXM0000000004','2','JLDW0000000007',NULL,'10','100','10','1','2018-01-25 10:35:29','admin',NULL,'admin',NULL,NULL,NULL,NULL,NULL,NULL),('4bc4f054444347538120f71473acc16e','6241030BB9113EC7E0531A01A80AA599','JYFA0000000001','v20180106001','JYXMZ000000003','JYXM0000000004','12','JLDW0000000007',NULL,'10','100','10','1','2018-01-12 14:03:21','admin',NULL,'admin',NULL,NULL,NULL,NULL,NULL,NULL),('4efa34a2192f4ca591c3cae2631458a4','6241030BB9113EC7E0531A01A80AA599','JYFA0000000001','v20180106001','JYXMZ000000003','JYXM0000000006','12','',NULL,'null','null','null','1','2018-01-12 14:03:21','admin',NULL,'admin',NULL,NULL,NULL,NULL,NULL,NULL),('52e9e79a08244bffbcb777fe512f310e','64B2D1F93F9F1B64E0531A01A80A0AC4','JYFA0000000001','v20180106001','JYXMZ000000003','JYXM0000000005','33','',NULL,'null','null','null','1','2018-02-08 19:38:18','admin',NULL,'admin',NULL,NULL,NULL,NULL,NULL,NULL),('5461d0ea4be344e496fd52e8e796816f','63368E06E07F1669E0531A01A80A4F98','JYFA0000000001','v20180106001','JYXMZ000000003','JYXM0000000006','23','',NULL,'null','null','null','1','2018-01-26 10:25:24','admin',NULL,'admin',NULL,NULL,NULL,NULL,NULL,NULL),('5c08aab7dba14fccab266c16b265c66e','4fd16aacf6ba4e2c9f013a9afc2271d5','JYFA0000000001','v20180106001','JYXMZ000000003','JYXM0000000004','1','JLDW0000000007',NULL,'10','100','10','1','2018-01-06 13:16:33','admin',NULL,'admin',NULL,NULL,NULL,NULL,NULL,NULL),('5f1967cc0cc841e7b43576335f49313c','63368E06E07E1669E0531A01A80A4F98','JYFA0000000001','v20180106001','JYXMZ000000003','JYXM0000000005','1','',NULL,'null','null','null','1','2018-02-05 22:18:13','admin',NULL,'admin',NULL,NULL,NULL,NULL,NULL,NULL),('6203844684ec4d379b2f8c21b16b92ed','c841e11f63664edeb737c62fbbe4f6a5','JYFA0000000001','v20180106001','JYXMZ000000003','JYXM0000000006','44','',NULL,'null','null','null','1','2018-01-12 11:44:13','admin',NULL,'admin',NULL,NULL,NULL,NULL,NULL,NULL),('64f2eabc1935492ea8651a8d7e06acff','63368E06E07F1669E0531A01A80A4F98','JYFA0000000001','v20180106001','JYXMZ000000003','JYXM0000000004','1','JLDW0000000007',NULL,'10','100','10','1','2018-01-26 10:25:24','admin',NULL,'admin',NULL,NULL,NULL,NULL,NULL,NULL),('7973b0d3b3de48ffb5d93a6c7f8618f8','63368E06E07E1669E0531A01A80A4F98','JYFA0000000001','v20180106001','JYXMZ000000003','JYXM0000000006','1','',NULL,'null','null','null','1','2018-02-05 22:18:13','admin',NULL,'admin',NULL,NULL,NULL,NULL,NULL,NULL),('8b3840e886504965b82c3859fa75b34c','64B2D1F93F9F1B64E0531A01A80A0AC4','JYFA0000000001','v20180106001','JYXMZ000000003','JYXM0000000006','33','',NULL,'null','null','null','1','2018-02-08 19:38:18','admin',NULL,'admin',NULL,NULL,NULL,NULL,NULL,NULL),('97c758b8070c48baa028f85576de9ff1','6241030BB9113EC7E0531A01A80AA599','JYFA0000000001','v20180106001','JYXMZ000000003','JYXM0000000005','12','',NULL,'null','null','null','1','2018-01-12 14:03:21','admin',NULL,'admin',NULL,NULL,NULL,NULL,NULL,NULL),('996cafb87414482193e78c8616c9bb74','64B2D1F93F9F1B64E0531A01A80A0AC4','JYFA0000000001','v20180106001','JYXMZ000000003','JYXM0000000004','333','JLDW0000000007',NULL,'10','100','10','1','2018-02-08 19:38:18','admin',NULL,'admin',NULL,NULL,NULL,NULL,NULL,NULL),('a1420d48ae2f4aa49b1c8ecf28855855','63368E06E07D1669E0531A01A80A4F98','JYFA0000000001','v20180106001','JYXMZ000000003','JYXM0000000006','2','',NULL,'null','null','null','1','2018-01-25 10:35:29','admin',NULL,'admin',NULL,NULL,NULL,NULL,NULL,NULL),('a2fb85bdb0f140b28119684792c14c70','6976A0FAE5680CB2E0531A01A80A7975','JYFA0000000001','v20180106001','JYXMZ000000003','JYXM0000000005','2','',NULL,'null','null','null','1','2018-04-10 14:27:45','admin',NULL,'admin',NULL,NULL,NULL,NULL,NULL,NULL),('a91232ad9826445a951af96a4bcfc8a7','4fd16aacf6ba4e2c9f013a9afc2271d5','JYFA0000000001','v20180106001','JYXMZ000000003','JYXM0000000006','2','',NULL,'null','null','null','1','2018-01-06 13:16:33','admin',NULL,'admin',NULL,NULL,NULL,NULL,NULL,NULL),('acabfb7532d242babfce0dd6cb87d01f','c841e11f63664edeb737c62fbbe4f6a5','JYFA0000000001','v20180106001','JYXMZ000000003','JYXM0000000005','34','',NULL,'null','null','null','1','2018-01-12 11:44:13','admin',NULL,'admin',NULL,NULL,NULL,NULL,NULL,NULL),('b08c8ec679e94d5495ce0a67eb46eb49','63368E06E07D1669E0531A01A80A4F98','JYFA0000000001','v20180106001','JYXMZ000000003','JYXM0000000005','2','',NULL,'null','null','null','1','2018-01-25 10:35:29','admin',NULL,'admin',NULL,NULL,NULL,NULL,NULL,NULL),('c157bb61106d479285a531f93e2e32d7','62E194126B0801FDE0531A01A80A57F0','JYFA0000000001','v20180106001','JYXMZ000000003','JYXM0000000004','111','JLDW0000000007',NULL,'10','100','10','1','2018-01-16 16:51:47','admin',NULL,'admin',NULL,NULL,NULL,NULL,NULL,NULL),('c225dd9768a64457938414f9c248f125','63368E06E07E1669E0531A01A80A4F98','JYFA0000000001','v20180106001','JYXMZ000000003','JYXM0000000004','1','JLDW0000000007',NULL,'10','100','10','1','2018-02-05 22:18:13','admin',NULL,'admin',NULL,NULL,NULL,NULL,NULL,NULL),('c37fe154aa844cfca9fe7d9d13657c49','5f4147b8d4f045ef80d32da14915179c','JYFA0000000001','v20180106001','JYXMZ000000003','JYXM0000000006','3','',NULL,'null','null','null','1','2018-02-05 22:03:23','admin',NULL,'admin',NULL,NULL,NULL,NULL,NULL,NULL),('e70b1527c6ad4716ad29df5130e63bbe','6976A0FAE5680CB2E0531A01A80A7975','JYFA0000000001','v20180106001','JYXMZ000000003','JYXM0000000004','1','JLDW0000000007',NULL,'10','100','10','1','2018-04-10 14:27:45','admin',NULL,'admin',NULL,NULL,NULL,NULL,NULL,NULL),('e77b6f018e704d898f5bbf3cde8c0e62','63368E06E07F1669E0531A01A80A4F98','JYFA0000000001','v20180106001','JYXMZ000000003','JYXM0000000005','2','',NULL,'null','null','null','1','2018-01-26 10:25:24','admin',NULL,'admin',NULL,NULL,NULL,NULL,NULL,NULL),('f54bfe920c8144b38d05a229e5fdc7e2','62E194126B0801FDE0531A01A80A57F0','JYFA0000000001','v20180106001','JYXMZ000000003','JYXM0000000006','111','',NULL,'null','null','null','1','2018-01-16 16:51:47','admin',NULL,'admin',NULL,NULL,NULL,NULL,NULL,NULL);

/*Table structure for table `qm_scheme_checkitem_info` */

DROP TABLE IF EXISTS `qm_scheme_checkitem_info`;

CREATE TABLE `qm_scheme_checkitem_info` (
  `id` char(32) NOT NULL COMMENT 'id',
  `scheme_id` char(32) NOT NULL COMMENT '质检方案编号',
  `check_type_id` char(32) NOT NULL COMMENT '质检项分类编号',
  `checkitem_id` char(32) NOT NULL COMMENT '质检项编号',
  `version_no` varchar(50) DEFAULT NULL COMMENT '版本号',
  `create_time` datetime DEFAULT NULL COMMENT '创建时间',
  PRIMARY KEY (`id`)
) ENGINE=InnoDB DEFAULT CHARSET=utf8 COMMENT='质检方案检验项信息';

/*Data for the table `qm_scheme_checkitem_info` */

insert  into `qm_scheme_checkitem_info`(`id`,`scheme_id`,`check_type_id`,`checkitem_id`,`version_no`,`create_time`) values ('0e3a0e9dad4c46c9a93c8f77d590fe8d','JYFA0000000005','JYXMZ000000009','JYXM0000000045','wlzb20180208',NULL),('287764bf21d04d7fbef4d6e31670cc3a','JYFA0000000003','JYXMZ000000008','JYXM0000000036','vjy20180110',NULL),('3f22c844a342428381ba3e5efb9572c0','JYFA0000000003','JYXMZ000000008','JYXM0000000034','vjy20180110',NULL),('46816e9ac63f45a2b7148d332be4e57c','JYFA0000000003','JYXMZ000000008','JYXM0000000033','vjy20180110',NULL),('54334880344c4136986f0a5f31456290','JYFA0000000005','JYXMZ000000009','JYXM0000000047','wlzb20180208',NULL),('6298d6210b52406d900d10b632d9b0f8','JYFA0000000005','JYXMZ000000009','JYXM0000000046','wlzb20180208',NULL),('715f67b53ec74dda9710893e6ece1bcd','JYFA0000000005','JYXMZ000000009','JYXM0000000044','wlzb20180208',NULL),('8edbfccf6ea54399902cc6be9244db8a','JYFA0000000001','JYXMZ000000003','JYXM0000000006','v20180106001',NULL),('b298044e07e14dd8bbfabfd4415868a2','JYFA0000000001','JYXMZ000000003','JYXM0000000004','v20180106001',NULL),('b9772924a2e849df851583a19c72e8cc','JYFA0000000001','JYXMZ000000003','JYXM0000000005','v20180106001',NULL),('ba8fefe9fdc646499e339c97b02a956c','JYFA0000000003','JYXMZ000000008','JYXM0000000037','vjy20180110',NULL),('caa3e0d1ff80462db6d28dd69f220c71','JYFA0000000001','JYXMZ000000003','JYXM0000000006','vjy20180110',NULL),('e862f265f45042a7bb35655ed64ba367','JYFA0000000001','JYXMZ000000003','JYXM0000000004','vjy20180110',NULL),('f09cf5670020472aaf54f2223c05cedc','JYFA0000000003','JYXMZ000000008','JYXM0000000035','vjy20180110',NULL);

/*Table structure for table `qm_scheme_info` */

DROP TABLE IF EXISTS `qm_scheme_info`;

CREATE TABLE `qm_scheme_info` (
  `id` char(32) NOT NULL COMMENT 'id',
  `scheme_code` varchar(20) NOT NULL COMMENT '质检方案编码',
  `scheme_name` varchar(50) NOT NULL COMMENT '质检方案名称',
  `check_type` varchar(15) NOT NULL COMMENT '检验类型',
  `check_material` varchar(20) DEFAULT NULL COMMENT '检测产品',
  `product_process` varchar(20) DEFAULT NULL COMMENT '生产工序',
  `check_range` varchar(15) NOT NULL COMMENT '检测范围',
  `sample_method` varchar(15) DEFAULT NULL COMMENT '抽样方式',
  `sample_cycle` char(15) DEFAULT NULL COMMENT '抽样周期',
  `sample_rate` decimal(10,3) DEFAULT NULL COMMENT '抽样率',
  `technical_method` varchar(20) NOT NULL COMMENT '检验技术方法',
  `sample_rule` varchar(200) DEFAULT NULL COMMENT '抽样规则',
  `check_strategy_desc` varchar(200) DEFAULT NULL COMMENT '质检策略说明',
  `status` varchar(4) NOT NULL COMMENT '使用状态',
  `create_user` varchar(32) NOT NULL COMMENT '操作人',
  `create_time` datetime DEFAULT NULL COMMENT '操作时间',
  `update_user` varchar(32) DEFAULT NULL COMMENT '修改人',
  `update_time` datetime DEFAULT NULL COMMENT '修改时间',
  `version_no` varchar(20) DEFAULT NULL COMMENT '版本号',
  `tmpl_path` varchar(50) DEFAULT NULL COMMENT '对应模板路径',
  `remark` varchar(255) DEFAULT NULL COMMENT 'remark',
  `sample_interval_num` varchar(10) DEFAULT NULL COMMENT '抽样间隔编号数',
  `sample_time_unit` varchar(10) DEFAULT NULL COMMENT '抽样检查时间频率单位',
  `sample_time_rate` varchar(10) DEFAULT NULL COMMENT '抽样检查时间频率',
  `sample_yield_rate` varchar(10) DEFAULT NULL COMMENT '抽样检查产量频率',
  `sample_yield_unit` varchar(20) DEFAULT NULL COMMENT '抽样检查产量频率单位',
  `must_check` varchar(5) DEFAULT NULL COMMENT '是否必检',
  PRIMARY KEY (`id`)
) ENGINE=InnoDB DEFAULT CHARSET=utf8;

/*Data for the table `qm_scheme_info` */

insert  into `qm_scheme_info`(`id`,`scheme_code`,`scheme_name`,`check_type`,`check_material`,`product_process`,`check_range`,`sample_method`,`sample_cycle`,`sample_rate`,`technical_method`,`sample_rule`,`check_strategy_desc`,`status`,`create_user`,`create_time`,`update_user`,`update_time`,`version_no`,`tmpl_path`,`remark`,`sample_interval_num`,`sample_time_unit`,`sample_time_rate`,`sample_yield_rate`,`sample_yield_unit`,`must_check`) values ('JYFA0000000001','JYFA0000000001','原纱检验','1','','','2','1',NULL,NULL,'','','','','admin',NULL,'',NULL,NULL,NULL,NULL,'','','','','','1'),('JYFA0000000002','JYFA0000000002','浆料检验','1','','','2','1',NULL,NULL,'','','','','admin',NULL,'',NULL,NULL,NULL,NULL,'','','','','','1'),('JYFA0000000003','JYFA0000000003','浆液检验','2','','','2','1',NULL,NULL,'','','','','admin',NULL,'',NULL,NULL,NULL,NULL,'','','','','','1'),('JYFA0000000004','JYFA0000000004','浆轴检验','2','','','5','3',NULL,NULL,'','','','','admin',NULL,'',NULL,NULL,NULL,NULL,'','','','40','JLDW0000000005','1'),('JYFA0000000005','JYFA0000000005','物理指标检验','2','','','5','3',NULL,NULL,'','','','','admin',NULL,'',NULL,NULL,NULL,NULL,'','','','40','JLDW0000000005','1'),('JYFA0000000006','JYFA0000000006','修布检查','2','','','5','3',NULL,NULL,'','','','1','admin',NULL,'',NULL,NULL,NULL,NULL,'','','','10','JLDW0000000005','0'),('JYFA0000000007','JYFA0000000007','成检检查','3','','GX000000000016','5','1',NULL,NULL,'','','','','admin',NULL,'',NULL,NULL,NULL,NULL,'','','','5','JLDW0000000005','1'),('JYFA0000000008','JYFA0000000008','车间原纱检验','2','','GX000000000013','2','3',NULL,NULL,'','','','1','admin',NULL,'',NULL,NULL,NULL,NULL,'','','','','','0');

/*Table structure for table `qm_task_info` */

DROP TABLE IF EXISTS `qm_task_info`;

CREATE TABLE `qm_task_info` (
  `id` char(32) NOT NULL COMMENT 'id',
  `task_code` varchar(20) DEFAULT NULL COMMENT '任务编号',
  `scheme_id` char(32) NOT NULL COMMENT '质检方案',
  `check_type` varchar(15) NOT NULL COMMENT '检验类型',
  `materiel_code` varchar(20) DEFAULT NULL COMMENT '检验物料编号',
  `batch_num` varchar(20) DEFAULT NULL COMMENT '物料批次号',
  `prod_process` varchar(20) DEFAULT NULL COMMENT '生产工序',
  `prod_task_code` varchar(50) DEFAULT NULL COMMENT '生产任务编号',
  `prod_equip_code` varchar(20) DEFAULT NULL COMMENT '生产设备编号',
  `prod_prduct_code` varchar(100) DEFAULT NULL COMMENT '生产产品',
  `materiell_vender` varchar(50) DEFAULT NULL COMMENT '厂家',
  `materiel_specifications` varchar(100) DEFAULT NULL COMMENT '规格',
  `arrival_time` datetime DEFAULT NULL COMMENT '到货时间',
  `arrival_quntity` decimal(8,2) DEFAULT NULL COMMENT '来货数量',
  `status` tinyint(4) NOT NULL COMMENT '当前状态',
  `measure_unit` varchar(15) DEFAULT NULL COMMENT '计量单位',
  `prod_machine` varchar(50) DEFAULT NULL COMMENT '机台',
  `work_team` varchar(15) DEFAULT NULL COMMENT '班组',
  `prod_date` datetime DEFAULT NULL COMMENT '生产日期',
  `prod_finish_date` datetime DEFAULT NULL COMMENT '生产完成时间',
  `reorganize_date` datetime DEFAULT NULL COMMENT '拼件完成时间',
  `reorganize_code` varchar(32) DEFAULT NULL COMMENT '拼件包编号',
  `version_no` varchar(50) DEFAULT NULL COMMENT '版本号',
  `create_time` datetime DEFAULT CURRENT_TIMESTAMP,
  `create_user` varchar(20) DEFAULT NULL COMMENT '创建人',
  `task_submit_time` datetime DEFAULT NULL COMMENT '任务提交时间',
  `task_submit_user` varchar(20) DEFAULT NULL COMMENT '任务提交人',
  `update_user` varchar(32) DEFAULT NULL COMMENT 'update_user',
  `update_time` datetime DEFAULT NULL COMMENT 'update_time',
  `remark` varchar(255) DEFAULT NULL COMMENT 'remark',
  `materiel_varieties` varchar(50) DEFAULT NULL COMMENT '品种',
  `materiel_tray` varchar(50) DEFAULT NULL COMMENT '托盘号',
  `inspect_target_code` varchar(50) DEFAULT NULL COMMENT '检验对象编号',
  `check_user` varchar(50) DEFAULT NULL COMMENT '质检人',
  `check_time` datetime DEFAULT NULL COMMENT '质检时间',
  `check_conclusion` varchar(250) DEFAULT NULL COMMENT '质检结论',
  `is_qualified` varchar(15) DEFAULT NULL COMMENT '是否合格',
  `qm_quantity` decimal(10,3) DEFAULT NULL COMMENT '质检数量',
  `qm_quantity_unit` varchar(10) DEFAULT NULL COMMENT '质检对象数量单位',
  `qm_require` varchar(200) DEFAULT NULL COMMENT '质检要求',
  `qm_task_source` varchar(50) DEFAULT NULL COMMENT '任务来源',
  `qm_serial_number` varchar(32) DEFAULT NULL COMMENT '质检序号',
  `order_no` varchar(32) DEFAULT NULL COMMENT '订单号',
  `receipt_no` varchar(32) DEFAULT NULL COMMENT '接收号',
  `release_no` varchar(32) DEFAULT NULL COMMENT '下达号',
  `line_no` varchar(32) DEFAULT NULL COMMENT '行号',
  PRIMARY KEY (`id`)
) ENGINE=InnoDB DEFAULT CHARSET=utf8 COMMENT='质检任务';

/*Data for the table `qm_task_info` */

insert  into `qm_task_info`(`id`,`task_code`,`scheme_id`,`check_type`,`materiel_code`,`batch_num`,`prod_process`,`prod_task_code`,`prod_equip_code`,`prod_prduct_code`,`materiell_vender`,`materiel_specifications`,`arrival_time`,`arrival_quntity`,`status`,`measure_unit`,`prod_machine`,`work_team`,`prod_date`,`prod_finish_date`,`reorganize_date`,`reorganize_code`,`version_no`,`create_time`,`create_user`,`task_submit_time`,`task_submit_user`,`update_user`,`update_time`,`remark`,`materiel_varieties`,`materiel_tray`,`inspect_target_code`,`check_user`,`check_time`,`check_conclusion`,`is_qualified`,`qm_quantity`,`qm_quantity_unit`,`qm_require`,`qm_task_source`,`qm_serial_number`,`order_no`,`receipt_no`,`release_no`,`line_no`) values ('6DF1CE56F8CD309FE0531801A80ADF42','P1020111','JYFA0000000001','1',NULL,'P1020-1-1',NULL,NULL,NULL,NULL,'棉纱-LFTE60S',NULL,'2018-06-06 11:09:25',NULL,0,NULL,NULL,NULL,NULL,NULL,NULL,NULL,'v20180106001','2018-06-06 11:31:44',NULL,NULL,NULL,NULL,'2018-06-06 11:31:44',NULL,NULL,NULL,NULL,NULL,NULL,NULL,NULL,'1500.000','U003',NULL,'ERP',NULL,'P1020','1','1','1'),('7402F079410E0D5DE0531A01A80A7DBE','P1024111','JYFA0000000001','1',NULL,'P1024-1-1',NULL,NULL,NULL,NULL,'棉纱-普梳环纺16+40D支',NULL,'2018-01-12 10:48:32',NULL,0,NULL,NULL,NULL,NULL,NULL,NULL,NULL,'v20180106001','2018-08-01 20:59:28',NULL,NULL,NULL,NULL,'2018-08-01 20:59:28',NULL,NULL,NULL,NULL,NULL,NULL,NULL,NULL,'10000.000','U003',NULL,'ERP',NULL,'P1024','1','1','1'),('74621304FB0B6297E0531A01A80A56EC','2111','JYFA0000000001','1',NULL,'2-1-1',NULL,NULL,NULL,NULL,'棉纱-普梳环纺21支竹节',NULL,'2018-01-09 15:15:09',NULL,0,NULL,NULL,NULL,NULL,NULL,NULL,NULL,'v20180106001','2018-08-01 20:59:28',NULL,NULL,NULL,NULL,'2018-08-01 20:59:28',NULL,NULL,NULL,NULL,NULL,NULL,NULL,NULL,'100.000','U003',NULL,'ERP',NULL,'2','1','1','1'),('74621304FB0C6297E0531A01A80A56EC','P1021121','JYFA0000000001','1',NULL,'P1021-1-2',NULL,NULL,NULL,NULL,'棉纱-普梳环纺40支',NULL,'2018-08-22 16:40:18',NULL,0,NULL,NULL,NULL,NULL,NULL,NULL,NULL,NULL,'2018-08-22 16:56:37',NULL,NULL,NULL,NULL,'2018-08-22 16:56:37',NULL,NULL,NULL,NULL,NULL,NULL,NULL,NULL,'100.000','U003',NULL,'ERP',NULL,'P1021','1','2','1'),('74621304FB0D6297E0531A01A80A56EC','P1024411','JYFA0000000001','1',NULL,'P1024-1-4',NULL,NULL,NULL,NULL,'棉纱-普梳环纺16+40D支',NULL,'2018-08-22 16:49:44',NULL,0,NULL,NULL,NULL,NULL,NULL,NULL,NULL,NULL,'2018-08-22 16:56:37',NULL,NULL,NULL,NULL,'2018-08-22 16:56:37',NULL,NULL,NULL,NULL,NULL,NULL,NULL,NULL,'4000.000','U003',NULL,'ERP',NULL,'P1024','4','1','1'),('74621304FB0E6297E0531A01A80A56EC','P1024511','JYFA0000000001','1',NULL,'P1024-1-5',NULL,NULL,NULL,NULL,'棉纱-普梳环纺16+40D支',NULL,'2018-08-22 16:50:22',NULL,0,NULL,NULL,NULL,NULL,NULL,NULL,NULL,NULL,'2018-08-22 16:56:37',NULL,NULL,NULL,NULL,'2018-08-22 16:56:37',NULL,NULL,NULL,NULL,NULL,NULL,NULL,NULL,'6000.000','U003',NULL,'ERP',NULL,'P1024','5','1','1'),('74621304FB0F6297E0531A01A80A56EC','P1030211','JYFA0000000001','1',NULL,'P1030-1-2',NULL,NULL,NULL,NULL,'棉纱-C/T60/4032S',NULL,'2018-01-16 16:32:00',NULL,0,NULL,NULL,NULL,NULL,NULL,NULL,NULL,'v20180106001','2018-08-01 20:59:28',NULL,NULL,NULL,NULL,'2018-08-01 20:59:28',NULL,NULL,NULL,NULL,NULL,NULL,NULL,NULL,'5000.000','U003',NULL,'ERP',NULL,'P1030','2','1','1'),('74621304FB106297E0531A01A80A56EC','P1033111','JYFA0000000001','1',NULL,'P1033-1-1',NULL,NULL,NULL,NULL,'棉纱-T/C65/3516S',NULL,'2018-01-24 10:02:39',NULL,0,NULL,NULL,NULL,NULL,NULL,NULL,NULL,'v20180106001','2018-08-01 20:59:28',NULL,NULL,NULL,NULL,'2018-08-01 20:59:28',NULL,NULL,NULL,NULL,NULL,NULL,NULL,NULL,'5000.000','U003',NULL,'ERP',NULL,'P1033','1','1','1'),('74621304FB116297E0531A01A80A56EC','P1033211','JYFA0000000001','1',NULL,'P1033-1-2',NULL,NULL,NULL,NULL,'棉纱-T/C65/3516S',NULL,'2018-01-24 10:04:21',NULL,0,NULL,NULL,NULL,NULL,NULL,NULL,NULL,'v20180106001','2018-08-01 20:59:28',NULL,NULL,NULL,NULL,'2018-08-01 20:59:28',NULL,NULL,NULL,NULL,NULL,NULL,NULL,NULL,'5000.000','U003',NULL,'ERP',NULL,'P1033','2','1','1'),('74621304FB126297E0531A01A80A56EC','P1033112','JYFA0000000001','1',NULL,'P1033-2-1',NULL,NULL,NULL,NULL,'棉纱-精梳环纺60支',NULL,'2018-01-24 10:04:48',NULL,0,NULL,NULL,NULL,NULL,NULL,NULL,NULL,'v20180106001','2018-08-01 20:59:28',NULL,NULL,NULL,NULL,'2018-08-01 20:59:28',NULL,NULL,NULL,NULL,NULL,NULL,NULL,NULL,'5000.000','U003',NULL,'ERP',NULL,'P1033','1','1','2');

/*Table structure for table `qm_technic_detail_info` */

DROP TABLE IF EXISTS `qm_technic_detail_info`;

CREATE TABLE `qm_technic_detail_info` (
  `id` char(32) NOT NULL COMMENT 'id',
  `technic_record_id` varchar(32) DEFAULT NULL COMMENT '工艺设计id',
  `technicindex_type_id` varchar(32) DEFAULT NULL COMMENT '工艺指标分类id',
  `technicindex_id` varchar(32) DEFAULT NULL COMMENT '生产工艺指标id',
  `technicindex_value` varchar(50) DEFAULT NULL COMMENT '工艺指标值',
  `status` tinyint(4) DEFAULT NULL COMMENT 'status',
  `create_user` varchar(32) DEFAULT NULL COMMENT 'create_user',
  `create_time` datetime DEFAULT NULL COMMENT 'create_time',
  `update_user` varchar(32) DEFAULT NULL COMMENT 'update_user',
  `update_time` datetime DEFAULT NULL COMMENT 'update_time',
  `remark` varchar(255) DEFAULT NULL COMMENT 'remark',
  PRIMARY KEY (`id`)
) ENGINE=InnoDB DEFAULT CHARSET=utf8 COMMENT='工艺设计详细信息';

/*Data for the table `qm_technic_detail_info` */

insert  into `qm_technic_detail_info`(`id`,`technic_record_id`,`technicindex_type_id`,`technicindex_id`,`technicindex_value`,`status`,`create_user`,`create_time`,`update_user`,`update_time`,`remark`) values ('002d37155984424a9425e43c27a5221d','4e580ac9c0fb447f9da7d6384d6e415a','52e584578c9245a89183c319d3dd9a4f','25f1ec89fe894447a89f064cb0ea4024','95',0,'shiyukun','2018-07-23 16:19:00',NULL,NULL,NULL),('00474020d9b245c4963654cda9da883a','7a54c4a59050447e99618b2cd47f125f','52e584578c9245a89183c319d3dd9a4f','0e118811cfc043fa8408e8ec6be6a319','1',0,'shiyukun','2018-06-15 09:41:01',NULL,NULL,NULL),('0171fa6427a04bfba4d7e6771687f626','2f0aaa6fe9574ceb8401c644a9f9940c','e84736fcb9e6470284ee1d1a3b3af294','545a48869a0e493f96d9076bc649c012','Z',0,'shiyukun','2018-06-05 14:23:36',NULL,NULL,NULL),('01a98817e4904e51bab90783aed29f9b','9766b70c54934cd5bcd91b1afcdb7cb4','52e584578c9245a89183c319d3dd9a4f','f844fd943d374a9a8286002ed6874bcd','400',0,'shiyukun','2018-06-04 15:30:47',NULL,NULL,NULL),('01ae0f8c9e324bb68cf54e30481679c9','d29a2a47f6f34d2aaeded3c01535875f','52e584578c9245a89183c319d3dd9a4f','14e3f17b5b1646e7909ed9847f78d460','400',0,'shiyukun','2018-06-06 16:31:10',NULL,NULL,NULL),('023dbd8e5fce46f4b15ae18900da6942','81a1fdcba08f45a38afc446a3abf3c89','cb57b32b50ad4cc3bdecf80e5d44bfc1','b7759494c6ac4d44b6e6f0b35fa68674','92.3',0,'shiyukun','2018-05-15 08:48:12',NULL,NULL,NULL),('0307cb07263c4f2d8b9f23c3bcb492a9','e95566b5596f4ac7971a020efb2d63a7','cb57b32b50ad4cc3bdecf80e5d44bfc1','b2396b5272ad495b9741dbe68a6cdd8a','60',0,'shiyukun','2018-06-06 13:46:59',NULL,NULL,NULL),('031b1ece80564a1a9d0d2c069154573c','81a1fdcba08f45a38afc446a3abf3c89','cb57b32b50ad4cc3bdecf80e5d44bfc1','11b0fc912f574af286a2b0fda5f1e689','4',0,'shiyukun','2018-05-15 08:48:12',NULL,NULL,NULL),('033dd1039d0e4d3a9542bafb80cd8814','3536c843e5f24eb38983139fd2c7d4ec','d91e0c2656624a4e8b023c0860044c6f','719a46e2c2684cde92445fd4c0bad0d6','20.652',0,'shiyukun','2018-05-28 14:29:55',NULL,NULL,NULL),('039ce00a46d7433692cf0fa5cc967338','93c5a0e344e54f3184070738d64da482','a7957baf33c64767b9ad931c009e37fb','22d9411d14284d58bfbac76a008ec73b','123++678++990',0,'admin','2018-08-16 17:26:03',NULL,NULL,NULL),('040873f0397a48d896492f9672e95297','f7178b7e313d4f848602ad6945f4f321','cb57b32b50ad4cc3bdecf80e5d44bfc1','c6574b65ca254f6c907a6495a702d9bb','75D',0,'shiyukun','2018-06-15 10:38:06',NULL,NULL,NULL),('042281e3527145e48b6834bb247540d6','9766b70c54934cd5bcd91b1afcdb7cb4','52e584578c9245a89183c319d3dd9a4f','a5d2d6a8e4f542eea3606d28dc2adad3','HS40',0,'shiyukun','2018-06-04 15:30:47',NULL,NULL,NULL),('05496b525526408d85de61c14e9631e6','360d454310024d1daee564ec88aed4ba','d91e0c2656624a4e8b023c0860044c6f','1ad7f3f92946465abb1582598613c006','19.924',0,'shiyukun','2018-05-15 08:49:27',NULL,NULL,NULL),('0679f859897940d98ccfdd177aa043a2','795ee292bb0f4589bf011919c830a042','e84736fcb9e6470284ee1d1a3b3af294','3e2fc94e1c3a4878b0cf4ffa9e10977e','2.374',0,'shiyukun','2018-06-13 15:35:34',NULL,NULL,NULL),('069900a7b9d54d73b7229ea263f913b7','07a2a8b034734e4cb8f57bc55ddd8491','d3c173adabf348bea1c2f64dd3af005b','256fcad7d175463fae74d37503ec1898','704*11+(443+142)',0,'shiyukun','2018-06-15 20:13:05',NULL,NULL,NULL),('074e213a1f0347f99f4372d36fcef9f2','e63faf9fdf904bfd801d97cec7c73656','cb57b32b50ad4cc3bdecf80e5d44bfc1','895c03d74db94e29ae25c20506daeb01','11.43',0,'shiyukun','2018-06-05 14:21:32',NULL,NULL,NULL),('07578f234e17490ba48deafe822e9b85','a445db01f8ea4e3e96f8326d640533d5','52e584578c9245a89183c319d3dd9a4f','8ec01946657149e5813302f956152a55','400',0,'shiyukun','2018-05-25 13:13:11',NULL,NULL,NULL),('0784dfc913ba42b79e505c1ae4ed4d78','2f0aaa6fe9574ceb8401c644a9f9940c','e84736fcb9e6470284ee1d1a3b3af294','3e2fc94e1c3a4878b0cf4ffa9e10977e','1.407',0,'shiyukun','2018-06-05 14:23:36',NULL,NULL,NULL),('07bd7fd21111430d88a262073df05eff','f391b2f50e954626ba3801af0368cf82','cb57b32b50ad4cc3bdecf80e5d44bfc1','e1e5f571f73e4b7c91699174cead1f49','42/2',0,'shiyukun','2018-06-15 17:44:37',NULL,NULL,NULL),('07e0e769d6fd4103bbf075b09798f35f','7195c55372874ff2ac53a7292204d89f','cb57b32b50ad4cc3bdecf80e5d44bfc1','a2496429cdc54510b85cb31864f815e7','12',0,'shiyukun','2018-07-18 16:03:22',NULL,NULL,NULL),('081624638d404755ae2584af65ca1f11','2d1a93429579402e90816aebb9af44eb','e84736fcb9e6470284ee1d1a3b3af294','5283f0462bcd42d0992ca1e74598f33c','LF100',0,'shiyukun','2018-06-06 13:49:31',NULL,NULL,NULL),('08719685a43b48859495507050e0e1ab','f391b2f50e954626ba3801af0368cf82','cb57b32b50ad4cc3bdecf80e5d44bfc1','a059c58ef17d4cce9bc6b565758edfc8','96',0,'shiyukun','2018-06-15 17:44:37',NULL,NULL,NULL),('08860719fb3641ac9a86effd154f5d80','4c2b0b307f374216b66c994286072cee','cb57b32b50ad4cc3bdecf80e5d44bfc1','ea4da0cc576446859ca4fc836f3e016a','393.5',0,'shiyukun','2018-07-18 16:03:22',NULL,NULL,NULL),('08d9dc7b4d284a369e67bbad8e223bd0','81a1fdcba08f45a38afc446a3abf3c89','cb57b32b50ad4cc3bdecf80e5d44bfc1','2827641ac606498fad694d05829981d0','29.4',0,'shiyukun','2018-05-15 08:48:12',NULL,NULL,NULL),('0929f308cd654958b6212e27eaf8621d','fbf69f5ff4fe4e848d2d9547103023bc','cb57b32b50ad4cc3bdecf80e5d44bfc1','fcc04f2e038342a4bcaacf9b8b99cc17','40',0,'shiyukun','2018-06-15 10:33:22',NULL,NULL,NULL),('092cb11765c34d3c95bcebca475ebb51','c2fbf8bd504e44658c2b6560fd34ef0f','e84736fcb9e6470284ee1d1a3b3af294','811420b08ee8425a9c94251d501bba15','Z',0,'shiyukun','2018-06-15 10:40:33',NULL,NULL,NULL),('09c102f506ae41b38e7a43eecdc91cc1','7195c55372874ff2ac53a7292204d89f','cb57b32b50ad4cc3bdecf80e5d44bfc1','a059c58ef17d4cce9bc6b565758edfc8','96',0,'shiyukun','2018-07-18 16:03:22',NULL,NULL,NULL),('09cb7c69171e45008ddb50c6477a1f89','a445db01f8ea4e3e96f8326d640533d5','52e584578c9245a89183c319d3dd9a4f','d088bafd53fd479ba1347826f9e076c8','14.5',0,'shiyukun','2018-05-25 13:13:11',NULL,NULL,NULL),('09d2c30620474348b12651619f9bbcee','fbf69f5ff4fe4e848d2d9547103023bc','cb57b32b50ad4cc3bdecf80e5d44bfc1','6f98bef973364f1aa9e65c3376a1ff74','44.0',0,'shiyukun','2018-06-15 10:33:22',NULL,NULL,NULL),('09e73a20e7324dd791bcaabee9cd2b38','5d92fc35a6e7414e9b548ad104b8bcd0','e84736fcb9e6470284ee1d1a3b3af294','5283f0462bcd42d0992ca1e74598f33c','T/JC65/35',0,'shiyukun','2018-06-15 09:50:43',NULL,NULL,NULL),('0a6c2ced93114617b5feb75c783e3e2d','7195c55372874ff2ac53a7292204d89f','cb57b32b50ad4cc3bdecf80e5d44bfc1','a9822ae9b1e643b990f551e9e2cdc382','2.14',0,'shiyukun','2018-07-18 16:03:22',NULL,NULL,NULL),('0b0b2215098c46cd9a7a843e251c59f3','cf9fcb78effa489b8a35b8208c4a42dc','cb57b32b50ad4cc3bdecf80e5d44bfc1','a059c58ef17d4cce9bc6b565758edfc8','160',0,'shiyukun','2018-05-28 14:28:15',NULL,NULL,NULL),('0b6b7d034f894398917f45a4d9e544a2','7a54c4a59050447e99618b2cd47f125f','52e584578c9245a89183c319d3dd9a4f','ae9c7fe819074e0eb1967918e7679e9f','40.6',0,'shiyukun','2018-06-15 09:41:01',NULL,NULL,NULL),('0b93f827a8674262b9bfe6fb76edf5a3','748a20417f2c4b0495faf6ff845fba25','e84736fcb9e6470284ee1d1a3b3af294','cd686df0c4644d46b9245ff7e963345d','C/T60/40',0,'shiyukun','2018-06-14 16:42:38',NULL,NULL,NULL),('0bf749b306de43258d02e72ccbec627d','a3e9bbe3826741abacd9c4d665f2ed1a','34fc642bc0ce49d7b6041643cee49bd9','a03f4f92af864b4f816c0d11c3cf264d','PLUS-190',0,'shiyukun','2018-06-15 17:56:22',NULL,NULL,NULL),('0c07f2cb2e0b473eb8c8996f3d43bcba','f7178b7e313d4f848602ad6945f4f321','cb57b32b50ad4cc3bdecf80e5d44bfc1','a059c58ef17d4cce9bc6b565758edfc8','160',0,'shiyukun','2018-06-15 10:38:06',NULL,NULL,NULL),('0c77e5ac1c42462195d405eb8ccc23d0','3b98b673f89a4a6587a5246ca6adbec5','52e584578c9245a89183c319d3dd9a4f','d088bafd53fd479ba1347826f9e076c8','11',0,'shiyukun','2018-06-15 09:55:51',NULL,NULL,NULL),('0ce88f372caa41d998b74fef11a62a07','f7178b7e313d4f848602ad6945f4f321','cb57b32b50ad4cc3bdecf80e5d44bfc1','fcc04f2e038342a4bcaacf9b8b99cc17','40',0,'shiyukun','2018-06-15 10:38:06',NULL,NULL,NULL),('0d1b21c289f74e54b5605ff0909b7377','fbe8f00dd0c5470c95fbd868b92591f8','52e584578c9245a89183c319d3dd9a4f','72fb588a664e4d158c71c274bba056a9','C/T府绸浆',0,'shiyukun','2018-07-19 09:43:37',NULL,NULL,NULL),('0d4f8f4d2bc6485b898db7742c69f141','3d4b3d0c8b104c7d8b0bad4e2aa8d31b','d3c173adabf348bea1c2f64dd3af005b','c390e394a40f46f89ba342baba1ddc50','4706',0,'shiyukun','2018-05-25 10:41:15',NULL,NULL,NULL),('0d61a661b54440a9aa692a67367f4acc','4c2b0b307f374216b66c994286072cee','cb57b32b50ad4cc3bdecf80e5d44bfc1','a2496429cdc54510b85cb31864f815e7','12',0,'shiyukun','2018-07-18 16:03:22',NULL,NULL,NULL),('0e12c0bcd6b8453da81a45838cd5e6e5','4c2b0b307f374216b66c994286072cee','cb57b32b50ad4cc3bdecf80e5d44bfc1','b2396b5272ad495b9741dbe68a6cdd8a','32/2',0,'shiyukun','2018-07-18 16:03:22',NULL,NULL,NULL),('0e2b6a00f6154994bc05f6a0608735c9','d995bb56d8024ad4bbe22adf646beb48','d3c173adabf348bea1c2f64dd3af005b','c390e394a40f46f89ba342baba1ddc50','2292',0,'shiyukun','2018-06-06 16:28:19',NULL,NULL,NULL),('0ec19532bf344b9ba5631c4c6bd3df1c','39e70f076a1f406a9d9dc52cb50ba7b6','e84736fcb9e6470284ee1d1a3b3af294','5283f0462bcd42d0992ca1e74598f33c','JC100',0,'shiyukun','2018-06-15 10:36:00',NULL,NULL,NULL),('0fa99f740876468785a990d4a99a853f','b47116569d064ac7a4f10701cde1506f','34fc642bc0ce49d7b6041643cee49bd9','8388b8424321418dbeecb0b3c7ecf9e1','700',0,'shiyukun','2018-07-19 09:45:08',NULL,NULL,NULL),('0fe42ff63f6f41eeba53615a937e0299','ba09fa2ea62e458f859b542f6dbf2054','e84736fcb9e6470284ee1d1a3b3af294','5283f0462bcd42d0992ca1e74598f33c','JC100',0,'shiyukun','2018-07-23 16:15:37',NULL,NULL,NULL),('0ff60afa6f6946d2811f0b912474c9a3','e95566b5596f4ac7971a020efb2d63a7','cb57b32b50ad4cc3bdecf80e5d44bfc1','b7759494c6ac4d44b6e6f0b35fa68674','93.9',0,'shiyukun','2018-06-06 13:46:59',NULL,NULL,NULL),('103dab5496f04daca95d9e6bdf6cbfa3','421ee39d306b4098b554e20864e90752','52e584578c9245a89183c319d3dd9a4f','f5edc4a998684a6dab5d62cb0321056f','300',0,'shiyukun','2018-05-15 13:52:03','shiyukun','2018-05-15 13:52:56',NULL),('11bbaa134ae34bdd96c78dd22209896a','cf9fcb78effa489b8a35b8208c4a42dc','cb57b32b50ad4cc3bdecf80e5d44bfc1','fcc04f2e038342a4bcaacf9b8b99cc17','40',0,'shiyukun','2018-05-28 14:28:15',NULL,NULL,NULL),('121013767771402198e1c946ca02f86b','eed8e8794b5242f982e256ef3c8efdd1','cb57b32b50ad4cc3bdecf80e5d44bfc1','895c03d74db94e29ae25c20506daeb01','9.9',0,'shiyukun','2018-06-14 16:40:24',NULL,NULL,NULL),('127d530ecaa040ba85561e1120119b2a','8f419aa427694839900fab24dc488fe8','d91e0c2656624a4e8b023c0860044c6f','ca24196f22fc4ad7846bf5325715689f','0.989',0,'shiyukun','2018-06-15 17:45:34',NULL,NULL,NULL),('12e28703759d4ca999dcd4f29e32b79d','cf9fcb78effa489b8a35b8208c4a42dc','cb57b32b50ad4cc3bdecf80e5d44bfc1','895c03d74db94e29ae25c20506daeb01','5.96',0,'shiyukun','2018-05-28 14:28:15',NULL,NULL,NULL),('13aac6d1973241e28f3046ba2d118e45','7a54c4a59050447e99618b2cd47f125f','52e584578c9245a89183c319d3dd9a4f','9ed1dfdaa7524baaac7141931d390a51','166.5',0,'shiyukun','2018-06-15 09:41:01',NULL,NULL,NULL),('144b331756534ff9a00a014a5dd3363d','e5a323a655854a4198ec6b8a8919e442','d3c173adabf348bea1c2f64dd3af005b','fa965fb04a144625a56a3c45d4885e2b','4',0,'shiyukun','2018-06-15 09:36:14','admin','2018-08-23 01:16:52',NULL),('1458eec00d3a48b4beb06afc805e0e8a','cf9fcb78effa489b8a35b8208c4a42dc','cb57b32b50ad4cc3bdecf80e5d44bfc1','ea4da0cc576446859ca4fc836f3e016a','681',0,'shiyukun','2018-05-28 14:28:15',NULL,NULL,NULL),('159b330ae5f44bec8833118268e4e019','e63faf9fdf904bfd801d97cec7c73656','cb57b32b50ad4cc3bdecf80e5d44bfc1','2827641ac606498fad694d05829981d0','14.7',0,'shiyukun','2018-06-05 14:21:32',NULL,NULL,NULL),('15c75a894a884aa481e569d5a5037fe1','eed8e8794b5242f982e256ef3c8efdd1','cb57b32b50ad4cc3bdecf80e5d44bfc1','b7759494c6ac4d44b6e6f0b35fa68674','97.4',0,'shiyukun','2018-06-14 16:40:24',NULL,NULL,NULL),('15dc55e1d6d94e4894985e503850ef6a','981b99fe3efa43779d053ff1fc86e6be','e84736fcb9e6470284ee1d1a3b3af294','5283f0462bcd42d0992ca1e74598f33c','C/T60/40',0,'shiyukun','2018-06-15 17:46:29',NULL,NULL,NULL),('15fdfbaf55734a909743cb5fe6a4055f','7195c55372874ff2ac53a7292204d89f','cb57b32b50ad4cc3bdecf80e5d44bfc1','c48385b3a1ae48c1a09092e049157408','2/1',0,'shiyukun','2018-07-18 16:03:22',NULL,NULL,NULL),('163833e7ba05494ea979bb9c4e1a64c4','eed8e8794b5242f982e256ef3c8efdd1','cb57b32b50ad4cc3bdecf80e5d44bfc1','2c95e0ab4d55494c8606172907cb15b2','7776',0,'shiyukun','2018-06-14 16:40:24',NULL,NULL,NULL),('165fe02b7e414f47b9a182b6801a5fc8','6c39e2e30387439fa8fc6085abeb5c6e','cb57b32b50ad4cc3bdecf80e5d44bfc1','ea4da0cc576446859ca4fc836f3e016a','681',0,'shiyukun','2018-07-23 16:14:13',NULL,NULL,NULL),('1664055e9dd14cc9832a46acdb2b8599','dd1988426cd646318230243577b3d921','cb57b32b50ad4cc3bdecf80e5d44bfc1','2c95e0ab4d55494c8606172907cb15b2','5888',0,'shiyukun','2018-06-13 15:33:02',NULL,NULL,NULL),('167e7de0c9ac4febb0c5cdd1ceae726a','9e404819434843a28132e2382461cc99','34fc642bc0ce49d7b6041643cee49bd9','5787b64362254eccae15812a9c9b9682','116',0,'shiyukun','2018-07-23 16:20:09',NULL,NULL,NULL),('16e12b86ac324c9a9dba9176699e3b24','dbd272b5921542869b5d24046871f3f5','cb57b32b50ad4cc3bdecf80e5d44bfc1','2827641ac606498fad694d05829981d0','9.8',0,'shiyukun','2018-06-04 14:48:03',NULL,NULL,NULL),('16eb8fd87954499e844b02024d8c1e08','81a1fdcba08f45a38afc446a3abf3c89','cb57b32b50ad4cc3bdecf80e5d44bfc1','7ebcf26d8e354709a1687648ae9cefd6','184.1',0,'shiyukun','2018-05-15 08:48:12',NULL,NULL,NULL),('16f3b2256ce644a687b6bf410ca03811','4e31691649f2489882acf0eab863cf6f','d91e0c2656624a4e8b023c0860044c6f','719a46e2c2684cde92445fd4c0bad0d6','12.176',0,'shiyukun','2018-06-13 15:34:01',NULL,NULL,NULL),('172e28e26cc1483ebe22dd2707579d17','748a20417f2c4b0495faf6ff845fba25','e84736fcb9e6470284ee1d1a3b3af294','5283f0462bcd42d0992ca1e74598f33c','C/T60/40',0,'shiyukun','2018-06-14 16:42:38',NULL,NULL,NULL),('17ea870fab8c4094aeec2c51557494e0','f391b2f50e954626ba3801af0368cf82','cb57b32b50ad4cc3bdecf80e5d44bfc1','be06d540c847400da42cce6f71da7bcb','2/1+1/2',0,'shiyukun','2018-06-15 17:44:37',NULL,NULL,NULL),('17ecd6014e234419adfbbac948e71c7e','fbf69f5ff4fe4e848d2d9547103023bc','cb57b32b50ad4cc3bdecf80e5d44bfc1','2c95e0ab4d55494c8606172907cb15b2','18334',0,'shiyukun','2018-06-15 10:33:22',NULL,NULL,NULL),('183408dd24f94bd4913d88ff1b3eb0d4','cc8f072be0034a4d8a2b3eb36e26ecd9','d91e0c2656624a4e8b023c0860044c6f','1ad7f3f92946465abb1582598613c006','19.396',0,'shiyukun','2018-05-24 15:55:32',NULL,NULL,NULL),('1857706ca5d64d01a68333a31ee0b8a2','4c2b0b307f374216b66c994286072cee','cb57b32b50ad4cc3bdecf80e5d44bfc1','2c95e0ab4d55494c8606172907cb15b2','6448',0,'shiyukun','2018-07-18 16:03:22',NULL,NULL,NULL),('1887fc5538004a61892516e084d0bc73','f06e3b1a252d487f94fe11acf2626987','52e584578c9245a89183c319d3dd9a4f','0e118811cfc043fa8408e8ec6be6a319','0.5',0,'shiyukun','2018-06-15 17:55:33',NULL,NULL,NULL),('191a7bb28a694b0692d9fffe8b746aea','ba09fa2ea62e458f859b542f6dbf2054','e84736fcb9e6470284ee1d1a3b3af294','3e2fc94e1c3a4878b0cf4ffa9e10977e','1.346',0,'shiyukun','2018-07-23 16:15:37',NULL,NULL,NULL),('191b6dbcef094c86939c82472b13dfe7','0be3589340544cf28dc998f94d90402f','d3c173adabf348bea1c2f64dd3af005b','c390e394a40f46f89ba342baba1ddc50','13000',0,'shiyukun','2018-06-15 17:53:22',NULL,NULL,NULL),('1924cb9dcf69478bae485897731c943e','fbf69f5ff4fe4e848d2d9547103023bc','cb57b32b50ad4cc3bdecf80e5d44bfc1','11b0fc912f574af286a2b0fda5f1e689','4',0,'shiyukun','2018-06-15 10:33:22',NULL,NULL,NULL),('19d5d3a49d2246e3a35f58cd78b76d9f','dd1988426cd646318230243577b3d921','cb57b32b50ad4cc3bdecf80e5d44bfc1','1d900cd781294cb1bf30e68654bfd33f','24',0,'shiyukun','2018-06-13 15:33:02',NULL,NULL,NULL),('1a0005e399424063baf4e21b60bac133','e5a323a655854a4198ec6b8a8919e442','d3c173adabf348bea1c2f64dd3af005b','256fcad7d175463fae74d37503ec1898','648*12',0,'shiyukun','2018-06-15 09:36:14','admin','2018-08-23 01:16:52',NULL),('1a15e1d9f6e3498ab2a9e95f15cbd9c5','3c30d500c3b94df9ba757dd840da65d3','34fc642bc0ce49d7b6041643cee49bd9','8388b8424321418dbeecb0b3c7ecf9e1','700',0,'shiyukun','2018-06-15 17:56:22',NULL,NULL,NULL),('1a953816665c4682a93ea6565e06e00e','58a17b5c6ec24c56b199304d35028e6c','cb57b32b50ad4cc3bdecf80e5d44bfc1','be06d540c847400da42cce6f71da7bcb','2/2',0,'shiyukun','2018-06-15 09:47:54',NULL,NULL,NULL),('1aaea44d637a4a708d317e6377cb491e','5ac4711afee84acdac95e1529bb190bb','a7957baf33c64767b9ad931c009e37fb','22d9411d14284d58bfbac76a008ec73b','LF60*M40+173*120+106\"渔舟唱晚',0,'shiyukun','2018-05-28 14:21:59',NULL,NULL,NULL),('1c9a040903f147dca97e70615568dbac','d2711374b3ba484288cf27dcdc08e6f7','d3c173adabf348bea1c2f64dd3af005b','c390e394a40f46f89ba342baba1ddc50','15452',0,'shiyukun','2018-06-14 08:03:44',NULL,NULL,NULL),('1cbe7520b22747e0a997057f4e24de71','9766b70c54934cd5bcd91b1afcdb7cb4','52e584578c9245a89183c319d3dd9a4f','d088bafd53fd479ba1347826f9e076c8','14.5',0,'shiyukun','2018-06-04 15:30:47',NULL,NULL,NULL),('1cd94127ae174cc5b775405f79da3737','7195c55372874ff2ac53a7292204d89f','cb57b32b50ad4cc3bdecf80e5d44bfc1','ea4da0cc576446859ca4fc836f3e016a','393.5',0,'shiyukun','2018-07-18 16:03:22',NULL,NULL,NULL),('1cf48dde55f247b5a20c85710d458f49','4e580ac9c0fb447f9da7d6384d6e415a','52e584578c9245a89183c319d3dd9a4f','466e9278d6de4ab48d6d52de902b661a','3600米',0,'shiyukun','2018-07-23 16:19:00',NULL,NULL,NULL),('1d7f3d244c774948b6bc94ef3c9c5333','7626d27bd9ab4b37927b6bd1329e7e5a','cb57b32b50ad4cc3bdecf80e5d44bfc1','895c03d74db94e29ae25c20506daeb01','5.96',0,'shiyukun','2018-05-24 16:04:19',NULL,NULL,NULL),('1da0a5a95695460fb72f2443753313a4','dd1988426cd646318230243577b3d921','cb57b32b50ad4cc3bdecf80e5d44bfc1','b7759494c6ac4d44b6e6f0b35fa68674','80.4',0,'shiyukun','2018-06-13 15:33:02',NULL,NULL,NULL),('1e04215b309c46d29b34f491f9f91cec','dd1988426cd646318230243577b3d921','cb57b32b50ad4cc3bdecf80e5d44bfc1','e1e5f571f73e4b7c91699174cead1f49','40/2',0,'shiyukun','2018-06-13 15:33:02',NULL,NULL,NULL),('1e518d0fe2b248ad9806454433380f22','00d05e6cbc0d4a50ad3d091a0b7e237b','34fc642bc0ce49d7b6041643cee49bd9','5240ac602f63450aafd7cb47404258ca','9',0,'shiyukun','2018-06-04 15:32:38',NULL,NULL,NULL),('1ebcb764ee654d15be5b81c275dcdaab','81a1fdcba08f45a38afc446a3abf3c89','cb57b32b50ad4cc3bdecf80e5d44bfc1','9ecee87ac361486882411f9081dedf1e','36.58',0,'shiyukun','2018-05-15 08:48:12',NULL,NULL,NULL),('1f5692678c52488aab06e0599bac2ce2','f3d3246a2205470d90eb8a11a1df7b85','a7957baf33c64767b9ad931c009e37fb','22d9411d14284d58bfbac76a008ec73b','J60*40+173*80+106\"+叶子',0,'shiyukun','2018-06-15 10:24:40',NULL,NULL,NULL),('1f909877d1304b9193dc3701daa3665e','e95566b5596f4ac7971a020efb2d63a7','cb57b32b50ad4cc3bdecf80e5d44bfc1','ea4da0cc576446859ca4fc836f3e016a','681',0,'shiyukun','2018-06-06 13:46:59',NULL,NULL,NULL),('1fac13b099b147d4927a70ac677e4690','5d92fc35a6e7414e9b548ad104b8bcd0','e84736fcb9e6470284ee1d1a3b3af294','545a48869a0e493f96d9076bc649c012','Z',0,'shiyukun','2018-06-15 09:50:43',NULL,NULL,NULL),('1fee5bcda19e45b0991c59b28652b3d2','7195c55372874ff2ac53a7292204d89f','cb57b32b50ad4cc3bdecf80e5d44bfc1','c6574b65ca254f6c907a6495a702d9bb','75D',0,'shiyukun','2018-07-18 16:03:22',NULL,NULL,NULL),('1ff2d611b51d456590974e55dd2e29a1','53d7ef43fbd54118a5f2f1e552f88185','d3c173adabf348bea1c2f64dd3af005b','c390e394a40f46f89ba342baba1ddc50','5389',0,'shiyukun','2018-05-28 15:12:11',NULL,NULL,NULL),('2021dee559d347a1a84eaf5d1aac3731','dd1988426cd646318230243577b3d921','cb57b32b50ad4cc3bdecf80e5d44bfc1','ea4da0cc576446859ca4fc836f3e016a','346.5',0,'shiyukun','2018-06-13 15:33:02',NULL,NULL,NULL),('206249d155ee4a8ab62b1cfd994d0c24','58a17b5c6ec24c56b199304d35028e6c','cb57b32b50ad4cc3bdecf80e5d44bfc1','9ecee87ac361486882411f9081dedf1e','36.58',0,'shiyukun','2018-06-15 09:47:54',NULL,NULL,NULL),('20d0939b3e324b4b8394a9ddee2a19e6','f06e3b1a252d487f94fe11acf2626987','52e584578c9245a89183c319d3dd9a4f','d088bafd53fd479ba1347826f9e076c8','7',0,'shiyukun','2018-06-15 17:55:33',NULL,NULL,NULL),('214bcfccfbca4bc3bafc32ab9a9628bf','3536c843e5f24eb38983139fd2c7d4ec','d91e0c2656624a4e8b023c0860044c6f','1ad7f3f92946465abb1582598613c006','19.396',0,'shiyukun','2018-05-28 14:29:55',NULL,NULL,NULL),('21569bad82cb48369fe7e5723f21b3ea','5ddd243fcc904ddda0bb2072d3b008a6','e84736fcb9e6470284ee1d1a3b3af294','47ff8b6106c5412aae51edf4aedc6bef','3.476',0,'shiyukun','2018-07-19 09:37:47',NULL,NULL,NULL),('2162b3d1642d45fd9be47d2dc10f2581','eed8e8794b5242f982e256ef3c8efdd1','cb57b32b50ad4cc3bdecf80e5d44bfc1','6f98bef973364f1aa9e65c3376a1ff74','52.8',0,'shiyukun','2018-06-14 16:40:24',NULL,NULL,NULL),('22af0de960df4b2b8d8deff77e145c84','6c39e2e30387439fa8fc6085abeb5c6e','cb57b32b50ad4cc3bdecf80e5d44bfc1','fcc04f2e038342a4bcaacf9b8b99cc17','40',0,'shiyukun','2018-07-23 16:14:13',NULL,NULL,NULL),('22c20e44fbb7494db43ce16b5bfe3615','f300db9438c547e998f1979081947cc2','a7957baf33c64767b9ad931c009e37fb','431290ba3314438caa178f1536ef4b89','LF9.8/LF9.8+681/511.5+269cm小叶子',0,'shiyukun','2018-05-24 15:39:54','shiyukun','2018-05-24 15:43:10',NULL),('22edf8a1684e4ce5a831689e8dde57a5','e619ce1f61504cc7b4003b2938ee744b','e84736fcb9e6470284ee1d1a3b3af294','5283f0462bcd42d0992ca1e74598f33c','LF100',0,'shiyukun','2018-05-28 14:32:09',NULL,NULL,NULL),('234a7639b18d48c8b9c9d4ec18de1d77','3b98b673f89a4a6587a5246ca6adbec5','52e584578c9245a89183c319d3dd9a4f','f5edc4a998684a6dab5d62cb0321056f','300',0,'shiyukun','2018-06-15 09:55:51',NULL,NULL,NULL),('23528266c3fd49a0ac035159b86fdb50','f391b2f50e954626ba3801af0368cf82','cb57b32b50ad4cc3bdecf80e5d44bfc1','fcc04f2e038342a4bcaacf9b8b99cc17','36.67',0,'shiyukun','2018-06-15 17:44:37',NULL,NULL,NULL),('235f6a33a61744f3b1397f1cb1240886','07a2a8b034734e4cb8f57bc55ddd8491','d3c173adabf348bea1c2f64dd3af005b','7e19e9c3303b48e3a440a5f9b34082ff','CGG114B',0,'shiyukun','2018-06-15 20:13:05',NULL,NULL,NULL),('23d888c6860845fd8f96421fac1d86e0','9e404819434843a28132e2382461cc99','34fc642bc0ce49d7b6041643cee49bd9','8388b8424321418dbeecb0b3c7ecf9e1','375',0,'shiyukun','2018-07-23 16:20:09',NULL,NULL,NULL),('244c25f307f442b197aedf8e743f8f16','6c39e2e30387439fa8fc6085abeb5c6e','cb57b32b50ad4cc3bdecf80e5d44bfc1','1d900cd781294cb1bf30e68654bfd33f','40',0,'shiyukun','2018-07-23 16:14:13',NULL,NULL,NULL),('246115d486cc44f3914e05c735af93af','0fc6844070f542ada961df96698df0b5','d91e0c2656624a4e8b023c0860044c6f','719a46e2c2684cde92445fd4c0bad0d6','22.460',0,'shiyukun','2018-07-23 16:14:48',NULL,NULL,NULL),('248f6ec4e95f4de4887c93d8a043756f','421ee39d306b4098b554e20864e90752','52e584578c9245a89183c319d3dd9a4f','2be26000db8c4be6875491f8a2cf9fa2','42×1对++54×1对',0,'shiyukun','2018-05-15 13:52:03','shiyukun','2018-05-15 13:52:56',NULL),('24c0ae8081d5478590167d3f5fb5467c','3b98b673f89a4a6587a5246ca6adbec5','52e584578c9245a89183c319d3dd9a4f','0e61edaa64bb4caaaa9a1e90b7d4cee5','2.5',0,'shiyukun','2018-06-15 09:55:51',NULL,NULL,NULL),('250833aaca0f48478a400c2dfeb8d478','9cc013a7f6474693aaeb04abe1638003','e84736fcb9e6470284ee1d1a3b3af294','cd686df0c4644d46b9245ff7e963345d','C100',0,'shiyukun','2018-05-15 08:50:31',NULL,NULL,NULL),('2520e1aef3034cac9b57d065b36008e9','7a54c4a59050447e99618b2cd47f125f','52e584578c9245a89183c319d3dd9a4f','f5edc4a998684a6dab5d62cb0321056f','300',0,'shiyukun','2018-06-15 09:41:01',NULL,NULL,NULL),('25469c0d4dea470988fc5a08518cadca','07a2a8b034734e4cb8f57bc55ddd8491','d3c173adabf348bea1c2f64dd3af005b','fa965fb04a144625a56a3c45d4885e2b','4',0,'shiyukun','2018-06-15 20:13:05',NULL,NULL,NULL),('26f05f38f1b041489482370279433a2e','795ee292bb0f4589bf011919c830a042','e84736fcb9e6470284ee1d1a3b3af294','545a48869a0e493f96d9076bc649c012','Z',0,'shiyukun','2018-06-13 15:35:34',NULL,NULL,NULL),('27a6ccd805f244bf8512f8f4d60d6b71','fbe8f00dd0c5470c95fbd868b92591f8','52e584578c9245a89183c319d3dd9a4f','31fe9dc3a79241e497e9f9a4431742d2','348',0,'shiyukun','2018-07-19 09:43:37',NULL,NULL,NULL),('27f343b515014bbcb5309773769b2a5f','e619ce1f61504cc7b4003b2938ee744b','e84736fcb9e6470284ee1d1a3b3af294','3e2fc94e1c3a4878b0cf4ffa9e10977e','1.333',0,'shiyukun','2018-05-28 14:32:09',NULL,NULL,NULL),('28130e562e404b39a58861e75d2cd155','58a17b5c6ec24c56b199304d35028e6c','cb57b32b50ad4cc3bdecf80e5d44bfc1','895c03d74db94e29ae25c20506daeb01','11.43',0,'shiyukun','2018-06-15 09:47:54',NULL,NULL,NULL),('2828b19711cc4dfc8568b23f4019caff','58a17b5c6ec24c56b199304d35028e6c','cb57b32b50ad4cc3bdecf80e5d44bfc1','c48385b3a1ae48c1a09092e049157408','2/2',0,'shiyukun','2018-06-15 09:47:54',NULL,NULL,NULL),('282d5114c1e6423e9230e6559517b83b','f7178b7e313d4f848602ad6945f4f321','cb57b32b50ad4cc3bdecf80e5d44bfc1','895c03d74db94e29ae25c20506daeb01','5.23',0,'shiyukun','2018-06-15 10:38:06',NULL,NULL,NULL),('283adc59e4f24b73ac5bd19562a0e555','5f109f1339dd4f31a8e3b39983acafca','34fc642bc0ce49d7b6041643cee49bd9','a03f4f92af864b4f816c0d11c3cf264d','PLUS-190',0,'shiyukun','2018-06-15 09:42:22',NULL,NULL,NULL),('28a852aa0eb84d9e945aeb1e77af61d2','3153e5995ddd4fddb0c7089206e7f0be','34fc642bc0ce49d7b6041643cee49bd9','5240ac602f63450aafd7cb47404258ca','9',0,'shiyukun','2018-06-05 14:31:00',NULL,NULL,NULL),('28eb47e10ad946328aaaa2f3f0ad058d','e63faf9fdf904bfd801d97cec7c73656','cb57b32b50ad4cc3bdecf80e5d44bfc1','6f98bef973364f1aa9e65c3376a1ff74','53.6',0,'shiyukun','2018-06-05 14:21:32',NULL,NULL,NULL),('28ec6f7645fa419b9441952f49419e34','f06e3b1a252d487f94fe11acf2626987','52e584578c9245a89183c319d3dd9a4f','31fe9dc3a79241e497e9f9a4431742d2','342',0,'shiyukun','2018-06-15 17:55:33',NULL,NULL,NULL),('290fac63b0cf45e388ae3bcc61d39913','f391b2f50e954626ba3801af0368cf82','cb57b32b50ad4cc3bdecf80e5d44bfc1','a2496429cdc54510b85cb31864f815e7','4',0,'shiyukun','2018-06-15 17:44:37',NULL,NULL,NULL),('2972667a45bb48f5b1fa29813e22878f','4c2b0b307f374216b66c994286072cee','cb57b32b50ad4cc3bdecf80e5d44bfc1','e1e5f571f73e4b7c91699174cead1f49','40/2',0,'shiyukun','2018-07-18 16:03:22',NULL,NULL,NULL),('29b614633b3942b3ac9f38417b4792b6','fbe8f00dd0c5470c95fbd868b92591f8','52e584578c9245a89183c319d3dd9a4f','a5d2d6a8e4f542eea3606d28dc2adad3','HS40',0,'shiyukun','2018-07-19 09:43:37',NULL,NULL,NULL),('2a4a6aca4b5a456bb7b3509c6176a93f','e95566b5596f4ac7971a020efb2d63a7','cb57b32b50ad4cc3bdecf80e5d44bfc1','6f98bef973364f1aa9e65c3376a1ff74','71.1',0,'shiyukun','2018-06-06 13:46:59',NULL,NULL,NULL),('2a69814d368a472bb3688b41d663ab3c','17cc8f8d5793463399ce6e2fe72dd359','d91e0c2656624a4e8b023c0860044c6f','719a46e2c2684cde92445fd4c0bad0d6','10.894',0,'shiyukun','2018-06-15 09:49:00',NULL,NULL,NULL),('2a6dfe4726e04ea9856073b47a486661','cf9fcb78effa489b8a35b8208c4a42dc','cb57b32b50ad4cc3bdecf80e5d44bfc1','98a7c9aeabe14bc6bebfa946db79799e','9.8',0,'shiyukun','2018-05-28 14:28:15',NULL,NULL,NULL),('2a7f91f41ab84fcb9dbeeec3d2b00831','4c2b0b307f374216b66c994286072cee','cb57b32b50ad4cc3bdecf80e5d44bfc1','98a7c9aeabe14bc6bebfa946db79799e','18.3*2',0,'shiyukun','2018-07-18 16:03:22',NULL,NULL,NULL),('2b8a8bd51f974fc49c9c74f8ebe657b4','f7178b7e313d4f848602ad6945f4f321','cb57b32b50ad4cc3bdecf80e5d44bfc1','2c95e0ab4d55494c8606172907cb15b2','18334',0,'shiyukun','2018-06-15 10:38:06',NULL,NULL,NULL),('2b93862aacb54df6b643fd062dafa573','eed8e8794b5242f982e256ef3c8efdd1','cb57b32b50ad4cc3bdecf80e5d44bfc1','98a7c9aeabe14bc6bebfa946db79799e','29.3',0,'shiyukun','2018-06-14 16:40:24',NULL,NULL,NULL),('2c523c7f65b44aef90ae93ae9c4f75a5','d8918404e14943229c6ec4d075a9ed32','52e584578c9245a89183c319d3dd9a4f','25f1ec89fe894447a89f064cb0ea4024','95',0,'shiyukun','2018-05-28 15:15:33',NULL,NULL,NULL),('2c844d12253146f8ba6e79f86a15ce89','3cd6c0e0219f464683cd19fb14d62d7c','52e584578c9245a89183c319d3dd9a4f','72fb588a664e4d158c71c274bba056a9','C/T府绸浆',0,'shiyukun','2018-06-05 14:29:03',NULL,NULL,NULL),('2cd50bd85e6847fcb57f42cd86aad83d','a445db01f8ea4e3e96f8326d640533d5','52e584578c9245a89183c319d3dd9a4f','14e3f17b5b1646e7909ed9847f78d460','400',0,'shiyukun','2018-05-25 13:13:11',NULL,NULL,NULL),('2d4905badcd64e879bd6840b3919850e','b0e7ba778ccb4e53839a63181be91eca','52e584578c9245a89183c319d3dd9a4f','0e61edaa64bb4caaaa9a1e90b7d4cee5','2.5',0,'shiyukun','2018-06-15 20:15:09',NULL,NULL,NULL),('2e02a91939ef4bc789f6a83bcc99b3f9','b0b296c7122c4164a4d82bc725246d78','a7957baf33c64767b9ad931c009e37fb','431290ba3314438caa178f1536ef4b89','LF9.8/LF9.8++++681/614+++299.5cm+XY60245',0,'shiyukun','2018-06-06 13:43:41',NULL,NULL,NULL),('2e0be113f9214d7088bce03f456a3f2a','dbd272b5921542869b5d24046871f3f5','cb57b32b50ad4cc3bdecf80e5d44bfc1','a2496429cdc54510b85cb31864f815e7','12',0,'shiyukun','2018-06-04 14:48:03',NULL,NULL,NULL),('2e2e88975c3f44178f3c9d4cc9fc5407','c2e931204a91427e98350eddc2c4928e','a7957baf33c64767b9ad931c009e37fb','431290ba3314438caa178f1536ef4b89','T/C+24.5/24.5++346.5/252++170cm+府绸',0,'shiyukun','2018-06-13 15:30:03',NULL,NULL,NULL),('2e389f0155fc4879b765f42e240f6dee','383566dd7af040c5986b65e85213756b','52e584578c9245a89183c319d3dd9a4f','8ec01946657149e5813302f956152a55','400',0,'shiyukun','2018-06-14 08:23:30',NULL,NULL,NULL),('2e6b3ecafc584deab4d9c175ea687a24','00ecbe8925784690b7c6b7d820dbbbf6','a7957baf33c64767b9ad931c009e37fb','22d9411d14284d58bfbac76a008ec73b','CVC+20*16++120*60++63\"+3/1纱卡',0,'shiyukun','2018-06-14 16:37:42',NULL,NULL,NULL),('2eab367fd9894882b01183bd192f9473','383566dd7af040c5986b65e85213756b','52e584578c9245a89183c319d3dd9a4f','0e61edaa64bb4caaaa9a1e90b7d4cee5','2.5',0,'shiyukun','2018-06-14 08:23:30',NULL,NULL,NULL),('2f1ebcd577394f6fa058c32bde7396ce','383566dd7af040c5986b65e85213756b','52e584578c9245a89183c319d3dd9a4f','466e9278d6de4ab48d6d52de902b661a','100000米',0,'shiyukun','2018-06-14 08:23:30',NULL,NULL,NULL),('2f24506d2a354ff3b0023beca35c51be','7626d27bd9ab4b37927b6bd1329e7e5a','cb57b32b50ad4cc3bdecf80e5d44bfc1','2c95e0ab4d55494c8606172907cb15b2','18334',0,'shiyukun','2018-05-24 16:04:19',NULL,NULL,NULL),('30642d1762454449a6a0a360aa970eb4','f7178b7e313d4f848602ad6945f4f321','cb57b32b50ad4cc3bdecf80e5d44bfc1','6f98bef973364f1aa9e65c3376a1ff74','44.0',0,'shiyukun','2018-06-15 10:38:06',NULL,NULL,NULL),('307439717a8f498faa16436f39fc8401','32acd47e809c4fa2bd9b1dc8eb2ae0ad','d3c173adabf348bea1c2f64dd3af005b','7e19e9c3303b48e3a440a5f9b34082ff','CGGA114B',0,'shiyukun','2018-07-23 16:16:52',NULL,NULL,NULL),('309babdb659541529e370a9e47da2197','e95566b5596f4ac7971a020efb2d63a7','cb57b32b50ad4cc3bdecf80e5d44bfc1','fee4d17eab2f4017bb1d35c8c9972876','78.9',0,'shiyukun','2018-06-06 13:46:59',NULL,NULL,NULL),('30aad571cd74470b921297d409bab17f','81a1fdcba08f45a38afc446a3abf3c89','cb57b32b50ad4cc3bdecf80e5d44bfc1','a9822ae9b1e643b990f551e9e2cdc382','2.14',0,'shiyukun','2018-05-15 08:48:12',NULL,NULL,NULL),('31086d50bb7a41ab8df5d76a5d733e8a','5d793ec6eb1d4746ba22f1f235fbe554','34fc642bc0ce49d7b6041643cee49bd9','5240ac602f63450aafd7cb47404258ca','6',0,'shiyukun','2018-06-15 13:14:12',NULL,NULL,NULL),('31722c5dfb6e4f28947a7cd5f5fde404','7626d27bd9ab4b37927b6bd1329e7e5a','cb57b32b50ad4cc3bdecf80e5d44bfc1','fee4d17eab2f4017bb1d35c8c9972876','78.9',0,'shiyukun','2018-05-24 16:04:19',NULL,NULL,NULL),('31a819b7bbac45bfa61cf0ad4dbafc99','a3e9bbe3826741abacd9c4d665f2ed1a','34fc642bc0ce49d7b6041643cee49bd9','8388b8424321418dbeecb0b3c7ecf9e1','700',0,'shiyukun','2018-06-15 17:56:22',NULL,NULL,NULL),('31f1e1a6b1564defba2cd7444c685d5f','5f109f1339dd4f31a8e3b39983acafca','34fc642bc0ce49d7b6041643cee49bd9','8388b8424321418dbeecb0b3c7ecf9e1','700',0,'shiyukun','2018-06-15 09:42:22',NULL,NULL,NULL),('31f77ef25d3f47c4bd04aa64dc2d8a9a','421ee39d306b4098b554e20864e90752','52e584578c9245a89183c319d3dd9a4f','14e3f17b5b1646e7909ed9847f78d460','400',0,'shiyukun','2018-05-15 13:52:03','shiyukun','2018-05-15 13:52:56',NULL),('320ceccba08f445a86a6cfbf1f93e9ef','e63faf9fdf904bfd801d97cec7c73656','cb57b32b50ad4cc3bdecf80e5d44bfc1','b7759494c6ac4d44b6e6f0b35fa68674','90.7',0,'shiyukun','2018-06-05 14:21:32',NULL,NULL,NULL),('32510735f03f4338992eb123204bc174','d29a2a47f6f34d2aaeded3c01535875f','52e584578c9245a89183c319d3dd9a4f','f5edc4a998684a6dab5d62cb0321056f','300',0,'shiyukun','2018-06-06 16:31:10',NULL,NULL,NULL),('33287b80b97548639a4ebbd1d4daf898','81a1fdcba08f45a38afc446a3abf3c89','cb57b32b50ad4cc3bdecf80e5d44bfc1','c6574b65ca254f6c907a6495a702d9bb','75D',0,'shiyukun','2018-05-15 08:48:12',NULL,NULL,NULL),('33d7300e60844061955d55bbbe9fbea3','39e70f076a1f406a9d9dc52cb50ba7b6','e84736fcb9e6470284ee1d1a3b3af294','811420b08ee8425a9c94251d501bba15','Z',0,'shiyukun','2018-06-15 10:36:00',NULL,NULL,NULL),('357a059bd2734a2198ffcedaa40621e0','7626d27bd9ab4b37927b6bd1329e7e5a','cb57b32b50ad4cc3bdecf80e5d44bfc1','11b0fc912f574af286a2b0fda5f1e689','4',0,'shiyukun','2018-05-24 16:04:19',NULL,NULL,NULL),('3675b75b862d45cfb306d7012a570fdb','e95566b5596f4ac7971a020efb2d63a7','cb57b32b50ad4cc3bdecf80e5d44bfc1','a059c58ef17d4cce9bc6b565758edfc8','160',0,'shiyukun','2018-06-06 13:46:59',NULL,NULL,NULL),('36d7eba5938a45979ce0abcb0a7e1db0','3cd6c0e0219f464683cd19fb14d62d7c','52e584578c9245a89183c319d3dd9a4f','d088bafd53fd479ba1347826f9e076c8','12',0,'shiyukun','2018-06-05 14:29:03',NULL,NULL,NULL),('3758d48c2d1e4a70b80d949a9fcce04a','5ddd243fcc904ddda0bb2072d3b008a6','e84736fcb9e6470284ee1d1a3b3af294','3e2fc94e1c3a4878b0cf4ffa9e10977e','3.476',0,'shiyukun','2018-07-19 09:37:47',NULL,NULL,NULL),('37fac1ef9c1a4571830dc47a0bdfa7fe','6c39e2e30387439fa8fc6085abeb5c6e','cb57b32b50ad4cc3bdecf80e5d44bfc1','a2496429cdc54510b85cb31864f815e7','12',0,'shiyukun','2018-07-23 16:14:13',NULL,NULL,NULL),('387614c8c3614999b787d22c57fa86f9','6c39e2e30387439fa8fc6085abeb5c6e','cb57b32b50ad4cc3bdecf80e5d44bfc1','a059c58ef17d4cce9bc6b565758edfc8','160',0,'shiyukun','2018-07-23 16:14:13',NULL,NULL,NULL),('387beb5e21c44db4ada6212bf3f7c447','dbd272b5921542869b5d24046871f3f5','cb57b32b50ad4cc3bdecf80e5d44bfc1','1d900cd781294cb1bf30e68654bfd33f','60',0,'shiyukun','2018-06-04 14:48:03',NULL,NULL,NULL),('38ea582a895240e8bd6593121ea0c986','aadcb68c1e31489aaf6ee7412c3c30c3','d3c173adabf348bea1c2f64dd3af005b','256fcad7d175463fae74d37503ec1898','649*9++(459+148)',0,'shiyukun','2018-07-19 09:40:11',NULL,NULL,NULL),('39c1e3fcafaa40159937f294bdd0f6f9','4e580ac9c0fb447f9da7d6384d6e415a','52e584578c9245a89183c319d3dd9a4f','f844fd943d374a9a8286002ed6874bcd','400',0,'shiyukun','2018-07-23 16:19:00',NULL,NULL,NULL),('39ceda7c9cdb489fb5fe7f45b91cda51','dbd272b5921542869b5d24046871f3f5','cb57b32b50ad4cc3bdecf80e5d44bfc1','6f98bef973364f1aa9e65c3376a1ff74','71.1',0,'shiyukun','2018-06-04 14:48:03',NULL,NULL,NULL),('39f4542bc6bc4287907fac4eda959353','f3d3246a2205470d90eb8a11a1df7b85','a7957baf33c64767b9ad931c009e37fb','431290ba3314438caa178f1536ef4b89','J9.7/14.6+681/315+269cm+叶子',0,'shiyukun','2018-06-15 10:24:40',NULL,NULL,NULL),('3a85b435e59d4f2896b31c2038137654','b47116569d064ac7a4f10701cde1506f','34fc642bc0ce49d7b6041643cee49bd9','a03f4f92af864b4f816c0d11c3cf264d','PLUS-190',0,'shiyukun','2018-07-19 09:45:08',NULL,NULL,NULL),('3a8e1bc862e045b492fce7b3e2159c77','421ee39d306b4098b554e20864e90752','52e584578c9245a89183c319d3dd9a4f','0e118811cfc043fa8408e8ec6be6a319','1±0.05',0,'shiyukun','2018-05-15 13:52:03','shiyukun','2018-05-15 13:52:56',NULL),('3b4b14e4bbb747e0aff2bab153848c8b','81a1fdcba08f45a38afc446a3abf3c89','cb57b32b50ad4cc3bdecf80e5d44bfc1','98a7c9aeabe14bc6bebfa946db79799e','19.6',0,'shiyukun','2018-05-15 08:48:12',NULL,NULL,NULL),('3b7cd4907dec4eaf96ac00d8979f8426','d29a2a47f6f34d2aaeded3c01535875f','52e584578c9245a89183c319d3dd9a4f','466e9278d6de4ab48d6d52de902b661a','1000米',0,'shiyukun','2018-06-06 16:31:10',NULL,NULL,NULL),('3baabe29bcf54780bc5bdd5e5faa0b7c','b47116569d064ac7a4f10701cde1506f','34fc642bc0ce49d7b6041643cee49bd9','5240ac602f63450aafd7cb47404258ca','6',0,'shiyukun','2018-07-19 09:45:08',NULL,NULL,NULL),('3c2533949450403a8f9aa3b8673f4d98','3b98b673f89a4a6587a5246ca6adbec5','52e584578c9245a89183c319d3dd9a4f','31fe9dc3a79241e497e9f9a4431742d2','177*2',0,'shiyukun','2018-06-15 09:55:51',NULL,NULL,NULL),('3c81079e3bc0461ba4c37b2a9279e4b3','421ee39d306b4098b554e20864e90752','52e584578c9245a89183c319d3dd9a4f','25f1ec89fe894447a89f064cb0ea4024','96±3',0,'shiyukun','2018-05-15 13:52:03','shiyukun','2018-05-15 13:52:56',NULL),('3cca20af74ca447d835cb9e74eeccf60','f391b2f50e954626ba3801af0368cf82','cb57b32b50ad4cc3bdecf80e5d44bfc1','6f98bef973364f1aa9e65c3376a1ff74','46.7',0,'shiyukun','2018-06-15 17:44:37',NULL,NULL,NULL),('3cedf817f7b9431381f3bd0623ff7335','7626d27bd9ab4b37927b6bd1329e7e5a','cb57b32b50ad4cc3bdecf80e5d44bfc1','fcc04f2e038342a4bcaacf9b8b99cc17','40',0,'shiyukun','2018-05-24 16:04:19',NULL,NULL,NULL),('3d4f518035e549629dd7d0952d83e9cc','1b99f6f095114671b91edfd0d6558fdf','34fc642bc0ce49d7b6041643cee49bd9','a03f4f92af864b4f816c0d11c3cf264d','PLUS-190',0,'shiyukun','2018-06-14 08:24:58',NULL,NULL,NULL),('3d81499a3ad14cf0b15a82a220e51f78','dbd272b5921542869b5d24046871f3f5','cb57b32b50ad4cc3bdecf80e5d44bfc1','83435fdf39714481bed87d143d6725b7','614',0,'shiyukun','2018-06-04 14:48:03',NULL,NULL,NULL),('3dd7fd548cbf46339ff3fe2ff9688ab4','f391b2f50e954626ba3801af0368cf82','cb57b32b50ad4cc3bdecf80e5d44bfc1','11b0fc912f574af286a2b0fda5f1e689','4',0,'shiyukun','2018-06-15 17:44:37',NULL,NULL,NULL),('3dd95b87d9e94201b9426d1932b0ac6a','39e70f076a1f406a9d9dc52cb50ba7b6','e84736fcb9e6470284ee1d1a3b3af294','545a48869a0e493f96d9076bc649c012','Z',0,'shiyukun','2018-06-15 10:36:00',NULL,NULL,NULL),('3ddac0a85a2b4e7ca532354d79c59655','e95566b5596f4ac7971a020efb2d63a7','cb57b32b50ad4cc3bdecf80e5d44bfc1','98a7c9aeabe14bc6bebfa946db79799e','9.8',0,'shiyukun','2018-06-06 13:46:59',NULL,NULL,NULL),('3e237674d0a244b4837072eb91c508b5','dd1988426cd646318230243577b3d921','cb57b32b50ad4cc3bdecf80e5d44bfc1','a059c58ef17d4cce9bc6b565758edfc8','16',0,'shiyukun','2018-06-13 15:33:02',NULL,NULL,NULL),('3e4007936ec942959b9f8326e3ba88ca','e95566b5596f4ac7971a020efb2d63a7','cb57b32b50ad4cc3bdecf80e5d44bfc1','2827641ac606498fad694d05829981d0','9.8',0,'shiyukun','2018-06-06 13:46:59',NULL,NULL,NULL),('3e43abd906384742b37b09eec7c542d8','0db7f2d6bede49d9810e5f7220e03592','d91e0c2656624a4e8b023c0860044c6f','1ad7f3f92946465abb1582598613c006','22.208',0,'shiyukun','2018-06-04 14:49:21',NULL,NULL,NULL),('3e519512e42b469a9c0e0290f791255d','f391b2f50e954626ba3801af0368cf82','cb57b32b50ad4cc3bdecf80e5d44bfc1','2827641ac606498fad694d05829981d0','18.3*2',0,'shiyukun','2018-06-15 17:44:37',NULL,NULL,NULL),('3edcb4fc407a4c199b948cfb23f822e9','662e285f5a294bd49d0f8bae9dfc5870','a7957baf33c64767b9ad931c009e37fb','431290ba3314438caa178f1536ef4b89','J9.7/14.6+681/472+299.5cm联优菱形格',0,'shiyukun','2018-07-23 16:11:07',NULL,NULL,NULL),('3f2c4e7dd2784a1ba46dc3242a19e129','b0e7ba778ccb4e53839a63181be91eca','52e584578c9245a89183c319d3dd9a4f','466e9278d6de4ab48d6d52de902b661a','5000米',0,'shiyukun','2018-06-15 20:15:09',NULL,NULL,NULL),('3f2e38a88b98401da238d53e40bb7763','4c2b0b307f374216b66c994286072cee','cb57b32b50ad4cc3bdecf80e5d44bfc1','83435fdf39714481bed87d143d6725b7','208.5',0,'shiyukun','2018-07-18 16:03:22',NULL,NULL,NULL),('3fa61ac4d90145fdac162abae0c150b9','3cd6c0e0219f464683cd19fb14d62d7c','52e584578c9245a89183c319d3dd9a4f','ae9c7fe819074e0eb1967918e7679e9f','41.3',0,'shiyukun','2018-06-05 14:29:03',NULL,NULL,NULL),('3fe0cbaf67974d0880db669dde588c64','244c1f9a88724e629be73af0ae14f776','34fc642bc0ce49d7b6041643cee49bd9','5240ac602f63450aafd7cb47404258ca','9',0,'shiyukun','2018-06-15 20:16:11',NULL,NULL,NULL),('3fe6e64783ba42df9af620a28bad6d5d','d8918404e14943229c6ec4d075a9ed32','52e584578c9245a89183c319d3dd9a4f','d088bafd53fd479ba1347826f9e076c8','14.5',0,'shiyukun','2018-05-28 15:15:33',NULL,NULL,NULL),('4013c5df221342fcbb93ede3411702db','58a17b5c6ec24c56b199304d35028e6c','cb57b32b50ad4cc3bdecf80e5d44bfc1','b7759494c6ac4d44b6e6f0b35fa68674','103.4',0,'shiyukun','2018-06-15 09:47:54',NULL,NULL,NULL),('405dd1c04abb4bd8be1a81a5f29b22cc','383566dd7af040c5986b65e85213756b','52e584578c9245a89183c319d3dd9a4f','14e3f17b5b1646e7909ed9847f78d460','400',0,'shiyukun','2018-06-14 08:23:30',NULL,NULL,NULL),('410b4925517b4d4ab95a26510ee9d6ee','a3e9bbe3826741abacd9c4d665f2ed1a','34fc642bc0ce49d7b6041643cee49bd9','5240ac602f63450aafd7cb47404258ca','6',0,'shiyukun','2018-06-15 17:56:22',NULL,NULL,NULL),('4117bab7e3314877b0847f120c753b45','6c39e2e30387439fa8fc6085abeb5c6e','cb57b32b50ad4cc3bdecf80e5d44bfc1','98a7c9aeabe14bc6bebfa946db79799e','9.7',0,'shiyukun','2018-07-23 16:14:13',NULL,NULL,NULL),('4127430d59194fb792bd8e4801d6daf3','7626d27bd9ab4b37927b6bd1329e7e5a','cb57b32b50ad4cc3bdecf80e5d44bfc1','9ecee87ac361486882411f9081dedf1e','36.58',0,'shiyukun','2018-05-24 16:04:19',NULL,NULL,NULL),('4213af50ab774c17bb55ff29c11a318e','d8918404e14943229c6ec4d075a9ed32','52e584578c9245a89183c319d3dd9a4f','0e118811cfc043fa8408e8ec6be6a319','1',0,'shiyukun','2018-05-28 15:15:33',NULL,NULL,NULL),('421ffa0757dd4601af77e0c91fdc95e7','9766b70c54934cd5bcd91b1afcdb7cb4','52e584578c9245a89183c319d3dd9a4f','25f1ec89fe894447a89f064cb0ea4024','95',0,'shiyukun','2018-06-04 15:30:47',NULL,NULL,NULL),('427b73818dd0416da8fa4265818310ff','3cd6c0e0219f464683cd19fb14d62d7c','52e584578c9245a89183c319d3dd9a4f','0e61edaa64bb4caaaa9a1e90b7d4cee5','4',0,'shiyukun','2018-06-05 14:29:03',NULL,NULL,NULL),('42a381e8d71d4ff4be9db72c384de5cb','4e580ac9c0fb447f9da7d6384d6e415a','52e584578c9245a89183c319d3dd9a4f','8ec01946657149e5813302f956152a55','400',0,'shiyukun','2018-07-23 16:19:00',NULL,NULL,NULL),('42e36ef99d9a4fdc94a6eb38a437a2c2','e619ce1f61504cc7b4003b2938ee744b','e84736fcb9e6470284ee1d1a3b3af294','811420b08ee8425a9c94251d501bba15','Z',0,'shiyukun','2018-05-28 14:32:09',NULL,NULL,NULL),('432a59d4e0284de2aefd9d31c37fc05d','4e580ac9c0fb447f9da7d6384d6e415a','52e584578c9245a89183c319d3dd9a4f','31fe9dc3a79241e497e9f9a4431742d2','99',0,'shiyukun','2018-07-23 16:19:00',NULL,NULL,NULL),('432b4d770a2741ea9bcc7a53a18cbc32','7a54c4a59050447e99618b2cd47f125f','52e584578c9245a89183c319d3dd9a4f','466e9278d6de4ab48d6d52de902b661a','150000',0,'shiyukun','2018-06-15 09:41:01',NULL,NULL,NULL),('435835aec62547c78c33dd0ce957362d','4c2b0b307f374216b66c994286072cee','cb57b32b50ad4cc3bdecf80e5d44bfc1','b7759494c6ac4d44b6e6f0b35fa68674','93.8',0,'shiyukun','2018-07-18 16:03:22',NULL,NULL,NULL),('43601758665446378ab894f180d9793d','795ee292bb0f4589bf011919c830a042','e84736fcb9e6470284ee1d1a3b3af294','5283f0462bcd42d0992ca1e74598f33c','T/C65/35',0,'shiyukun','2018-06-13 15:35:34',NULL,NULL,NULL),('4361329d09bc4f6e9a870c02b87963b1','c2fbf8bd504e44658c2b6560fd34ef0f','e84736fcb9e6470284ee1d1a3b3af294','545a48869a0e493f96d9076bc649c012','Z',0,'shiyukun','2018-06-15 10:40:33',NULL,NULL,NULL),('43cce151764d4344a95a4a2ce0b7a347','2d1a93429579402e90816aebb9af44eb','e84736fcb9e6470284ee1d1a3b3af294','cd686df0c4644d46b9245ff7e963345d','LF100',0,'shiyukun','2018-06-06 13:49:31',NULL,NULL,NULL),('446d69e23817403f9b234fc0c4cecde4','7a54c4a59050447e99618b2cd47f125f','52e584578c9245a89183c319d3dd9a4f','f844fd943d374a9a8286002ed6874bcd','400',0,'shiyukun','2018-06-15 09:41:01',NULL,NULL,NULL),('44f182ee673a47f4bc98da718b04184c','dbd272b5921542869b5d24046871f3f5','cb57b32b50ad4cc3bdecf80e5d44bfc1','11b0fc912f574af286a2b0fda5f1e689','4',0,'shiyukun','2018-06-04 14:48:03',NULL,NULL,NULL),('4505bbaae0a84bada1d132c48c63639e','1c467c4322d34d108ce67981f8c0da79','d3c173adabf348bea1c2f64dd3af005b','55ecc740906748dcb4d5e485addd123a','准备加一根绿色边线和一根棕色边线',0,'shiyukun','2018-06-15 10:16:41',NULL,NULL,NULL),('450936ccc8644631b36a9269a86190fa','d8918404e14943229c6ec4d075a9ed32','52e584578c9245a89183c319d3dd9a4f','2be26000db8c4be6875491f8a2cf9fa2','69*1对',0,'shiyukun','2018-05-28 15:15:33',NULL,NULL,NULL),('460d6ada4a8b4cae9fa9478c9c3fed9a','a3e9bbe3826741abacd9c4d665f2ed1a','34fc642bc0ce49d7b6041643cee49bd9','5787b64362254eccae15812a9c9b9682','48.4',0,'shiyukun','2018-06-15 17:56:22',NULL,NULL,NULL),('46ca0a7743434155bd4e56a9d4a4cf1e','9cc013a7f6474693aaeb04abe1638003','e84736fcb9e6470284ee1d1a3b3af294','811420b08ee8425a9c94251d501bba15','Z',0,'shiyukun','2018-05-15 08:50:31',NULL,NULL,NULL),('46de440986374aa1840589839ca90e7b','fc71da6faea84ebbb4cce8db56826c3b','d91e0c2656624a4e8b023c0860044c6f','3032771b7a314d038c6d1c7a2f1704ed','0.225',0,'shiyukun','2018-07-19 09:36:24',NULL,NULL,NULL),('47a7efb957f44cafad88f0f9b14cb7af','662e285f5a294bd49d0f8bae9dfc5870','a7957baf33c64767b9ad931c009e37fb','22d9411d14284d58bfbac76a008ec73b','J60*40+173*120+118\"联优菱形格',0,'shiyukun','2018-07-23 16:11:07',NULL,NULL,NULL),('48115927b580483890bafe2907c7009f','d29a2a47f6f34d2aaeded3c01535875f','52e584578c9245a89183c319d3dd9a4f','0e61edaa64bb4caaaa9a1e90b7d4cee5','12',0,'shiyukun','2018-06-06 16:31:10',NULL,NULL,NULL),('4892880527db44c6b148ef3e2900cade','7626d27bd9ab4b37927b6bd1329e7e5a','cb57b32b50ad4cc3bdecf80e5d44bfc1','2827641ac606498fad694d05829981d0','9.8',0,'shiyukun','2018-05-24 16:04:19',NULL,NULL,NULL),('48adc00c18fe4131904c88b7cd415a9c','803265687d3d48eebcff79016d1f0f61','a7957baf33c64767b9ad931c009e37fb','22d9411d14284d58bfbac76a008ec73b','CVC32/2×32/2100×5363\"+碳1.06镶CS18-14-1',0,'shiyukun','2018-07-18 15:57:59',NULL,NULL,NULL),('48ba090d067444cd9c77cb4db62d8e20','fbf69f5ff4fe4e848d2d9547103023bc','cb57b32b50ad4cc3bdecf80e5d44bfc1','be06d540c847400da42cce6f71da7bcb','2/2',0,'shiyukun','2018-06-15 10:33:22',NULL,NULL,NULL),('49245116834f47ba809881ee8fac43c4','d8918404e14943229c6ec4d075a9ed32','52e584578c9245a89183c319d3dd9a4f','14e3f17b5b1646e7909ed9847f78d460','400',0,'shiyukun','2018-05-28 15:15:33',NULL,NULL,NULL),('494f261c310e4cd7a1dbe9b461ae0c58','6c39e2e30387439fa8fc6085abeb5c6e','cb57b32b50ad4cc3bdecf80e5d44bfc1','2c95e0ab4d55494c8606172907cb15b2','20414',0,'shiyukun','2018-07-23 16:14:13',NULL,NULL,NULL),('49670ac69d824e33a3e6b4f9f11fcb3a','81a1fdcba08f45a38afc446a3abf3c89','cb57b32b50ad4cc3bdecf80e5d44bfc1','c48385b3a1ae48c1a09092e049157408','1/1',0,'shiyukun','2018-05-15 08:48:12',NULL,NULL,NULL),('49ac6f436e554d1dab5f43691ff24f4a','fbf69f5ff4fe4e848d2d9547103023bc','cb57b32b50ad4cc3bdecf80e5d44bfc1','b7759494c6ac4d44b6e6f0b35fa68674','88.0',0,'shiyukun','2018-06-15 10:33:22',NULL,NULL,NULL),('4a8098b291774f4ba250d86a763289a9','dd1988426cd646318230243577b3d921','cb57b32b50ad4cc3bdecf80e5d44bfc1','2827641ac606498fad694d05829981d0','24.5',0,'shiyukun','2018-06-13 15:33:02',NULL,NULL,NULL),('4b540cdba4f741c8ab98d4885dce1454','58a17b5c6ec24c56b199304d35028e6c','cb57b32b50ad4cc3bdecf80e5d44bfc1','2c95e0ab4d55494c8606172907cb15b2','10080*2',0,'shiyukun','2018-06-15 09:47:54',NULL,NULL,NULL),('4c4ecbe5d67c4b0a95833eb5d8df7b64','d8918404e14943229c6ec4d075a9ed32','52e584578c9245a89183c319d3dd9a4f','466e9278d6de4ab48d6d52de902b661a','2500米',0,'shiyukun','2018-05-28 15:15:33',NULL,NULL,NULL),('4ca57a6938f746798b458a51414969c6','f391b2f50e954626ba3801af0368cf82','cb57b32b50ad4cc3bdecf80e5d44bfc1','1d900cd781294cb1bf30e68654bfd33f','32/2',0,'shiyukun','2018-06-15 17:44:37',NULL,NULL,NULL),('4d6b0124ac994ee999430a8a639a5ff0','495bc315499e498aa4141d81d68d7c79','d3c173adabf348bea1c2f64dd3af005b','fa965fb04a144625a56a3c45d4885e2b','14',0,'shiyukun','2018-06-04 15:28:05',NULL,NULL,NULL),('4dc59ee53fd349ddb5150323407fc6fb','9766b70c54934cd5bcd91b1afcdb7cb4','52e584578c9245a89183c319d3dd9a4f','0e61edaa64bb4caaaa9a1e90b7d4cee5','12',0,'shiyukun','2018-06-04 15:30:47',NULL,NULL,NULL),('4df18f5734db431589947d845b58c19c','7195c55372874ff2ac53a7292204d89f','cb57b32b50ad4cc3bdecf80e5d44bfc1','7ebcf26d8e354709a1687648ae9cefd6','227.3',0,'shiyukun','2018-07-18 16:03:22',NULL,NULL,NULL),('4e045a5884204d439645c9e486f9cb54','e95566b5596f4ac7971a020efb2d63a7','cb57b32b50ad4cc3bdecf80e5d44bfc1','83435fdf39714481bed87d143d6725b7','614',0,'shiyukun','2018-06-06 13:46:59',NULL,NULL,NULL),('4e5e788916944c5d913906444f458681','4e580ac9c0fb447f9da7d6384d6e415a','52e584578c9245a89183c319d3dd9a4f','ae9c7fe819074e0eb1967918e7679e9f','39.5',0,'shiyukun','2018-07-23 16:19:00',NULL,NULL,NULL),('4e91b3e679284b57a8e30693cedcb60e','e95566b5596f4ac7971a020efb2d63a7','cb57b32b50ad4cc3bdecf80e5d44bfc1','1d900cd781294cb1bf30e68654bfd33f','60',0,'shiyukun','2018-06-06 13:46:59',NULL,NULL,NULL),('4effd840797a45ce9da5f887ee56d77b','cf9fcb78effa489b8a35b8208c4a42dc','cb57b32b50ad4cc3bdecf80e5d44bfc1','2c95e0ab4d55494c8606172907cb15b2','18334',0,'shiyukun','2018-05-28 14:28:15',NULL,NULL,NULL),('4f2d1504ef1c41b585ecac66d747fd0f','2f0aaa6fe9574ceb8401c644a9f9940c','e84736fcb9e6470284ee1d1a3b3af294','5283f0462bcd42d0992ca1e74598f33c','C50/T50',0,'shiyukun','2018-06-05 14:23:36',NULL,NULL,NULL),('4f33ced6fc33455f9a0c51abcdd45c8e','421ee39d306b4098b554e20864e90752','52e584578c9245a89183c319d3dd9a4f','a5d2d6a8e4f542eea3606d28dc2adad3','HS40',0,'shiyukun','2018-05-15 13:50:03','shiyukun','2018-05-15 13:52:56',NULL),('4f7dd0fad91f434abda60a109735c0a8','7626d27bd9ab4b37927b6bd1329e7e5a','cb57b32b50ad4cc3bdecf80e5d44bfc1','a2496429cdc54510b85cb31864f815e7','12',0,'shiyukun','2018-05-24 16:04:19',NULL,NULL,NULL),('4fe79a7bc9ea4551afacd6176645bffd','9766b70c54934cd5bcd91b1afcdb7cb4','52e584578c9245a89183c319d3dd9a4f','31fe9dc3a79241e497e9f9a4431742d2','14',0,'shiyukun','2018-06-04 15:30:47',NULL,NULL,NULL),('505e8cd2d6204c7aa139832b4f3ff1b7','795ee292bb0f4589bf011919c830a042','e84736fcb9e6470284ee1d1a3b3af294','811420b08ee8425a9c94251d501bba15','Z',0,'shiyukun','2018-06-13 15:35:34',NULL,NULL,NULL),('5060d176516245258b8fe110e320837b','d8918404e14943229c6ec4d075a9ed32','52e584578c9245a89183c319d3dd9a4f','f5edc4a998684a6dab5d62cb0321056f','300',0,'shiyukun','2018-05-28 15:15:33',NULL,NULL,NULL),('50c2d816dbd84ebea7782f6028ae1cc8','e63faf9fdf904bfd801d97cec7c73656','cb57b32b50ad4cc3bdecf80e5d44bfc1','fee4d17eab2f4017bb1d35c8c9972876','79.9',0,'shiyukun','2018-06-05 14:21:32',NULL,NULL,NULL),('50ce510a96984a6e80f5abcbebbf153c','5ddd243fcc904ddda0bb2072d3b008a6','e84736fcb9e6470284ee1d1a3b3af294','811420b08ee8425a9c94251d501bba15','S',0,'shiyukun','2018-07-19 09:37:47',NULL,NULL,NULL),('5118bae78922442bbcd8fd0f2a857c05','dd1988426cd646318230243577b3d921','cb57b32b50ad4cc3bdecf80e5d44bfc1','98a7c9aeabe14bc6bebfa946db79799e','24.5',0,'shiyukun','2018-06-13 15:33:02',NULL,NULL,NULL),('514e28a5c1994b37a1f6f15555be5fad','974c18251ef9423a8e7afb70ed628943','e84736fcb9e6470284ee1d1a3b3af294','5283f0462bcd42d0992ca1e74598f33c','LF100',0,'shiyukun','2018-05-24 16:06:38',NULL,NULL,NULL),('51d52d44bcf0478cabb712218361e1a4','5f109f1339dd4f31a8e3b39983acafca','34fc642bc0ce49d7b6041643cee49bd9','5787b64362254eccae15812a9c9b9682','58',0,'shiyukun','2018-06-15 09:42:22',NULL,NULL,NULL),('52102772ea0247748b4289bcee56f162','4e580ac9c0fb447f9da7d6384d6e415a','52e584578c9245a89183c319d3dd9a4f','0e118811cfc043fa8408e8ec6be6a319','1',0,'shiyukun','2018-07-23 16:19:00',NULL,NULL,NULL),('529f4541a84246d79f95e15154f212af','d8918404e14943229c6ec4d075a9ed32','52e584578c9245a89183c319d3dd9a4f','72fb588a664e4d158c71c274bba056a9','天丝浆',0,'shiyukun','2018-05-28 15:15:33',NULL,NULL,NULL),('52cff01adb394aa193846a47588cd728','4c2b0b307f374216b66c994286072cee','cb57b32b50ad4cc3bdecf80e5d44bfc1','7ebcf26d8e354709a1687648ae9cefd6','227.3',0,'shiyukun','2018-07-18 16:03:22',NULL,NULL,NULL),('5325f07368e247d28defee5d8b73ab54','cf9fcb78effa489b8a35b8208c4a42dc','cb57b32b50ad4cc3bdecf80e5d44bfc1','83435fdf39714481bed87d143d6725b7','472',0,'shiyukun','2018-05-28 14:28:15',NULL,NULL,NULL),('53e253413c174596a333d72f07b69780','421ee39d306b4098b554e20864e90752','52e584578c9245a89183c319d3dd9a4f','f844fd943d374a9a8286002ed6874bcd','400',0,'shiyukun','2018-05-15 13:52:03','shiyukun','2018-05-15 13:52:56',NULL),('543922dfe7014d8c9db60f5d5ffffba5','fb0891e26a9c4afcbfc7d61aab63d183','d91e0c2656624a4e8b023c0860044c6f','719a46e2c2684cde92445fd4c0bad0d6','13.697',0,'shiyukun','2018-06-15 10:39:00',NULL,NULL,NULL),('548cfe6fc4cd4b33bd18506300cf88eb','5ddd243fcc904ddda0bb2072d3b008a6','e84736fcb9e6470284ee1d1a3b3af294','cd686df0c4644d46b9245ff7e963345d','C/T60/40',0,'shiyukun','2018-07-19 09:37:47',NULL,NULL,NULL),('54e5897f58724ef99dc4c9354781b702','421ee39d306b4098b554e20864e90752','52e584578c9245a89183c319d3dd9a4f','d088bafd53fd479ba1347826f9e076c8','12±1',0,'shiyukun','2018-05-15 13:52:03','shiyukun','2018-05-15 13:52:56',NULL),('5684ca42595146c9994d40ad93a0eae9','5d793ec6eb1d4746ba22f1f235fbe554','34fc642bc0ce49d7b6041643cee49bd9','5787b64362254eccae15812a9c9b9682','70.3',0,'shiyukun','2018-06-15 13:14:12',NULL,NULL,NULL),('5703df3cbc0a44269f9da7e1cfe1c33f','1c467c4322d34d108ce67981f8c0da79','d3c173adabf348bea1c2f64dd3af005b','fa965fb04a144625a56a3c45d4885e2b','5',0,'shiyukun','2018-06-15 10:16:41',NULL,NULL,NULL),('57505c66f8db44a59df9520717336887','2d1a93429579402e90816aebb9af44eb','e84736fcb9e6470284ee1d1a3b3af294','545a48869a0e493f96d9076bc649c012','Z',0,'shiyukun','2018-06-06 13:49:31',NULL,NULL,NULL),('57eb8097c42b43388a80b620dfdf1c2e','00d05e6cbc0d4a50ad3d091a0b7e237b','34fc642bc0ce49d7b6041643cee49bd9','5787b64362254eccae15812a9c9b9682','150.5',0,'shiyukun','2018-06-04 15:32:38',NULL,NULL,NULL),('5814c1f2a26940b7b99796ad26a8e50c','e63faf9fdf904bfd801d97cec7c73656','cb57b32b50ad4cc3bdecf80e5d44bfc1','fcc04f2e038342a4bcaacf9b8b99cc17','40',0,'shiyukun','2018-06-05 14:21:32',NULL,NULL,NULL),('582699f3796442aebc81ed79a44d6d1f','f391b2f50e954626ba3801af0368cf82','cb57b32b50ad4cc3bdecf80e5d44bfc1','2c95e0ab4d55494c8606172907cb15b2','6288(6129+159)',0,'shiyukun','2018-06-15 17:44:37',NULL,NULL,NULL),('584df65ce56e42cca1671c8475f5bd1e','7a54c4a59050447e99618b2cd47f125f','52e584578c9245a89183c319d3dd9a4f','8ec01946657149e5813302f956152a55','400',0,'shiyukun','2018-06-15 09:41:01',NULL,NULL,NULL),('5861c4fd71e6412580e9fc37603f5e3b','58a17b5c6ec24c56b199304d35028e6c','cb57b32b50ad4cc3bdecf80e5d44bfc1','b2396b5272ad495b9741dbe68a6cdd8a','28',0,'shiyukun','2018-06-15 09:47:54',NULL,NULL,NULL),('58f0f24198f14d6994dedbfac31f2e23','323c457d8fb642df9e534e0a6a8d1d14','d3c173adabf348bea1c2f64dd3af005b','c390e394a40f46f89ba342baba1ddc50','15085',0,'shiyukun','2018-06-05 14:26:11',NULL,NULL,NULL),('5a1e65f96d44419e86774c94f40ca392','58a17b5c6ec24c56b199304d35028e6c','cb57b32b50ad4cc3bdecf80e5d44bfc1','c6574b65ca254f6c907a6495a702d9bb','75D',0,'shiyukun','2018-06-15 09:47:54',NULL,NULL,NULL),('5a408026d7564371945ec24447b108ec','eed8e8794b5242f982e256ef3c8efdd1','cb57b32b50ad4cc3bdecf80e5d44bfc1','be06d540c847400da42cce6f71da7bcb','2/2',0,'shiyukun','2018-06-14 16:40:24',NULL,NULL,NULL),('5a500bbe714e4f8582185f3201ea6104','8f419aa427694839900fab24dc488fe8','d91e0c2656624a4e8b023c0860044c6f','719a46e2c2684cde92445fd4c0bad0d6','13.096',0,'shiyukun','2018-06-15 17:45:34',NULL,NULL,NULL),('5a60dfe7087d465b9dee80bfdce51670','7bc3b8b0e5f94a929b30d21bfafa9dd1','a7957baf33c64767b9ad931c009e37fb','22d9411d14284d58bfbac76a008ec73b','LF60*LF60+173*156+118\"+XC60319',0,'shiyukun','2018-06-04 14:45:21',NULL,NULL,NULL),('5a7e2222254c4d0689dc7834d4fc43ed','383566dd7af040c5986b65e85213756b','52e584578c9245a89183c319d3dd9a4f','31fe9dc3a79241e497e9f9a4431742d2','378',0,'shiyukun','2018-06-14 08:23:30',NULL,NULL,NULL),('5acb51ad34b8487daf3f16e8b5f00166','fbf69f5ff4fe4e848d2d9547103023bc','cb57b32b50ad4cc3bdecf80e5d44bfc1','2827641ac606498fad694d05829981d0','14.6',0,'shiyukun','2018-06-15 10:33:22',NULL,NULL,NULL),('5bdc124167434d9d876a7f5e07c109f3','aa5da46e9f9e4133bbbbc1b4f37bde21','34fc642bc0ce49d7b6041643cee49bd9','a03f4f92af864b4f816c0d11c3cf264d','大提花PLUS-340',0,'shiyukun','2018-05-25 13:16:15',NULL,NULL,NULL),('5c80318ac4cc49aca24eaab29173ded2','eed8e8794b5242f982e256ef3c8efdd1','cb57b32b50ad4cc3bdecf80e5d44bfc1','c48385b3a1ae48c1a09092e049157408','3/1',0,'shiyukun','2018-06-14 16:40:24',NULL,NULL,NULL),('5ceca1f3c8384408a7afdd1d6299cb23','d995bb56d8024ad4bbe22adf646beb48','d3c173adabf348bea1c2f64dd3af005b','fa965fb04a144625a56a3c45d4885e2b','14',0,'shiyukun','2018-06-06 16:28:19',NULL,NULL,NULL),('5cedebfb9df84f7b9509b43cd407de72','323c457d8fb642df9e534e0a6a8d1d14','d3c173adabf348bea1c2f64dd3af005b','fa965fb04a144625a56a3c45d4885e2b','7',0,'shiyukun','2018-06-05 14:26:11',NULL,NULL,NULL),('5d19e624b7a94e229fe8ef5e4d1648f4','f7178b7e313d4f848602ad6945f4f321','cb57b32b50ad4cc3bdecf80e5d44bfc1','b7759494c6ac4d44b6e6f0b35fa68674','88.0',0,'shiyukun','2018-06-15 10:38:06',NULL,NULL,NULL),('5d282bb8019542c18481db8f723a5f49','3d4b3d0c8b104c7d8b0bad4e2aa8d31b','d3c173adabf348bea1c2f64dd3af005b','fa965fb04a144625a56a3c45d4885e2b','14',0,'shiyukun','2018-05-25 10:41:15',NULL,NULL,NULL),('5d2e7624291c433f97e8ccabc73c13c7','cf9fcb78effa489b8a35b8208c4a42dc','cb57b32b50ad4cc3bdecf80e5d44bfc1','fee4d17eab2f4017bb1d35c8c9972876','78.9',0,'shiyukun','2018-05-28 14:28:15',NULL,NULL,NULL),('5d4639469674448586cee9ee777e9916','f7178b7e313d4f848602ad6945f4f321','cb57b32b50ad4cc3bdecf80e5d44bfc1','1d900cd781294cb1bf30e68654bfd33f','40',0,'shiyukun','2018-06-15 10:38:06',NULL,NULL,NULL),('5d7303e760c64693af0de8fbe3f9e67e','3cd6c0e0219f464683cd19fb14d62d7c','52e584578c9245a89183c319d3dd9a4f','9ed1dfdaa7524baaac7141931d390a51','161',0,'shiyukun','2018-06-05 14:29:03',NULL,NULL,NULL),('5dc71a6e5f8045b18d71d3bd4729a93f','4c2b0b307f374216b66c994286072cee','cb57b32b50ad4cc3bdecf80e5d44bfc1','c48385b3a1ae48c1a09092e049157408','2/1',0,'shiyukun','2018-07-18 16:03:22',NULL,NULL,NULL),('5ddea4f328dc4c1b8b007e7884efc9c0','7195c55372874ff2ac53a7292204d89f','cb57b32b50ad4cc3bdecf80e5d44bfc1','e1e5f571f73e4b7c91699174cead1f49','40/2',0,'shiyukun','2018-07-18 16:03:22',NULL,NULL,NULL),('5de5cd3810ad469a902cb2f44c4348d5','7195c55372874ff2ac53a7292204d89f','cb57b32b50ad4cc3bdecf80e5d44bfc1','b2396b5272ad495b9741dbe68a6cdd8a','32/2',0,'shiyukun','2018-07-18 16:03:22',NULL,NULL,NULL),('5e1c50b6cd3e4fee9fac5737b690851f','495bc315499e498aa4141d81d68d7c79','d3c173adabf348bea1c2f64dd3af005b','c390e394a40f46f89ba342baba1ddc50','1183',0,'shiyukun','2018-06-04 15:28:05',NULL,NULL,NULL),('5e4243866a7a4c268272ff1fb593459f','3b98b673f89a4a6587a5246ca6adbec5','52e584578c9245a89183c319d3dd9a4f','2be26000db8c4be6875491f8a2cf9fa2','42*1对+45*3对',0,'shiyukun','2018-06-15 09:55:51',NULL,NULL,NULL),('5e6c49c20c0b40cab6b5ffcbf38b9a95','e5a323a655854a4198ec6b8a8919e442','d3c173adabf348bea1c2f64dd3af005b','c390e394a40f46f89ba342baba1ddc50','13635',0,'shiyukun','2018-06-15 09:36:14','admin','2018-08-23 01:16:52',NULL),('5f346a7ebddf4e258a8a0252cd881669','e95566b5596f4ac7971a020efb2d63a7','cb57b32b50ad4cc3bdecf80e5d44bfc1','a2496429cdc54510b85cb31864f815e7','12',0,'shiyukun','2018-06-06 13:46:59',NULL,NULL,NULL),('5f3fe6359ea04237af1bab8f5eba4849','3cd6c0e0219f464683cd19fb14d62d7c','52e584578c9245a89183c319d3dd9a4f','14e3f17b5b1646e7909ed9847f78d460','400',0,'shiyukun','2018-06-05 14:29:03',NULL,NULL,NULL),('5fb8e6040b4e42a8852c058c39bd5821','f300db9438c547e998f1979081947cc2','a7957baf33c64767b9ad931c009e37fb','22d9411d14284d58bfbac76a008ec73b','LF60*LF60+173*130+106\"小叶子',0,'shiyukun','2018-05-24 15:39:54','shiyukun','2018-05-24 15:43:10',NULL),('5fed3c518061439b9c22ff6e7fecbf49','00ecbe8925784690b7c6b7d820dbbbf6','a7957baf33c64767b9ad931c009e37fb','431290ba3314438caa178f1536ef4b89','CVC+29.3/36.6++472×236++160cm+3/1纱卡',0,'shiyukun','2018-06-14 16:37:42',NULL,NULL,NULL),('603be53fe9df4ff49618a5939e9c1d45','9cc013a7f6474693aaeb04abe1638003','e84736fcb9e6470284ee1d1a3b3af294','3e2fc94e1c3a4878b0cf4ffa9e10977e','2.849',0,'shiyukun','2018-05-15 08:50:31',NULL,NULL,NULL),('607bddd02968487fa9bd025f245b2491','dd1988426cd646318230243577b3d921','cb57b32b50ad4cc3bdecf80e5d44bfc1','a9822ae9b1e643b990f551e9e2cdc382','4.36',0,'shiyukun','2018-06-13 15:33:02',NULL,NULL,NULL),('6086dd9b2d86472db7933d48334aae11','4c2b0b307f374216b66c994286072cee','cb57b32b50ad4cc3bdecf80e5d44bfc1','a9822ae9b1e643b990f551e9e2cdc382','2.14',0,'shiyukun','2018-07-18 16:03:22',NULL,NULL,NULL),('60c64f9c961e4e48b49900e2386c38c4','a445db01f8ea4e3e96f8326d640533d5','52e584578c9245a89183c319d3dd9a4f','0e118811cfc043fa8408e8ec6be6a319','1',0,'shiyukun','2018-05-25 13:13:11',NULL,NULL,NULL),('60f01113441446c7a2ac68b4156677f2','d29a2a47f6f34d2aaeded3c01535875f','52e584578c9245a89183c319d3dd9a4f','d088bafd53fd479ba1347826f9e076c8','14.5',0,'shiyukun','2018-06-06 16:31:10',NULL,NULL,NULL),('618428b936aa48d182065f952fb4ac03','a445db01f8ea4e3e96f8326d640533d5','52e584578c9245a89183c319d3dd9a4f','2be26000db8c4be6875491f8a2cf9fa2','30*2对',0,'shiyukun','2018-05-25 13:13:11',NULL,NULL,NULL),('61b4d90a26394140ab7860dc1dbfbb13','b18ce788a60c4912951f37df1689785d','a7957baf33c64767b9ad931c009e37fb','22d9411d14284d58bfbac76a008ec73b','T/C+32*32+130*70+63\"+2/1碳黑1.0镶嵌+CS18-2',0,'shiyukun','2018-06-15 17:13:32',NULL,NULL,NULL),('61da4fbfb0ea4e9bae6cadeb5a4f138f','cf9fcb78effa489b8a35b8208c4a42dc','cb57b32b50ad4cc3bdecf80e5d44bfc1','11b0fc912f574af286a2b0fda5f1e689','4',0,'shiyukun','2018-05-28 14:28:15',NULL,NULL,NULL),('62319e4a17e045199e91cd5b475d7d5b','3cd6c0e0219f464683cd19fb14d62d7c','52e584578c9245a89183c319d3dd9a4f','a5d2d6a8e4f542eea3606d28dc2adad3','HS40',0,'shiyukun','2018-06-05 14:29:03',NULL,NULL,NULL),('624164c67a6d4d628e2f24efe29cd42c','4c2b0b307f374216b66c994286072cee','cb57b32b50ad4cc3bdecf80e5d44bfc1','6f98bef973364f1aa9e65c3376a1ff74','46.8',0,'shiyukun','2018-07-18 16:03:22',NULL,NULL,NULL),('647bc0d0263a47ee8a3c65541872d71a','1c467c4322d34d108ce67981f8c0da79','d3c173adabf348bea1c2f64dd3af005b','c390e394a40f46f89ba342baba1ddc50','14594',0,'shiyukun','2018-06-15 10:16:41',NULL,NULL,NULL),('648292c718bb496aae28fe90ccb2f8d1','fbe8f00dd0c5470c95fbd868b92591f8','52e584578c9245a89183c319d3dd9a4f','0e118811cfc043fa8408e8ec6be6a319','0.5',0,'shiyukun','2018-07-19 09:43:37',NULL,NULL,NULL),('64fe88acf1094cc9813fd75e4134d0e6','e63faf9fdf904bfd801d97cec7c73656','cb57b32b50ad4cc3bdecf80e5d44bfc1','e1e5f571f73e4b7c91699174cead1f49','40/2',0,'shiyukun','2018-06-05 14:21:32',NULL,NULL,NULL),('655807334a6242069358bf5ebd799a30','974c18251ef9423a8e7afb70ed628943','e84736fcb9e6470284ee1d1a3b3af294','811420b08ee8425a9c94251d501bba15','Z',0,'shiyukun','2018-05-24 16:06:38',NULL,NULL,NULL),('65a103595f6c42559a84f4d6dc1a9786','7626d27bd9ab4b37927b6bd1329e7e5a','cb57b32b50ad4cc3bdecf80e5d44bfc1','ea4da0cc576446859ca4fc836f3e016a','681',0,'shiyukun','2018-05-24 16:04:19',NULL,NULL,NULL),('660ae3c5128c4105a388840d1e1c62b0','21435d3ed391413a87d11c52ecbab7e6','d91e0c2656624a4e8b023c0860044c6f','719a46e2c2684cde92445fd4c0bad0d6','13.597',0,'shiyukun','2018-06-15 10:34:28',NULL,NULL,NULL),('6805dd31f1cf417a9b2e556a97702c8a','a445db01f8ea4e3e96f8326d640533d5','52e584578c9245a89183c319d3dd9a4f','466e9278d6de4ab48d6d52de902b661a','2000米',0,'shiyukun','2018-05-25 13:13:11',NULL,NULL,NULL),('682c17410f6d42eeaabf13bfb3a01649','dd1988426cd646318230243577b3d921','cb57b32b50ad4cc3bdecf80e5d44bfc1','83435fdf39714481bed87d143d6725b7','252',0,'shiyukun','2018-06-13 15:33:02',NULL,NULL,NULL),('6a12503534d543149122be9d49199b71','dbd272b5921542869b5d24046871f3f5','cb57b32b50ad4cc3bdecf80e5d44bfc1','a059c58ef17d4cce9bc6b565758edfc8','160',0,'shiyukun','2018-06-04 14:48:03',NULL,NULL,NULL),('6adb1e0994c34f8fb68ff337cda4854a','e619ce1f61504cc7b4003b2938ee744b','e84736fcb9e6470284ee1d1a3b3af294','47ff8b6106c5412aae51edf4aedc6bef','0.883',0,'shiyukun','2018-05-28 14:32:09',NULL,NULL,NULL),('6afc48a7ccd14b929583ba96796aa378','aa5da46e9f9e4133bbbbc1b4f37bde21','34fc642bc0ce49d7b6041643cee49bd9','5240ac602f63450aafd7cb47404258ca','6',0,'shiyukun','2018-05-25 13:16:15',NULL,NULL,NULL),('6b3cbd1fd6154a648671fec8a9769ba9','c1a1eb7f48754c87909ea2ed838cd622','34fc642bc0ce49d7b6041643cee49bd9','8388b8424321418dbeecb0b3c7ecf9e1','380',0,'shiyukun','2018-06-06 16:33:19',NULL,NULL,NULL),('6b5af7c69e2142269c0280dd7723b5ee','dd1988426cd646318230243577b3d921','cb57b32b50ad4cc3bdecf80e5d44bfc1','c48385b3a1ae48c1a09092e049157408','1/1',0,'shiyukun','2018-06-13 15:33:02',NULL,NULL,NULL),('6b79cc98cd404246b5e7f20c59cc13a5','f06e3b1a252d487f94fe11acf2626987','52e584578c9245a89183c319d3dd9a4f','0e61edaa64bb4caaaa9a1e90b7d4cee5','4',0,'shiyukun','2018-06-15 17:55:33',NULL,NULL,NULL),('6b7ad49c8a1045758ed36bb9a3157fdb','eed8e8794b5242f982e256ef3c8efdd1','cb57b32b50ad4cc3bdecf80e5d44bfc1','e1e5f571f73e4b7c91699174cead1f49','40/2',0,'shiyukun','2018-06-14 16:40:24',NULL,NULL,NULL),('6bd12ee9529945d1ba69f6e0525737a4','58a17b5c6ec24c56b199304d35028e6c','cb57b32b50ad4cc3bdecf80e5d44bfc1','e1e5f571f73e4b7c91699174cead1f49','40/2',0,'shiyukun','2018-06-15 09:47:54',NULL,NULL,NULL),('6cf95fe2acf84a4e8ea009fd00ee8e71','9766b70c54934cd5bcd91b1afcdb7cb4','52e584578c9245a89183c319d3dd9a4f','14e3f17b5b1646e7909ed9847f78d460','400',0,'shiyukun','2018-06-04 15:30:47',NULL,NULL,NULL),('6d211ca482a4447a846f5b550ca084a9','c1a1eb7f48754c87909ea2ed838cd622','34fc642bc0ce49d7b6041643cee49bd9','a03f4f92af864b4f816c0d11c3cf264d','大提花PLUS-340',0,'shiyukun','2018-06-06 16:33:19',NULL,NULL,NULL),('6d4b088747e14dadbcadd515a7c6647d','f7178b7e313d4f848602ad6945f4f321','cb57b32b50ad4cc3bdecf80e5d44bfc1','ea4da0cc576446859ca4fc836f3e016a','681',0,'shiyukun','2018-06-15 10:38:06',NULL,NULL,NULL),('6d8f8ab02d51424780c692452148bd02','8e94dd4ddb514907870ebfb352295174','a7957baf33c64767b9ad931c009e37fb','431290ba3314438caa178f1536ef4b89','++++',0,'admin','2018-08-16 17:24:15',NULL,NULL,NULL),('6db2bf587ab8452c917c2c25202e54bf','9766b70c54934cd5bcd91b1afcdb7cb4','52e584578c9245a89183c319d3dd9a4f','ae9c7fe819074e0eb1967918e7679e9f','40',0,'shiyukun','2018-06-04 15:30:47',NULL,NULL,NULL),('6dfd8b1cb80f41eeaa86a5cac6a906c6','dbd272b5921542869b5d24046871f3f5','cb57b32b50ad4cc3bdecf80e5d44bfc1','fee4d17eab2f4017bb1d35c8c9972876','78.9',0,'shiyukun','2018-06-04 14:48:03',NULL,NULL,NULL),('6e106fb6f4b640c1a3a10a9af4ddcac6','8b988ef232174caabd6cce36afdc98b4','d91e0c2656624a4e8b023c0860044c6f','1ad7f3f92946465abb1582598613c006','22.028',0,'shiyukun','2018-06-06 13:48:25',NULL,NULL,NULL),('6f1a308486114c2a9276652d488ea49a','dbd272b5921542869b5d24046871f3f5','cb57b32b50ad4cc3bdecf80e5d44bfc1','c6574b65ca254f6c907a6495a702d9bb','75D',0,'shiyukun','2018-06-04 14:48:03',NULL,NULL,NULL),('6f283d178175493b8a7c82653c5fa838','e63faf9fdf904bfd801d97cec7c73656','cb57b32b50ad4cc3bdecf80e5d44bfc1','83435fdf39714481bed87d143d6725b7','378',0,'shiyukun','2018-06-05 14:21:32',NULL,NULL,NULL),('6fe6757c4fd143f2bf267348b509d659','6c39e2e30387439fa8fc6085abeb5c6e','cb57b32b50ad4cc3bdecf80e5d44bfc1','be06d540c847400da42cce6f71da7bcb','2/2',0,'shiyukun','2018-07-23 16:14:13',NULL,NULL,NULL),('70166091a89a4505a899898eb4c3c20a','93c5a0e344e54f3184070738d64da482','a7957baf33c64767b9ad931c009e37fb','431290ba3314438caa178f1536ef4b89','4+6+7+8+',0,'admin','2018-08-16 17:26:03',NULL,NULL,NULL),('70eb35d4ca664dd89d2c4081de81cb15','dbd272b5921542869b5d24046871f3f5','cb57b32b50ad4cc3bdecf80e5d44bfc1','b7759494c6ac4d44b6e6f0b35fa68674','93.9',0,'shiyukun','2018-06-04 14:48:03',NULL,NULL,NULL),('70f9f0af97a54f4da35b1bff69532061','fbe8f00dd0c5470c95fbd868b92591f8','52e584578c9245a89183c319d3dd9a4f','8ec01946657149e5813302f956152a55','400',0,'shiyukun','2018-07-19 09:43:37',NULL,NULL,NULL),('7169a9120a984da989a7278cc7cf8e84','323c457d8fb642df9e534e0a6a8d1d14','d3c173adabf348bea1c2f64dd3af005b','7e19e9c3303b48e3a440a5f9b34082ff','CGGA114B',0,'shiyukun','2018-06-05 14:26:11',NULL,NULL,NULL),('71750f9b256d479c9e0b04d999ac41a1','803265687d3d48eebcff79016d1f0f61','a7957baf33c64767b9ad931c009e37fb','431290ba3314438caa178f1536ef4b89','CVC8.3×2/18.3×2393.5/208.5160cm碳1.06镶CS18-14-1',0,'shiyukun','2018-07-18 15:57:59',NULL,NULL,NULL),('71a94854cd61458e80d714e3f92b756a','e95566b5596f4ac7971a020efb2d63a7','cb57b32b50ad4cc3bdecf80e5d44bfc1','11b0fc912f574af286a2b0fda5f1e689','4',0,'shiyukun','2018-06-06 13:46:59',NULL,NULL,NULL),('71f9b67aeebb49dcac513e5d6ba47b42','4c2b0b307f374216b66c994286072cee','cb57b32b50ad4cc3bdecf80e5d44bfc1','1d900cd781294cb1bf30e68654bfd33f','32/2',0,'shiyukun','2018-07-18 16:03:22',NULL,NULL,NULL),('73734c7c4ea344da9879c0fd8d97ffbe','b0e7ba778ccb4e53839a63181be91eca','52e584578c9245a89183c319d3dd9a4f','2be26000db8c4be6875491f8a2cf9fa2','51*13',0,'shiyukun','2018-06-15 20:15:09',NULL,NULL,NULL),('73ac3ac2b4534f99aa3fa98918794ced','e63faf9fdf904bfd801d97cec7c73656','cb57b32b50ad4cc3bdecf80e5d44bfc1','a9822ae9b1e643b990f551e9e2cdc382','1.85',0,'shiyukun','2018-06-05 14:21:32',NULL,NULL,NULL),('74744d23c3b04cb8a627dda386c338da','9cc013a7f6474693aaeb04abe1638003','e84736fcb9e6470284ee1d1a3b3af294','545a48869a0e493f96d9076bc649c012','Z',0,'shiyukun','2018-05-15 08:50:31',NULL,NULL,NULL),('74b73b93ae22432b93919aa70d6a17a3','c2fbf8bd504e44658c2b6560fd34ef0f','e84736fcb9e6470284ee1d1a3b3af294','3e2fc94e1c3a4878b0cf4ffa9e10977e','1.346',0,'shiyukun','2018-06-15 10:40:33',NULL,NULL,NULL),('7543742e80cf469e83d6d570e672cb0a','81a1fdcba08f45a38afc446a3abf3c89','cb57b32b50ad4cc3bdecf80e5d44bfc1','e1e5f571f73e4b7c91699174cead1f49','40/2',0,'shiyukun','2018-05-15 08:48:12',NULL,NULL,NULL),('7583b7f82f4c4ab3af249702f284e7d3','a445db01f8ea4e3e96f8326d640533d5','52e584578c9245a89183c319d3dd9a4f','25f1ec89fe894447a89f064cb0ea4024','95',0,'shiyukun','2018-05-25 13:13:11',NULL,NULL,NULL),('75967cbe6be8429faecf94d90a286cf2','f7178b7e313d4f848602ad6945f4f321','cb57b32b50ad4cc3bdecf80e5d44bfc1','2827641ac606498fad694d05829981d0','14.6',0,'shiyukun','2018-06-15 10:38:06',NULL,NULL,NULL),('75f6e1b760314d13808e873fe784bd37','d29a2a47f6f34d2aaeded3c01535875f','52e584578c9245a89183c319d3dd9a4f','a5d2d6a8e4f542eea3606d28dc2adad3','HS40',0,'shiyukun','2018-06-06 16:31:10',NULL,NULL,NULL),('76601f5e7cd641a9bc9be097bdd585c2','aadcb68c1e31489aaf6ee7412c3c30c3','d3c173adabf348bea1c2f64dd3af005b','bc0f044a4d4f4a9bb09e5a2a483f3d2a','201-130T/C',0,'shiyukun','2018-07-19 09:40:11',NULL,NULL,NULL),('766a449cd5544689a73aadaa59384619','32acd47e809c4fa2bd9b1dc8eb2ae0ad','d3c173adabf348bea1c2f64dd3af005b','c390e394a40f46f89ba342baba1ddc50','7833',0,'shiyukun','2018-07-23 16:16:52',NULL,NULL,NULL),('7687ba87ee0348a780e038fdb4c257df','c2e931204a91427e98350eddc2c4928e','a7957baf33c64767b9ad931c009e37fb','22d9411d14284d58bfbac76a008ec73b','T/C+24*24++88*64++67\"+府绸',0,'shiyukun','2018-06-13 15:30:03',NULL,NULL,NULL),('782ce78b5d7e4db7af93ae9755ede27d','fbf69f5ff4fe4e848d2d9547103023bc','cb57b32b50ad4cc3bdecf80e5d44bfc1','e1e5f571f73e4b7c91699174cead1f49','40/2',0,'shiyukun','2018-06-15 10:33:22',NULL,NULL,NULL),('785b38f139844e4dbc98e48f5fb42411','5d793ec6eb1d4746ba22f1f235fbe554','34fc642bc0ce49d7b6041643cee49bd9','a03f4f92af864b4f816c0d11c3cf264d','PLUS-340',0,'shiyukun','2018-06-15 13:14:12',NULL,NULL,NULL),('7904cb26faf440b8b2b4b1ab45737822','2f0aaa6fe9574ceb8401c644a9f9940c','e84736fcb9e6470284ee1d1a3b3af294','47ff8b6106c5412aae51edf4aedc6bef','1.407',0,'shiyukun','2018-06-05 14:23:36',NULL,NULL,NULL),('7914e3ef78044d84a656e6286e24fe2d','f391b2f50e954626ba3801af0368cf82','cb57b32b50ad4cc3bdecf80e5d44bfc1','ea4da0cc576446859ca4fc836f3e016a','393.5',0,'shiyukun','2018-06-15 17:44:37',NULL,NULL,NULL),('79a3884525dd4355a9f57ba854eca9a2','dd1988426cd646318230243577b3d921','cb57b32b50ad4cc3bdecf80e5d44bfc1','6f98bef973364f1aa9e65c3376a1ff74','46.2',0,'shiyukun','2018-06-13 15:33:02',NULL,NULL,NULL),('7a64b866aaf14608a587c75cd75cda00','fbe8f00dd0c5470c95fbd868b92591f8','52e584578c9245a89183c319d3dd9a4f','0e61edaa64bb4caaaa9a1e90b7d4cee5','4',0,'shiyukun','2018-07-19 09:43:37',NULL,NULL,NULL),('7a725e9b84834fedb92ac287a58be2d6','9f2a351354fc4bf1bf959c4ce2341d96','a7957baf33c64767b9ad931c009e37fb','22d9411d14284d58bfbac76a008ec73b','T/JC+28*28+160*73+63\"+2/2+双面卡(双幅）',0,'shiyukun','2018-06-15 09:45:38',NULL,NULL,NULL),('7aac6f19899e498ca68355d254eba6df','4e580ac9c0fb447f9da7d6384d6e415a','52e584578c9245a89183c319d3dd9a4f','a5d2d6a8e4f542eea3606d28dc2adad3','HS40',0,'shiyukun','2018-07-23 16:19:00',NULL,NULL,NULL),('7aca0cd94a0a479db9452acc5f4acd4c','dbd272b5921542869b5d24046871f3f5','cb57b32b50ad4cc3bdecf80e5d44bfc1','b2396b5272ad495b9741dbe68a6cdd8a','60',0,'shiyukun','2018-06-04 14:48:03',NULL,NULL,NULL),('7b4098a686ca44d78065040edc1d0637','fbf69f5ff4fe4e848d2d9547103023bc','cb57b32b50ad4cc3bdecf80e5d44bfc1','98a7c9aeabe14bc6bebfa946db79799e','9.7',0,'shiyukun','2018-06-15 10:33:22',NULL,NULL,NULL),('7b5f685acbdf43a0aa28730c66073ded','383566dd7af040c5986b65e85213756b','52e584578c9245a89183c319d3dd9a4f','9ed1dfdaa7524baaac7141931d390a51','180',0,'shiyukun','2018-06-14 08:23:30',NULL,NULL,NULL),('7b8f5966bfcf49dbb5919f3221576476','81a1fdcba08f45a38afc446a3abf3c89','cb57b32b50ad4cc3bdecf80e5d44bfc1','be06d540c847400da42cce6f71da7bcb','1/1',0,'shiyukun','2018-05-15 08:48:12',NULL,NULL,NULL),('7b907b8909a04dcb9b352ed658abe651','f391b2f50e954626ba3801af0368cf82','cb57b32b50ad4cc3bdecf80e5d44bfc1','fee4d17eab2f4017bb1d35c8c9972876','88.1',0,'shiyukun','2018-06-15 17:44:37',NULL,NULL,NULL),('7be9785b1a944c20ade3447139e94a82','81a1fdcba08f45a38afc446a3abf3c89','cb57b32b50ad4cc3bdecf80e5d44bfc1','2c95e0ab4d55494c8606172907cb15b2','8368*2',0,'shiyukun','2018-05-15 08:48:12',NULL,NULL,NULL),('7be9b20ae599434593d07637d887acc7','3d09570ef3b545d196828cafcadf6f77','34fc642bc0ce49d7b6041643cee49bd9','a03f4f92af864b4f816c0d11c3cf264d','大提花PLUS-340',0,'shiyukun','2018-05-28 15:18:21',NULL,NULL,NULL),('7c219be8998a4cb191e05e9487104785','0be3589340544cf28dc998f94d90402f','d3c173adabf348bea1c2f64dd3af005b','256fcad7d175463fae74d37503ec1898','627*9+(486+159)',0,'shiyukun','2018-06-15 17:53:22',NULL,NULL,NULL),('7ce3251638f940c6a197c72be1f603d8','4c2b0b307f374216b66c994286072cee','cb57b32b50ad4cc3bdecf80e5d44bfc1','c6574b65ca254f6c907a6495a702d9bb','75D',0,'shiyukun','2018-07-18 16:03:22',NULL,NULL,NULL),('7cfc1bf8a6e9426fbd9d902b6bf12dc9','5ddd243fcc904ddda0bb2072d3b008a6','e84736fcb9e6470284ee1d1a3b3af294','5283f0462bcd42d0992ca1e74598f33c','C/T60/40',0,'shiyukun','2018-07-19 09:37:47',NULL,NULL,NULL),('7d313be25f51490590f3d0fb22d29ee9','6c39e2e30387439fa8fc6085abeb5c6e','cb57b32b50ad4cc3bdecf80e5d44bfc1','11b0fc912f574af286a2b0fda5f1e689','4',0,'shiyukun','2018-07-23 16:14:13',NULL,NULL,NULL),('7dc5b0a5e87b4d8295ee89aadbe1a20a','eed8e8794b5242f982e256ef3c8efdd1','cb57b32b50ad4cc3bdecf80e5d44bfc1','1d900cd781294cb1bf30e68654bfd33f','16',0,'shiyukun','2018-06-14 16:40:24',NULL,NULL,NULL),('7def21215c964a8eb795159cefad069f','dbd272b5921542869b5d24046871f3f5','cb57b32b50ad4cc3bdecf80e5d44bfc1','2c95e0ab4d55494c8606172907cb15b2','20414',0,'shiyukun','2018-06-04 14:48:03',NULL,NULL,NULL),('7e0238d32a98494a8a5dac725aa6cd1c','32acd47e809c4fa2bd9b1dc8eb2ae0ad','d3c173adabf348bea1c2f64dd3af005b','fa965fb04a144625a56a3c45d4885e2b','14',0,'shiyukun','2018-07-23 16:16:52',NULL,NULL,NULL),('7edbd62f3d754be886890018f95b6305','421ee39d306b4098b554e20864e90752','52e584578c9245a89183c319d3dd9a4f','8ec01946657149e5813302f956152a55','400',0,'shiyukun','2018-05-15 13:52:03','shiyukun','2018-05-15 13:52:56',NULL),('7f0d42fa9f7544e4aa601b2ebe2c6b43','57b8ca5e1dd54a97aae3baa1f2a31fdd','d91e0c2656624a4e8b023c0860044c6f','1ad7f3f92946465abb1582598613c006','26.123',0,'shiyukun','2018-06-14 16:41:13',NULL,NULL,NULL),('7f187e29671946ddbf9f068c7c56605a','ba09fa2ea62e458f859b542f6dbf2054','e84736fcb9e6470284ee1d1a3b3af294','47ff8b6106c5412aae51edf4aedc6bef','0.894',0,'shiyukun','2018-07-23 16:15:37',NULL,NULL,NULL),('7f9ca3b8c4f34419a5d75ba5eb39801f','f06e3b1a252d487f94fe11acf2626987','52e584578c9245a89183c319d3dd9a4f','72fb588a664e4d158c71c274bba056a9','C/T府绸浆',0,'shiyukun','2018-06-15 17:55:33',NULL,NULL,NULL),('7fc5f49ab43c4cd083bd70509064467d','d8918404e14943229c6ec4d075a9ed32','52e584578c9245a89183c319d3dd9a4f','31fe9dc3a79241e497e9f9a4431742d2','69',0,'shiyukun','2018-05-28 15:15:33',NULL,NULL,NULL),('7fd7df01b4304b9482c631c5293f0ec8','5ddd243fcc904ddda0bb2072d3b008a6','e84736fcb9e6470284ee1d1a3b3af294','545a48869a0e493f96d9076bc649c012','S',0,'shiyukun','2018-07-19 09:37:47',NULL,NULL,NULL),('805bfa5a7d03417a8febf5fbbd34c297','dd1988426cd646318230243577b3d921','cb57b32b50ad4cc3bdecf80e5d44bfc1','be06d540c847400da42cce6f71da7bcb','1/1',0,'shiyukun','2018-06-13 15:33:02',NULL,NULL,NULL),('80e908084c714415a614ef71bc2e6daa','58a17b5c6ec24c56b199304d35028e6c','cb57b32b50ad4cc3bdecf80e5d44bfc1','fee4d17eab2f4017bb1d35c8c9972876','106.7',0,'shiyukun','2018-06-15 09:47:54',NULL,NULL,NULL),('80ed0356565b43c18cecc53901fc5183','7626d27bd9ab4b37927b6bd1329e7e5a','cb57b32b50ad4cc3bdecf80e5d44bfc1','be06d540c847400da42cce6f71da7bcb','2/2',0,'shiyukun','2018-05-24 16:04:19',NULL,NULL,NULL),('810e66865a4c4dc087388b58016ebdf1','cc8f072be0034a4d8a2b3eb36e26ecd9','d91e0c2656624a4e8b023c0860044c6f','719a46e2c2684cde92445fd4c0bad0d6','13.675',0,'shiyukun','2018-05-24 15:55:32',NULL,NULL,NULL),('814b9794cef24805999928153f3608fa','3b98b673f89a4a6587a5246ca6adbec5','52e584578c9245a89183c319d3dd9a4f','14e3f17b5b1646e7909ed9847f78d460','400',0,'shiyukun','2018-06-15 09:55:51',NULL,NULL,NULL),('81b2e50d66354e4daaba31add4aaa8f4','981b99fe3efa43779d053ff1fc86e6be','e84736fcb9e6470284ee1d1a3b3af294','47ff8b6106c5412aae51edf4aedc6bef','3.476',0,'shiyukun','2018-06-15 17:46:29',NULL,NULL,NULL),('81e1f0cb0c4f46c2a51ac7986e1c482e','4c2b0b307f374216b66c994286072cee','cb57b32b50ad4cc3bdecf80e5d44bfc1','a059c58ef17d4cce9bc6b565758edfc8','96',0,'shiyukun','2018-07-18 16:03:22',NULL,NULL,NULL),('8238cef55f07423fa481f353825e958e','81a1fdcba08f45a38afc446a3abf3c89','cb57b32b50ad4cc3bdecf80e5d44bfc1','ea4da0cc576446859ca4fc836f3e016a','519.5',0,'shiyukun','2018-05-15 08:48:12',NULL,NULL,NULL),('82600d394c624f2a94024b907238a20b','3b98b673f89a4a6587a5246ca6adbec5','52e584578c9245a89183c319d3dd9a4f','0e118811cfc043fa8408e8ec6be6a319','1',0,'shiyukun','2018-06-15 09:55:51',NULL,NULL,NULL),('826ba35aaab94950acbbceea8e71c4b1','6c39e2e30387439fa8fc6085abeb5c6e','cb57b32b50ad4cc3bdecf80e5d44bfc1','c6574b65ca254f6c907a6495a702d9bb','75D',0,'shiyukun','2018-07-23 16:14:13',NULL,NULL,NULL),('831f49e01e6445aa8e53b4b50ffb7556','5f109f1339dd4f31a8e3b39983acafca','34fc642bc0ce49d7b6041643cee49bd9','5240ac602f63450aafd7cb47404258ca','6',0,'shiyukun','2018-06-15 09:42:22',NULL,NULL,NULL),('8376c68613d546c082b53a04ddf750d0','fbf69f5ff4fe4e848d2d9547103023bc','cb57b32b50ad4cc3bdecf80e5d44bfc1','ea4da0cc576446859ca4fc836f3e016a','681',0,'shiyukun','2018-06-15 10:33:22',NULL,NULL,NULL),('83f8047871454858ad9afb6a5c392aea','421ee39d306b4098b554e20864e90752','52e584578c9245a89183c319d3dd9a4f','466e9278d6de4ab48d6d52de902b661a','30000',0,'shiyukun','2018-05-15 13:50:03','shiyukun','2018-05-15 13:52:56',NULL),('8450747631924da38bb640a6a210a93b','6c39e2e30387439fa8fc6085abeb5c6e','cb57b32b50ad4cc3bdecf80e5d44bfc1','9ecee87ac361486882411f9081dedf1e','36.58',0,'shiyukun','2018-07-23 16:14:13',NULL,NULL,NULL),('84a9fd1dbe79421eb54e27a98a324e87','fb0891e26a9c4afcbfc7d61aab63d183','d91e0c2656624a4e8b023c0860044c6f','1ad7f3f92946465abb1582598613c006','19.050',0,'shiyukun','2018-06-15 10:39:00',NULL,NULL,NULL),('84aa85ff9bc247e9baa8582177433a5a','d8918404e14943229c6ec4d075a9ed32','52e584578c9245a89183c319d3dd9a4f','f844fd943d374a9a8286002ed6874bcd','400',0,'shiyukun','2018-05-28 15:15:33',NULL,NULL,NULL),('84b5c251404643529d51cf99233d1cd0','a445db01f8ea4e3e96f8326d640533d5','52e584578c9245a89183c319d3dd9a4f','a5d2d6a8e4f542eea3606d28dc2adad3','HS40',0,'shiyukun','2018-05-25 13:13:11',NULL,NULL,NULL),('8515e7be175e4b769b7faed2d5bea3aa','5d92fc35a6e7414e9b548ad104b8bcd0','e84736fcb9e6470284ee1d1a3b3af294','cd686df0c4644d46b9245ff7e963345d','T/JC65/35',0,'shiyukun','2018-06-15 09:50:43',NULL,NULL,NULL),('8564a4f436bd4986affb176cfa35f7b9','39e70f076a1f406a9d9dc52cb50ba7b6','e84736fcb9e6470284ee1d1a3b3af294','cd686df0c4644d46b9245ff7e963345d','JC100',0,'shiyukun','2018-06-15 10:36:00',NULL,NULL,NULL),('856bf76e7b804d1ca88e860f6cc2d065','9766b70c54934cd5bcd91b1afcdb7cb4','52e584578c9245a89183c319d3dd9a4f','8ec01946657149e5813302f956152a55','400',0,'shiyukun','2018-06-04 15:30:47',NULL,NULL,NULL),('856d20a94217410c8123f1febba6f2ec','fbf69f5ff4fe4e848d2d9547103023bc','cb57b32b50ad4cc3bdecf80e5d44bfc1','a2496429cdc54510b85cb31864f815e7','12',0,'shiyukun','2018-06-15 10:33:22',NULL,NULL,NULL),('86496855ea6649748e5334d412bd3518','fbf69f5ff4fe4e848d2d9547103023bc','cb57b32b50ad4cc3bdecf80e5d44bfc1','a9822ae9b1e643b990f551e9e2cdc382','2.74',0,'shiyukun','2018-06-15 10:33:22',NULL,NULL,NULL),('8654fd365467427aa18caad9e7cba7aa','7195c55372874ff2ac53a7292204d89f','cb57b32b50ad4cc3bdecf80e5d44bfc1','83435fdf39714481bed87d143d6725b7','208.5',0,'shiyukun','2018-07-18 16:03:22',NULL,NULL,NULL),('865cad999d7b43beb719fe4e622ed02b','3cd6c0e0219f464683cd19fb14d62d7c','52e584578c9245a89183c319d3dd9a4f','0e118811cfc043fa8408e8ec6be6a319','1',0,'shiyukun','2018-06-05 14:29:03',NULL,NULL,NULL),('877c1faecdfc423b9c8684dace5ff233','f391b2f50e954626ba3801af0368cf82','cb57b32b50ad4cc3bdecf80e5d44bfc1','a9822ae9b1e643b990f551e9e2cdc382','1.86',0,'shiyukun','2018-06-15 17:44:37',NULL,NULL,NULL),('87aec47370144cf39bac5dff9bc8ca5f','f7178b7e313d4f848602ad6945f4f321','cb57b32b50ad4cc3bdecf80e5d44bfc1','b2396b5272ad495b9741dbe68a6cdd8a','60',0,'shiyukun','2018-06-15 10:38:06',NULL,NULL,NULL),('87ee519c9ce641bc961fc063105f5cad','b0e7ba778ccb4e53839a63181be91eca','52e584578c9245a89183c319d3dd9a4f','a5d2d6a8e4f542eea3606d28dc2adad3','HS40',0,'shiyukun','2018-06-15 20:15:09',NULL,NULL,NULL),('88200a37dded44e28b1c7a484a82dd33','3c30d500c3b94df9ba757dd840da65d3','34fc642bc0ce49d7b6041643cee49bd9','5787b64362254eccae15812a9c9b9682','48.4',0,'shiyukun','2018-06-15 17:56:22',NULL,NULL,NULL),('882ff16140b247dc9005364e5cd365fc','7195c55372874ff2ac53a7292204d89f','cb57b32b50ad4cc3bdecf80e5d44bfc1','1d900cd781294cb1bf30e68654bfd33f','32/2',0,'shiyukun','2018-07-18 16:03:22',NULL,NULL,NULL),('88359431caf74646b2716118238fc405','3c972e8925a24e06b4f7ffcbb428f834','34fc642bc0ce49d7b6041643cee49bd9','8388b8424321418dbeecb0b3c7ecf9e1','500',0,'shiyukun','2018-05-15 13:54:30','shiyukun','2018-05-15 13:57:07',NULL),('88c1a2f169254d45a75bb709e98b6609','fbf69f5ff4fe4e848d2d9547103023bc','cb57b32b50ad4cc3bdecf80e5d44bfc1','83435fdf39714481bed87d143d6725b7','315',0,'shiyukun','2018-06-15 10:33:22',NULL,NULL,NULL),('8912e8d5982949cab67dfa432ad02602','a445db01f8ea4e3e96f8326d640533d5','52e584578c9245a89183c319d3dd9a4f','ae9c7fe819074e0eb1967918e7679e9f','38.9',0,'shiyukun','2018-05-25 13:13:11',NULL,NULL,NULL),('891d0e5d4570462dafc146463e32104f','3b98b673f89a4a6587a5246ca6adbec5','52e584578c9245a89183c319d3dd9a4f','72fb588a664e4d158c71c274bba056a9','C/T府绸浆',0,'shiyukun','2018-06-15 09:55:51',NULL,NULL,NULL),('89d06a6581e748a38cb28bb6ceb1349f','f7178b7e313d4f848602ad6945f4f321','cb57b32b50ad4cc3bdecf80e5d44bfc1','be06d540c847400da42cce6f71da7bcb','2/2',0,'shiyukun','2018-06-15 10:38:06',NULL,NULL,NULL),('89f7340947c243118a404c228143e757','495bc315499e498aa4141d81d68d7c79','d3c173adabf348bea1c2f64dd3af005b','7e19e9c3303b48e3a440a5f9b34082ff','CGGA114B',0,'shiyukun','2018-06-04 15:28:05',NULL,NULL,NULL),('8a4a6f085d6b4efaa72fa27596e55600','3153e5995ddd4fddb0c7089206e7f0be','34fc642bc0ce49d7b6041643cee49bd9','5787b64362254eccae15812a9c9b9682','46.6',0,'shiyukun','2018-06-05 14:31:00',NULL,NULL,NULL),('8a8908071f004a1380b2466d3b6021d9','3c972e8925a24e06b4f7ffcbb428f834','34fc642bc0ce49d7b6041643cee49bd9','5240ac602f63450aafd7cb47404258ca','6',0,'shiyukun','2018-05-15 13:54:30','shiyukun','2018-05-15 13:57:07',NULL),('8b69830fa882499088eca2cef7207fee','0db7f2d6bede49d9810e5f7220e03592','d91e0c2656624a4e8b023c0860044c6f','719a46e2c2684cde92445fd4c0bad0d6','19.611',0,'shiyukun','2018-06-04 14:49:21',NULL,NULL,NULL),('8bbc064d261e434fa48a399e11cbe666','cf9fcb78effa489b8a35b8208c4a42dc','cb57b32b50ad4cc3bdecf80e5d44bfc1','b2396b5272ad495b9741dbe68a6cdd8a','60',0,'shiyukun','2018-05-28 14:28:15',NULL,NULL,NULL),('8bcda19b432e40898d9caeb9e3e124a6','a445db01f8ea4e3e96f8326d640533d5','52e584578c9245a89183c319d3dd9a4f','9ed1dfdaa7524baaac7141931d390a51','134',0,'shiyukun','2018-05-25 13:13:11',NULL,NULL,NULL),('8bdc1d105b6a4dceba8e0a958a7d25d1','a445db01f8ea4e3e96f8326d640533d5','52e584578c9245a89183c319d3dd9a4f','f5edc4a998684a6dab5d62cb0321056f','300',0,'shiyukun','2018-05-25 13:13:11',NULL,NULL,NULL),('8c966cdb2531473194b7cb8bc9ba3054','3b98b673f89a4a6587a5246ca6adbec5','52e584578c9245a89183c319d3dd9a4f','ae9c7fe819074e0eb1967918e7679e9f','41.3',0,'shiyukun','2018-06-15 09:55:51',NULL,NULL,NULL),('8d42fc1f451e44bfab453d51daa809a4','dbd272b5921542869b5d24046871f3f5','cb57b32b50ad4cc3bdecf80e5d44bfc1','98a7c9aeabe14bc6bebfa946db79799e','9.8',0,'shiyukun','2018-06-04 14:48:03',NULL,NULL,NULL),('8d7fffe6c4a040a4893f4f6e47b0d602','fbf69f5ff4fe4e848d2d9547103023bc','cb57b32b50ad4cc3bdecf80e5d44bfc1','895c03d74db94e29ae25c20506daeb01','5.23',0,'shiyukun','2018-06-15 10:33:22',NULL,NULL,NULL),('8e41bf69219f498a92b77c8a592212f5','eed8e8794b5242f982e256ef3c8efdd1','cb57b32b50ad4cc3bdecf80e5d44bfc1','9ecee87ac361486882411f9081dedf1e','36.58',0,'shiyukun','2018-06-14 16:40:24',NULL,NULL,NULL),('8e77d54a261941ff8b428ea8760c6ea4','2d1a93429579402e90816aebb9af44eb','e84736fcb9e6470284ee1d1a3b3af294','47ff8b6106c5412aae51edf4aedc6bef','0.894',0,'shiyukun','2018-06-06 13:49:31',NULL,NULL,NULL),('8e80e974da104514b22884485a8a8c9a','d2711374b3ba484288cf27dcdc08e6f7','d3c173adabf348bea1c2f64dd3af005b','fa965fb04a144625a56a3c45d4885e2b','4',0,'shiyukun','2018-06-14 08:03:44',NULL,NULL,NULL),('8eebd3e0f4dc44afb2fd54d668024143','7195c55372874ff2ac53a7292204d89f','cb57b32b50ad4cc3bdecf80e5d44bfc1','be06d540c847400da42cce6f71da7bcb','2/1+1/2',0,'shiyukun','2018-07-18 16:03:22',NULL,NULL,NULL),('8f74343d75f145538442afd00245455b','dd1988426cd646318230243577b3d921','cb57b32b50ad4cc3bdecf80e5d44bfc1','fcc04f2e038342a4bcaacf9b8b99cc17','40',0,'shiyukun','2018-06-13 15:33:02',NULL,NULL,NULL),('8f91c94059474eb8b7fe8bdf7d37ab6b','fbf69f5ff4fe4e848d2d9547103023bc','cb57b32b50ad4cc3bdecf80e5d44bfc1','c6574b65ca254f6c907a6495a702d9bb','75D',0,'shiyukun','2018-06-15 10:33:22',NULL,NULL,NULL),('9075882ad954427986ff0227681de410','5d793ec6eb1d4746ba22f1f235fbe554','34fc642bc0ce49d7b6041643cee49bd9','8388b8424321418dbeecb0b3c7ecf9e1','500',0,'shiyukun','2018-06-15 13:14:12',NULL,NULL,NULL),('908a784dc8d0476dbeb8f0d9ce17307c','4e31691649f2489882acf0eab863cf6f','d91e0c2656624a4e8b023c0860044c6f','1ad7f3f92946465abb1582598613c006','16.709',0,'shiyukun','2018-06-13 15:34:01',NULL,NULL,NULL),('90c1e11902084d2eb44c7627c0d5d4b9','f7178b7e313d4f848602ad6945f4f321','cb57b32b50ad4cc3bdecf80e5d44bfc1','83435fdf39714481bed87d143d6725b7','315',0,'shiyukun','2018-06-15 10:38:06',NULL,NULL,NULL),('90cbe912429a40028f7ea0860b572153','6c39e2e30387439fa8fc6085abeb5c6e','cb57b32b50ad4cc3bdecf80e5d44bfc1','895c03d74db94e29ae25c20506daeb01','7.39',0,'shiyukun','2018-07-23 16:14:13',NULL,NULL,NULL),('91433ac22a814c898503ab773e85a35f','383566dd7af040c5986b65e85213756b','52e584578c9245a89183c319d3dd9a4f','f5edc4a998684a6dab5d62cb0321056f','300',0,'shiyukun','2018-06-14 08:23:30',NULL,NULL,NULL),('91aa4df6beb0490cadbdb045bb413728','a445db01f8ea4e3e96f8326d640533d5','52e584578c9245a89183c319d3dd9a4f','31fe9dc3a79241e497e9f9a4431742d2','600',0,'shiyukun','2018-05-25 13:13:11',NULL,NULL,NULL),('91c4332964804c67b768859f71703248','b0e7ba778ccb4e53839a63181be91eca','52e584578c9245a89183c319d3dd9a4f','14e3f17b5b1646e7909ed9847f78d460','400',0,'shiyukun','2018-06-15 20:15:09',NULL,NULL,NULL),('91da8f82c7024abb87673893771cf32b','fbe8f00dd0c5470c95fbd868b92591f8','52e584578c9245a89183c319d3dd9a4f','2be26000db8c4be6875491f8a2cf9fa2','18*1++33*1',0,'shiyukun','2018-07-19 09:43:37',NULL,NULL,NULL),('9249c2feef80463dbf1cafd61156c6b8','7195c55372874ff2ac53a7292204d89f','cb57b32b50ad4cc3bdecf80e5d44bfc1','b7759494c6ac4d44b6e6f0b35fa68674','93.8',0,'shiyukun','2018-07-18 16:03:22',NULL,NULL,NULL),('9265961cbdb8490d85ddf6e50d15e446','7a54c4a59050447e99618b2cd47f125f','52e584578c9245a89183c319d3dd9a4f','25f1ec89fe894447a89f064cb0ea4024','95',0,'shiyukun','2018-06-15 09:41:01',NULL,NULL,NULL),('9291712868524e14906a99f5a8ec8d2c','d29a2a47f6f34d2aaeded3c01535875f','52e584578c9245a89183c319d3dd9a4f','0e118811cfc043fa8408e8ec6be6a319','1',0,'shiyukun','2018-06-06 16:31:10',NULL,NULL,NULL),('929aaafba7614203997098c74490116f','421ee39d306b4098b554e20864e90752','52e584578c9245a89183c319d3dd9a4f','0e61edaa64bb4caaaa9a1e90b7d4cee5','2.5±1',0,'shiyukun','2018-05-15 13:52:03','shiyukun','2018-05-15 13:52:56',NULL),('939c0190909348f38dcf368734dd5900','aadcb68c1e31489aaf6ee7412c3c30c3','d3c173adabf348bea1c2f64dd3af005b','c390e394a40f46f89ba342baba1ddc50','13225',0,'shiyukun','2018-07-19 09:40:11',NULL,NULL,NULL),('940869ec235748cfb2bcd769d7d73f29','046e5bcccb4a4523b0a4466fe954ea51','a7957baf33c64767b9ad931c009e37fb','22d9411d14284d58bfbac76a008ec73b','T/JC（30+30）×20+++132×62+++63\"+双经布（双幅）',0,'shiyukun','2018-05-15 08:43:36',NULL,NULL,NULL),('940bfc0bbb284bd0a01d731d59fd8148','d29a2a47f6f34d2aaeded3c01535875f','52e584578c9245a89183c319d3dd9a4f','25f1ec89fe894447a89f064cb0ea4024','95',0,'shiyukun','2018-06-06 16:31:10',NULL,NULL,NULL),('947f575c8cd84b508e7939ab61cb9126','c1a1eb7f48754c87909ea2ed838cd622','34fc642bc0ce49d7b6041643cee49bd9','5240ac602f63450aafd7cb47404258ca','9',0,'shiyukun','2018-06-06 16:33:19',NULL,NULL,NULL),('94824b99a891454996b28b65392aa1db','e63faf9fdf904bfd801d97cec7c73656','cb57b32b50ad4cc3bdecf80e5d44bfc1','c48385b3a1ae48c1a09092e049157408','1/1',0,'shiyukun','2018-06-05 14:21:32',NULL,NULL,NULL),('94a467f124244cff98d5eee7b9a54648','fbe8f00dd0c5470c95fbd868b92591f8','52e584578c9245a89183c319d3dd9a4f','9ed1dfdaa7524baaac7141931d390a51','165.5',0,'shiyukun','2018-07-19 09:43:37',NULL,NULL,NULL),('94d41ca3ae6e4febb29fa59109255594','cf9fcb78effa489b8a35b8208c4a42dc','cb57b32b50ad4cc3bdecf80e5d44bfc1','b7759494c6ac4d44b6e6f0b35fa68674','93.1',0,'shiyukun','2018-05-28 14:28:15',NULL,NULL,NULL),('94ef71401354464db878d6907634feb2','3d09570ef3b545d196828cafcadf6f77','34fc642bc0ce49d7b6041643cee49bd9','8388b8424321418dbeecb0b3c7ecf9e1','380',0,'shiyukun','2018-05-28 15:18:21',NULL,NULL,NULL),('9511d9c2c4474360a1b4a797051b59b5','d29a2a47f6f34d2aaeded3c01535875f','52e584578c9245a89183c319d3dd9a4f','2be26000db8c4be6875491f8a2cf9fa2','28*1对',0,'shiyukun','2018-06-06 16:31:10',NULL,NULL,NULL),('951356d91ac04cc383cfd12e855efe89','00d05e6cbc0d4a50ad3d091a0b7e237b','34fc642bc0ce49d7b6041643cee49bd9','a03f4f92af864b4f816c0d11c3cf264d','大提花PLUS-340',0,'shiyukun','2018-06-04 15:32:38',NULL,NULL,NULL),('95310063cad649439c1423399bd3b665','e63faf9fdf904bfd801d97cec7c73656','cb57b32b50ad4cc3bdecf80e5d44bfc1','a2496429cdc54510b85cb31864f815e7','8',0,'shiyukun','2018-06-05 14:21:32',NULL,NULL,NULL),('9538df29e5914f19b4387aa9c3226342','f7178b7e313d4f848602ad6945f4f321','cb57b32b50ad4cc3bdecf80e5d44bfc1','98a7c9aeabe14bc6bebfa946db79799e','9.7',0,'shiyukun','2018-06-15 10:38:06',NULL,NULL,NULL),('963471dbe7e3468a897eb4f815107872','6c39e2e30387439fa8fc6085abeb5c6e','cb57b32b50ad4cc3bdecf80e5d44bfc1','6f98bef973364f1aa9e65c3376a1ff74','66.7',0,'shiyukun','2018-07-23 16:14:13',NULL,NULL,NULL),('9651724a1f814438be1ef78f97a6ec36','a445db01f8ea4e3e96f8326d640533d5','52e584578c9245a89183c319d3dd9a4f','72fb588a664e4d158c71c274bba056a9','天丝浆',0,'shiyukun','2018-05-25 13:13:11',NULL,NULL,NULL),('97538c89cf124eaa9790d7cd7dec5b51','f391b2f50e954626ba3801af0368cf82','cb57b32b50ad4cc3bdecf80e5d44bfc1','83435fdf39714481bed87d143d6725b7','208.5',0,'shiyukun','2018-06-15 17:44:37',NULL,NULL,NULL),('9785874da6c54bf1a56f592778ffb232','7a54c4a59050447e99618b2cd47f125f','52e584578c9245a89183c319d3dd9a4f','d088bafd53fd479ba1347826f9e076c8','13.5',0,'shiyukun','2018-06-15 09:41:01',NULL,NULL,NULL),('979e9f44d3ce40bdaa8b5d0d12e1d512','383566dd7af040c5986b65e85213756b','52e584578c9245a89183c319d3dd9a4f','25f1ec89fe894447a89f064cb0ea4024','95',0,'shiyukun','2018-06-14 08:23:30',NULL,NULL,NULL),('97c5a3509f62468997b175ab22385860','f7178b7e313d4f848602ad6945f4f321','cb57b32b50ad4cc3bdecf80e5d44bfc1','e1e5f571f73e4b7c91699174cead1f49','40/2',0,'shiyukun','2018-06-15 10:38:06',NULL,NULL,NULL),('97f0adfa227d45eeb373abd7790be232','3b98b673f89a4a6587a5246ca6adbec5','52e584578c9245a89183c319d3dd9a4f','f844fd943d374a9a8286002ed6874bcd','400',0,'shiyukun','2018-06-15 09:55:51',NULL,NULL,NULL),('97fbce10fdd74b82b76cbac40ff38138','b0e7ba778ccb4e53839a63181be91eca','52e584578c9245a89183c319d3dd9a4f','25f1ec89fe894447a89f064cb0ea4024','95',0,'shiyukun','2018-06-15 20:15:09',NULL,NULL,NULL),('9887976258384088bb6a536e6970be18','e63faf9fdf904bfd801d97cec7c73656','cb57b32b50ad4cc3bdecf80e5d44bfc1','98a7c9aeabe14bc6bebfa946db79799e','14.7',0,'shiyukun','2018-06-05 14:21:32',NULL,NULL,NULL),('98d4b096d84048d39e68d8829a28d4f7','3153e5995ddd4fddb0c7089206e7f0be','34fc642bc0ce49d7b6041643cee49bd9','a03f4f92af864b4f816c0d11c3cf264d','ZAX-340',0,'shiyukun','2018-06-05 14:31:00',NULL,NULL,NULL),('9981388f81d14ab0875946608d93cbdf','795ee292bb0f4589bf011919c830a042','e84736fcb9e6470284ee1d1a3b3af294','47ff8b6106c5412aae51edf4aedc6bef','2.374',0,'shiyukun','2018-06-13 15:35:34',NULL,NULL,NULL),('998bbe5dc6de4439b304526215543356','2f0aaa6fe9574ceb8401c644a9f9940c','e84736fcb9e6470284ee1d1a3b3af294','811420b08ee8425a9c94251d501bba15','Z',0,'shiyukun','2018-06-05 14:23:36',NULL,NULL,NULL),('9990d8d76f474e3786748e45066c96e5','f391b2f50e954626ba3801af0368cf82','cb57b32b50ad4cc3bdecf80e5d44bfc1','b2396b5272ad495b9741dbe68a6cdd8a','32/2',0,'shiyukun','2018-06-15 17:44:37',NULL,NULL,NULL),('99edab9e43d84a729d775488fefad540','dbd272b5921542869b5d24046871f3f5','cb57b32b50ad4cc3bdecf80e5d44bfc1','895c03d74db94e29ae25c20506daeb01','8.55',0,'shiyukun','2018-06-04 14:48:03',NULL,NULL,NULL),('9a541a88a3b34f228c74d964fb512b1e','f7178b7e313d4f848602ad6945f4f321','cb57b32b50ad4cc3bdecf80e5d44bfc1','fee4d17eab2f4017bb1d35c8c9972876','78.4',0,'shiyukun','2018-06-15 10:38:06',NULL,NULL,NULL),('9a7c890e3bf24d6a851e5708406fe751','e95566b5596f4ac7971a020efb2d63a7','cb57b32b50ad4cc3bdecf80e5d44bfc1','a9822ae9b1e643b990f551e9e2cdc382','2.74',0,'shiyukun','2018-06-06 13:46:59',NULL,NULL,NULL),('9b8c3bfb18aa42e68948dd8d0dcbb564','a445db01f8ea4e3e96f8326d640533d5','52e584578c9245a89183c319d3dd9a4f','f844fd943d374a9a8286002ed6874bcd','400',0,'shiyukun','2018-05-25 13:13:11',NULL,NULL,NULL),('9b92db9e8cd74464953cf07501c600f3','3cd6c0e0219f464683cd19fb14d62d7c','52e584578c9245a89183c319d3dd9a4f','2be26000db8c4be6875491f8a2cf9fa2','21*1对++54*3对',0,'shiyukun','2018-06-05 14:29:03',NULL,NULL,NULL),('9c22a095d6df4ba589692ff361987317','7195c55372874ff2ac53a7292204d89f','cb57b32b50ad4cc3bdecf80e5d44bfc1','2c95e0ab4d55494c8606172907cb15b2','6448',0,'shiyukun','2018-07-18 16:03:22',NULL,NULL,NULL),('9ca3aa3ac9834493ba8e45364ae5ce0f','f391b2f50e954626ba3801af0368cf82','cb57b32b50ad4cc3bdecf80e5d44bfc1','98a7c9aeabe14bc6bebfa946db79799e','18.3*2',0,'shiyukun','2018-06-15 17:44:37',NULL,NULL,NULL),('9cc5315f5df5471c91d78d8486b0df32','7a54c4a59050447e99618b2cd47f125f','52e584578c9245a89183c319d3dd9a4f','0e61edaa64bb4caaaa9a1e90b7d4cee5','4',0,'shiyukun','2018-06-15 09:41:01',NULL,NULL,NULL),('9cd3befb0b1a42649ea0e3fd5662e477','81a1fdcba08f45a38afc446a3abf3c89','cb57b32b50ad4cc3bdecf80e5d44bfc1','a059c58ef17d4cce9bc6b565758edfc8','32*2',0,'shiyukun','2018-05-15 08:48:12',NULL,NULL,NULL),('9cf3c6c09b4547e38969a0a6ec214099','421ee39d306b4098b554e20864e90752','52e584578c9245a89183c319d3dd9a4f','31fe9dc3a79241e497e9f9a4431742d2','96',0,'shiyukun','2018-05-15 13:50:03','shiyukun','2018-05-15 13:52:56',NULL),('9d237c552b954878a9a5816dc6b29d7c','e3c49e4910324b1a981303c64b76e1ab','a7957baf33c64767b9ad931c009e37fb','431290ba3314438caa178f1536ef4b89','CVC18.3×2/18.3×2393.5/208.5160cm碳黑网1.0*1.0CS18-4',0,'shiyukun','2018-06-15 17:48:55',NULL,NULL,NULL),('9d5c3bb20117495a851a0107c1861383','f391b2f50e954626ba3801af0368cf82','cb57b32b50ad4cc3bdecf80e5d44bfc1','b7759494c6ac4d44b6e6f0b35fa68674','93.7',0,'shiyukun','2018-06-15 17:44:37',NULL,NULL,NULL),('9dc166cc5c964d63a579f48a95e4ae73','cf9fcb78effa489b8a35b8208c4a42dc','cb57b32b50ad4cc3bdecf80e5d44bfc1','e1e5f571f73e4b7c91699174cead1f49','40/2',0,'shiyukun','2018-05-28 14:28:15',NULL,NULL,NULL),('9e1387d6492e4394932fcdd5a40c2e0b','d29a2a47f6f34d2aaeded3c01535875f','52e584578c9245a89183c319d3dd9a4f','ae9c7fe819074e0eb1967918e7679e9f','40',0,'shiyukun','2018-06-06 16:31:10',NULL,NULL,NULL),('9e3634ccc6a14e63b6ee839bfc85d7f1','4c2b0b307f374216b66c994286072cee','cb57b32b50ad4cc3bdecf80e5d44bfc1','11b0fc912f574af286a2b0fda5f1e689','4',0,'shiyukun','2018-07-18 16:03:22',NULL,NULL,NULL),('9eef5f32c7f444f49855cb5e346387f9','cdfc9537be8f4dd58393df979056ecc3','d91e0c2656624a4e8b023c0860044c6f','1ad7f3f92946465abb1582598613c006','31.375',0,'shiyukun','2018-06-05 14:22:31',NULL,NULL,NULL),('9f6a1b67a22c4b07921fa4e7d6bfb135','974c18251ef9423a8e7afb70ed628943','e84736fcb9e6470284ee1d1a3b3af294','47ff8b6106c5412aae51edf4aedc6bef','0.883',0,'shiyukun','2018-05-24 16:06:38',NULL,NULL,NULL),('9f7a93908dff4b65ae4a3e3956992391','7626d27bd9ab4b37927b6bd1329e7e5a','cb57b32b50ad4cc3bdecf80e5d44bfc1','98a7c9aeabe14bc6bebfa946db79799e','9.8',0,'shiyukun','2018-05-24 16:04:19',NULL,NULL,NULL),('9f8fa274c3cf4e748a46837f1bfcd494','fbe8f00dd0c5470c95fbd868b92591f8','52e584578c9245a89183c319d3dd9a4f','f5edc4a998684a6dab5d62cb0321056f','300',0,'shiyukun','2018-07-19 09:43:37',NULL,NULL,NULL),('9fac238175b146b3ba2e6507f2acb3a9','d78bc1526a3e41c68f0cbc71c8b26aea','e84736fcb9e6470284ee1d1a3b3af294','47ff8b6106c5412aae51edf4aedc6bef','0.883',0,'shiyukun','2018-06-04 14:55:52',NULL,NULL,NULL),('a0088a6cb8d24deb8b7583e89700b034','3c30d500c3b94df9ba757dd840da65d3','34fc642bc0ce49d7b6041643cee49bd9','a03f4f92af864b4f816c0d11c3cf264d','PLUS-190',0,'shiyukun','2018-06-15 17:56:22',NULL,NULL,NULL),('a0705b652db34cee8c17cc9e9a89e950','eed8e8794b5242f982e256ef3c8efdd1','cb57b32b50ad4cc3bdecf80e5d44bfc1','ea4da0cc576446859ca4fc836f3e016a','472',0,'shiyukun','2018-06-14 16:40:24',NULL,NULL,NULL),('a0dbf8827593489a8fcbf87091f896ae','1b99f6f095114671b91edfd0d6558fdf','34fc642bc0ce49d7b6041643cee49bd9','5240ac602f63450aafd7cb47404258ca','6',0,'shiyukun','2018-06-14 08:24:58',NULL,NULL,NULL),('a12597e29fb24d859cf9fe2bb4ff6493','eed8e8794b5242f982e256ef3c8efdd1','cb57b32b50ad4cc3bdecf80e5d44bfc1','fcc04f2e038342a4bcaacf9b8b99cc17','40',0,'shiyukun','2018-06-14 16:40:24',NULL,NULL,NULL),('a1327415bfe74802bcb2b4e3af7815d7','3cd6c0e0219f464683cd19fb14d62d7c','52e584578c9245a89183c319d3dd9a4f','466e9278d6de4ab48d6d52de902b661a','2970米',0,'shiyukun','2018-06-05 14:29:03',NULL,NULL,NULL),('a17bf8fb7f3c451fba7259660a29a03d','383566dd7af040c5986b65e85213756b','52e584578c9245a89183c319d3dd9a4f','f844fd943d374a9a8286002ed6874bcd','400',0,'shiyukun','2018-06-14 08:23:30',NULL,NULL,NULL),('a1cf90d1fcfa4e029bce277faa4ac43f','c1a1eb7f48754c87909ea2ed838cd622','34fc642bc0ce49d7b6041643cee49bd9','5787b64362254eccae15812a9c9b9682','150.5',0,'shiyukun','2018-06-06 16:33:19',NULL,NULL,NULL),('a2301b1f7f3b48469e943a0099e454c6','b0e7ba778ccb4e53839a63181be91eca','52e584578c9245a89183c319d3dd9a4f','f844fd943d374a9a8286002ed6874bcd','400',0,'shiyukun','2018-06-15 20:15:09',NULL,NULL,NULL),('a24d1915f9a14e70b02a0e7414d28124','d8918404e14943229c6ec4d075a9ed32','52e584578c9245a89183c319d3dd9a4f','9ed1dfdaa7524baaac7141931d390a51','134',0,'shiyukun','2018-05-28 15:15:33',NULL,NULL,NULL),('a2bb1cef12f04c7db96fb3a18a499d42','fbe8f00dd0c5470c95fbd868b92591f8','52e584578c9245a89183c319d3dd9a4f','ae9c7fe819074e0eb1967918e7679e9f','37.8',0,'shiyukun','2018-07-19 09:43:37',NULL,NULL,NULL),('a2becaa015fa4659a360416e208ca625','eed8e8794b5242f982e256ef3c8efdd1','cb57b32b50ad4cc3bdecf80e5d44bfc1','a9822ae9b1e643b990f551e9e2cdc382','2.79',0,'shiyukun','2018-06-14 16:40:24',NULL,NULL,NULL),('a3127c9304d34faf95ac2d1c4b6df038','1b99f6f095114671b91edfd0d6558fdf','34fc642bc0ce49d7b6041643cee49bd9','5787b64362254eccae15812a9c9b9682','61.4',0,'shiyukun','2018-06-14 08:24:58',NULL,NULL,NULL),('a513a1743fce42e88d11da474f58eef5','eed8e8794b5242f982e256ef3c8efdd1','cb57b32b50ad4cc3bdecf80e5d44bfc1','a2496429cdc54510b85cb31864f815e7','4',0,'shiyukun','2018-06-14 16:40:24',NULL,NULL,NULL),('a53bfc567c7a4580a815464ebe0ffd52','e63faf9fdf904bfd801d97cec7c73656','cb57b32b50ad4cc3bdecf80e5d44bfc1','be06d540c847400da42cce6f71da7bcb','1/1',0,'shiyukun','2018-06-05 14:21:32',NULL,NULL,NULL),('a59e465d23bc4ddcacdfc2bb1f116791','d78bc1526a3e41c68f0cbc71c8b26aea','e84736fcb9e6470284ee1d1a3b3af294','5283f0462bcd42d0992ca1e74598f33c','LF100',0,'shiyukun','2018-06-04 14:55:52',NULL,NULL,NULL),('a5bb2583bbd548a189e17700412ce549','d29a2a47f6f34d2aaeded3c01535875f','52e584578c9245a89183c319d3dd9a4f','72fb588a664e4d158c71c274bba056a9','天丝浆',0,'shiyukun','2018-06-06 16:31:10',NULL,NULL,NULL),('a5c7f0bdd3a74648a41cef4bf503f626','e63faf9fdf904bfd801d97cec7c73656','cb57b32b50ad4cc3bdecf80e5d44bfc1','a059c58ef17d4cce9bc6b565758edfc8','16',0,'shiyukun','2018-06-05 14:21:32',NULL,NULL,NULL),('a5ebd5e4d70b4b989c35a4861ff73b7e','7a54c4a59050447e99618b2cd47f125f','52e584578c9245a89183c319d3dd9a4f','14e3f17b5b1646e7909ed9847f78d460','400',0,'shiyukun','2018-06-15 09:41:01',NULL,NULL,NULL),('a6001c91153a41f886400da52df7e27a','8e94dd4ddb514907870ebfb352295174','a7957baf33c64767b9ad931c009e37fb','22d9411d14284d58bfbac76a008ec73b','2++3+4',0,'admin','2018-08-16 17:24:15',NULL,NULL,NULL),('a69a5ff324dd42998923d2b4f852c1f3','dd1988426cd646318230243577b3d921','cb57b32b50ad4cc3bdecf80e5d44bfc1','895c03d74db94e29ae25c20506daeb01','10.78',0,'shiyukun','2018-06-13 15:33:02',NULL,NULL,NULL),('a70050ac18ec47139e64e718d3ea098c','4e580ac9c0fb447f9da7d6384d6e415a','52e584578c9245a89183c319d3dd9a4f','f5edc4a998684a6dab5d62cb0321056f','300',0,'shiyukun','2018-07-23 16:19:00',NULL,NULL,NULL),('a743348c755443d7b670820013969204','383566dd7af040c5986b65e85213756b','52e584578c9245a89183c319d3dd9a4f','0e118811cfc043fa8408e8ec6be6a319','1',0,'shiyukun','2018-06-14 08:23:30',NULL,NULL,NULL),('a75fd292aec749cc9d377f9cbb467495','07a2a8b034734e4cb8f57bc55ddd8491','d3c173adabf348bea1c2f64dd3af005b','bc0f044a4d4f4a9bb09e5a2a483f3d2a','201-130T/C',0,'shiyukun','2018-06-15 20:13:05',NULL,NULL,NULL),('a78598422ed543e3a7fbbee15c2f1e1b','7195c55372874ff2ac53a7292204d89f','cb57b32b50ad4cc3bdecf80e5d44bfc1','fee4d17eab2f4017bb1d35c8c9972876','88.3',0,'shiyukun','2018-07-18 16:03:22',NULL,NULL,NULL),('a7c1042e8ba34aef855acd3168b55f44','f391b2f50e954626ba3801af0368cf82','cb57b32b50ad4cc3bdecf80e5d44bfc1','c48385b3a1ae48c1a09092e049157408','2/1',0,'shiyukun','2018-06-15 17:44:37',NULL,NULL,NULL),('a7dddff820a84e8495199907c886f6de','81a1fdcba08f45a38afc446a3abf3c89','cb57b32b50ad4cc3bdecf80e5d44bfc1','83435fdf39714481bed87d143d6725b7','244',0,'shiyukun','2018-05-15 08:48:12',NULL,NULL,NULL),('a8ebd14d19c2491ab884e99615670cf6','58a17b5c6ec24c56b199304d35028e6c','cb57b32b50ad4cc3bdecf80e5d44bfc1','ea4da0cc576446859ca4fc836f3e016a','629.5',0,'shiyukun','2018-06-15 09:47:54',NULL,NULL,NULL),('a907d75fcc9241c19e51baba325cf2b7','f06e3b1a252d487f94fe11acf2626987','52e584578c9245a89183c319d3dd9a4f','2be26000db8c4be6875491f8a2cf9fa2','12*1+33*10',0,'shiyukun','2018-06-15 17:55:33',NULL,NULL,NULL),('a9813c19cc4d496ea6ac25ebe52f8e63','fbf69f5ff4fe4e848d2d9547103023bc','cb57b32b50ad4cc3bdecf80e5d44bfc1','1d900cd781294cb1bf30e68654bfd33f','40',0,'shiyukun','2018-06-15 10:33:22',NULL,NULL,NULL),('a9f81446690e45cc8ece21dbccdc25da','aa5da46e9f9e4133bbbbc1b4f37bde21','34fc642bc0ce49d7b6041643cee49bd9','8388b8424321418dbeecb0b3c7ecf9e1','380',0,'shiyukun','2018-05-25 13:16:15',NULL,NULL,NULL),('aa156c8b25984d24a9ba7e0b804c5261','3b98b673f89a4a6587a5246ca6adbec5','52e584578c9245a89183c319d3dd9a4f','466e9278d6de4ab48d6d52de902b661a','60000米',0,'shiyukun','2018-06-15 09:55:51',NULL,NULL,NULL),('aa400cf2df1c4fb0941da963d290694e','d995bb56d8024ad4bbe22adf646beb48','d3c173adabf348bea1c2f64dd3af005b','7e19e9c3303b48e3a440a5f9b34082ff','CGG4114B',0,'shiyukun','2018-06-06 16:28:19',NULL,NULL,NULL),('aa514e6222e8411a87119f3ff2d601b7','3cd6c0e0219f464683cd19fb14d62d7c','52e584578c9245a89183c319d3dd9a4f','8ec01946657149e5813302f956152a55','400',0,'shiyukun','2018-06-05 14:29:03',NULL,NULL,NULL),('aaadaf54241d4810bd8b9f9455042295','eed8e8794b5242f982e256ef3c8efdd1','cb57b32b50ad4cc3bdecf80e5d44bfc1','c6574b65ca254f6c907a6495a702d9bb','75D',0,'shiyukun','2018-06-14 16:40:24',NULL,NULL,NULL),('aaeef213c2564ee0bcd79cf0740091ed','f391b2f50e954626ba3801af0368cf82','cb57b32b50ad4cc3bdecf80e5d44bfc1','895c03d74db94e29ae25c20506daeb01','11.30',0,'shiyukun','2018-06-15 17:44:37',NULL,NULL,NULL),('ab17e59f0ead4c53acfacfdec550cdcd','eed8e8794b5242f982e256ef3c8efdd1','cb57b32b50ad4cc3bdecf80e5d44bfc1','fee4d17eab2f4017bb1d35c8c9972876','94.5',0,'shiyukun','2018-06-14 16:40:24',NULL,NULL,NULL),('ab2ce1d44b964392bb10e936c59817f9','00d05e6cbc0d4a50ad3d091a0b7e237b','34fc642bc0ce49d7b6041643cee49bd9','8388b8424321418dbeecb0b3c7ecf9e1','380',0,'shiyukun','2018-06-04 15:32:38',NULL,NULL,NULL),('ab419c6ba2e2451c9acc313f411da36d','fbe8f00dd0c5470c95fbd868b92591f8','52e584578c9245a89183c319d3dd9a4f','25f1ec89fe894447a89f064cb0ea4024','95',0,'shiyukun','2018-07-19 09:43:37',NULL,NULL,NULL),('ac35d8c6c2db4d51a01e1066afcf42cd','7195c55372874ff2ac53a7292204d89f','cb57b32b50ad4cc3bdecf80e5d44bfc1','fcc04f2e038342a4bcaacf9b8b99cc17','40',0,'shiyukun','2018-07-18 16:03:22',NULL,NULL,NULL),('ac63dc2276064f8cbc3e748ddc31c22c','fbf69f5ff4fe4e848d2d9547103023bc','cb57b32b50ad4cc3bdecf80e5d44bfc1','b2396b5272ad495b9741dbe68a6cdd8a','60',0,'shiyukun','2018-06-15 10:33:22',NULL,NULL,NULL),('acce2dec3043473eb2db9cf49931b0ee','eed8e8794b5242f982e256ef3c8efdd1','cb57b32b50ad4cc3bdecf80e5d44bfc1','83435fdf39714481bed87d143d6725b7','236',0,'shiyukun','2018-06-14 16:40:24',NULL,NULL,NULL),('acfa4e3fe2f0452587d4336d64cd8b66','b0e7ba778ccb4e53839a63181be91eca','52e584578c9245a89183c319d3dd9a4f','9ed1dfdaa7524baaac7141931d390a51','166.5',0,'shiyukun','2018-06-15 20:15:09',NULL,NULL,NULL),('ad730e21dc4345efbf01cbeee93bca24','748a20417f2c4b0495faf6ff845fba25','e84736fcb9e6470284ee1d1a3b3af294','47ff8b6106c5412aae51edf4aedc6bef','2.562',0,'shiyukun','2018-06-14 16:42:38',NULL,NULL,NULL),('adc58c746d4a4c688d6b36503a1480ab','eed8e8794b5242f982e256ef3c8efdd1','cb57b32b50ad4cc3bdecf80e5d44bfc1','11b0fc912f574af286a2b0fda5f1e689','4',0,'shiyukun','2018-06-14 16:40:24',NULL,NULL,NULL),('ae35ea2960604b43a9c124bbc7a6de81','d78bc1526a3e41c68f0cbc71c8b26aea','e84736fcb9e6470284ee1d1a3b3af294','3e2fc94e1c3a4878b0cf4ffa9e10977e','0.883',0,'shiyukun','2018-06-04 14:55:52',NULL,NULL,NULL),('af7dee06412a401d8468f326285389e1','aa5da46e9f9e4133bbbbc1b4f37bde21','34fc642bc0ce49d7b6041643cee49bd9','5787b64362254eccae15812a9c9b9682','126',0,'shiyukun','2018-05-25 13:16:15',NULL,NULL,NULL),('afb764c724534f8f80e0cc7eeba86e46','981b99fe3efa43779d053ff1fc86e6be','e84736fcb9e6470284ee1d1a3b3af294','545a48869a0e493f96d9076bc649c012','S',0,'shiyukun','2018-06-15 17:46:29',NULL,NULL,NULL),('b01f5fb4bc2849bfb14749685284f462','974c18251ef9423a8e7afb70ed628943','e84736fcb9e6470284ee1d1a3b3af294','3e2fc94e1c3a4878b0cf4ffa9e10977e','0.883',0,'shiyukun','2018-05-24 16:06:38',NULL,NULL,NULL),('b0764a81e1db4e8fbde146fc6d847d2c','dd1988426cd646318230243577b3d921','cb57b32b50ad4cc3bdecf80e5d44bfc1','a2496429cdc54510b85cb31864f815e7','12',0,'shiyukun','2018-06-13 15:33:02',NULL,NULL,NULL),('b19bfabe1fc840b5ae799a22b8a56676','58a17b5c6ec24c56b199304d35028e6c','cb57b32b50ad4cc3bdecf80e5d44bfc1','83435fdf39714481bed87d143d6725b7','287',0,'shiyukun','2018-06-15 09:47:54',NULL,NULL,NULL),('b20fc8531dbe424388503ecc94504427','57b8ca5e1dd54a97aae3baa1f2a31fdd','d91e0c2656624a4e8b023c0860044c6f','719a46e2c2684cde92445fd4c0bad0d6','15.837',0,'shiyukun','2018-06-14 16:41:13',NULL,NULL,NULL),('b254c578866d415083d2aeb14093d3dc','6c39e2e30387439fa8fc6085abeb5c6e','cb57b32b50ad4cc3bdecf80e5d44bfc1','2827641ac606498fad694d05829981d0','14.6',0,'shiyukun','2018-07-23 16:14:13',NULL,NULL,NULL),('b27c71e46bb5415795d9aa60bb8cc065','b0e7ba778ccb4e53839a63181be91eca','52e584578c9245a89183c319d3dd9a4f','31fe9dc3a79241e497e9f9a4431742d2','663',0,'shiyukun','2018-06-15 20:15:09',NULL,NULL,NULL),('b28c20a2fff94d33a5eb4ab4f02c07ec','b0e7ba778ccb4e53839a63181be91eca','52e584578c9245a89183c319d3dd9a4f','72fb588a664e4d158c71c274bba056a9','C/T府绸浆',0,'shiyukun','2018-06-15 20:15:09',NULL,NULL,NULL),('b2a850de159440da852b25ff2f0eec40','dd1988426cd646318230243577b3d921','cb57b32b50ad4cc3bdecf80e5d44bfc1','fee4d17eab2f4017bb1d35c8c9972876','63.5',0,'shiyukun','2018-06-13 15:33:02',NULL,NULL,NULL),('b302a52ab6184348943d7d1680436873','1c467c4322d34d108ce67981f8c0da79','d3c173adabf348bea1c2f64dd3af005b','7e19e9c3303b48e3a440a5f9b34082ff','CGG114B',0,'shiyukun','2018-06-15 10:16:41',NULL,NULL,NULL),('b3274e16346f43ac91d85c50bf55c82b','1c467c4322d34d108ce67981f8c0da79','d3c173adabf348bea1c2f64dd3af005b','256fcad7d175463fae74d37503ec1898','672*15',0,'shiyukun','2018-06-15 10:16:41',NULL,NULL,NULL),('b37bf45cc18f4e008157dbe00b9302d0','7195c55372874ff2ac53a7292204d89f','cb57b32b50ad4cc3bdecf80e5d44bfc1','6f98bef973364f1aa9e65c3376a1ff74','46.8',0,'shiyukun','2018-07-18 16:03:22',NULL,NULL,NULL),('b3b3973b6bd74d6abc5b25d14b89f865','244c1f9a88724e629be73af0ae14f776','34fc642bc0ce49d7b6041643cee49bd9','5787b64362254eccae15812a9c9b9682','67.4',0,'shiyukun','2018-06-15 20:16:11',NULL,NULL,NULL),('b407308567c1422398ba01e04497ff6d','fbf69f5ff4fe4e848d2d9547103023bc','cb57b32b50ad4cc3bdecf80e5d44bfc1','9ecee87ac361486882411f9081dedf1e','36.58',0,'shiyukun','2018-06-15 10:33:22',NULL,NULL,NULL),('b486a0afdbef4e16896a6455fc5a317d','81a1fdcba08f45a38afc446a3abf3c89','cb57b32b50ad4cc3bdecf80e5d44bfc1','fee4d17eab2f4017bb1d35c8c9972876','85.1',0,'shiyukun','2018-05-15 08:48:12',NULL,NULL,NULL),('b521bbb082db46678bb67357de15840d','7626d27bd9ab4b37927b6bd1329e7e5a','cb57b32b50ad4cc3bdecf80e5d44bfc1','e1e5f571f73e4b7c91699174cead1f49','40/2',0,'shiyukun','2018-05-24 16:04:19',NULL,NULL,NULL),('b525a2be39a44b29b4749d1ec0f18314','81a1fdcba08f45a38afc446a3abf3c89','cb57b32b50ad4cc3bdecf80e5d44bfc1','b2396b5272ad495b9741dbe68a6cdd8a','30',0,'shiyukun','2018-05-15 08:48:12',NULL,NULL,NULL),('b54a2fbbacc0406baf8d9383622c4e49','e63faf9fdf904bfd801d97cec7c73656','cb57b32b50ad4cc3bdecf80e5d44bfc1','c6574b65ca254f6c907a6495a702d9bb','75D',0,'shiyukun','2018-06-05 14:21:32',NULL,NULL,NULL),('b60df61ebcbd4afba69d8d0b4cdd4ca2','b0e7ba778ccb4e53839a63181be91eca','52e584578c9245a89183c319d3dd9a4f','f5edc4a998684a6dab5d62cb0321056f','300',0,'shiyukun','2018-06-15 20:15:09',NULL,NULL,NULL),('b69788ba0a0f41f2aad856275ed0622b','e95566b5596f4ac7971a020efb2d63a7','cb57b32b50ad4cc3bdecf80e5d44bfc1','895c03d74db94e29ae25c20506daeb01','8.56',0,'shiyukun','2018-06-06 13:46:59',NULL,NULL,NULL),('b70ddd15bff144e3996321fbf95f88fb','3b98b673f89a4a6587a5246ca6adbec5','52e584578c9245a89183c319d3dd9a4f','a5d2d6a8e4f542eea3606d28dc2adad3','HS40',0,'shiyukun','2018-06-15 09:55:51',NULL,NULL,NULL),('b775d62b752746e4a131dff6dbf99058','e95566b5596f4ac7971a020efb2d63a7','cb57b32b50ad4cc3bdecf80e5d44bfc1','fcc04f2e038342a4bcaacf9b8b99cc17','40',0,'shiyukun','2018-06-06 13:46:59',NULL,NULL,NULL),('b788d7d304484042a78df9f5c33bc35b','9cc013a7f6474693aaeb04abe1638003','e84736fcb9e6470284ee1d1a3b3af294','5283f0462bcd42d0992ca1e74598f33c','C100',0,'shiyukun','2018-05-15 08:50:31',NULL,NULL,NULL),('b86ee6186d974e6e9d6361349403cd58','7a54c4a59050447e99618b2cd47f125f','52e584578c9245a89183c319d3dd9a4f','2be26000db8c4be6875491f8a2cf9fa2','12*1+36*9',0,'shiyukun','2018-06-15 09:41:01',NULL,NULL,NULL),('b88dc8a26875484aaa137eea25f69ef1','d995bb56d8024ad4bbe22adf646beb48','d3c173adabf348bea1c2f64dd3af005b','256fcad7d175463fae74d37503ec1898','729*13+730*1',0,'shiyukun','2018-06-06 16:28:19',NULL,NULL,NULL),('b892b22a6a1b404aa2808f7f8cf598f5','d78bc1526a3e41c68f0cbc71c8b26aea','e84736fcb9e6470284ee1d1a3b3af294','545a48869a0e493f96d9076bc649c012','Z',0,'shiyukun','2018-06-04 14:55:52',NULL,NULL,NULL),('b8c0c799c987488fb41e0dd31f0079a5','4c2b0b307f374216b66c994286072cee','cb57b32b50ad4cc3bdecf80e5d44bfc1','9ecee87ac361486882411f9081dedf1e','36.58',0,'shiyukun','2018-07-18 16:03:22',NULL,NULL,NULL),('b90fb683f36848069ac4e746c021699b','981b99fe3efa43779d053ff1fc86e6be','e84736fcb9e6470284ee1d1a3b3af294','3e2fc94e1c3a4878b0cf4ffa9e10977e','3.476',0,'shiyukun','2018-06-15 17:46:29',NULL,NULL,NULL),('b98f467172284795b79f6bd4c75b1ad2','b0e7ba778ccb4e53839a63181be91eca','52e584578c9245a89183c319d3dd9a4f','ae9c7fe819074e0eb1967918e7679e9f','40.3',0,'shiyukun','2018-06-15 20:15:09',NULL,NULL,NULL),('baa6b211add346408a5455a3fc32ccd6','421ee39d306b4098b554e20864e90752','52e584578c9245a89183c319d3dd9a4f','72fb588a664e4d158c71c274bba056a9','C/T府绸-2',0,'shiyukun','2018-05-15 13:50:03','shiyukun','2018-05-15 13:52:56',NULL),('baec7ebbbc49459fb34d65a9ee219d8c','d8918404e14943229c6ec4d075a9ed32','52e584578c9245a89183c319d3dd9a4f','ae9c7fe819074e0eb1967918e7679e9f','38.9',0,'shiyukun','2018-05-28 15:15:33',NULL,NULL,NULL),('bb072056e415420395a9876550bb55b0','0fc6844070f542ada961df96698df0b5','d91e0c2656624a4e8b023c0860044c6f','1ad7f3f92946465abb1582598613c006','21.158',0,'shiyukun','2018-07-23 16:14:48',NULL,NULL,NULL),('bb0e67eba1f74cbc98e9b433f0def510','3153e5995ddd4fddb0c7089206e7f0be','34fc642bc0ce49d7b6041643cee49bd9','8388b8424321418dbeecb0b3c7ecf9e1','500',0,'shiyukun','2018-06-05 14:31:00',NULL,NULL,NULL),('bb3dbd6537fc4ee590e607094604e4e3','3c972e8925a24e06b4f7ffcbb428f834','34fc642bc0ce49d7b6041643cee49bd9','5787b64362254eccae15812a9c9b9682','59.5',0,'shiyukun','2018-05-15 13:54:30','shiyukun','2018-05-15 13:57:07',NULL),('bbb8f8d795c64543b97c882e28df55d0','7a54c4a59050447e99618b2cd47f125f','52e584578c9245a89183c319d3dd9a4f','a5d2d6a8e4f542eea3606d28dc2adad3','HS40',0,'shiyukun','2018-06-15 09:41:01',NULL,NULL,NULL),('bbf2d1bfd7494b6e981d83aa5f0026a3','d8918404e14943229c6ec4d075a9ed32','52e584578c9245a89183c319d3dd9a4f','0e61edaa64bb4caaaa9a1e90b7d4cee5','12',0,'shiyukun','2018-05-28 15:15:33',NULL,NULL,NULL),('bc77bffb88f74782b4d8a3565cc6e287','7626d27bd9ab4b37927b6bd1329e7e5a','cb57b32b50ad4cc3bdecf80e5d44bfc1','83435fdf39714481bed87d143d6725b7','472',0,'shiyukun','2018-05-24 16:04:19',NULL,NULL,NULL),('bc9d6c5f4e904584adf03a29a754a8dc','f06e3b1a252d487f94fe11acf2626987','52e584578c9245a89183c319d3dd9a4f','f844fd943d374a9a8286002ed6874bcd','400',0,'shiyukun','2018-06-15 17:55:33',NULL,NULL,NULL),('bce8a838f7a54b649c6976e0862bacf9','046e5bcccb4a4523b0a4466fe954ea51','a7957baf33c64767b9ad931c009e37fb','431290ba3314438caa178f1536ef4b89','T/JC（19.6+19.6）/29.4+++519.5/244+++165cm+双经布（双幅）',0,'shiyukun','2018-05-15 08:43:36',NULL,NULL,NULL),('bd1f004421ce481a9f90f0db1459e3d0','3cd6c0e0219f464683cd19fb14d62d7c','52e584578c9245a89183c319d3dd9a4f','25f1ec89fe894447a89f064cb0ea4024','95',0,'shiyukun','2018-06-05 14:29:03',NULL,NULL,NULL),('bd6cc9a40c19455491f0e8e23c0f9907','7a54c4a59050447e99618b2cd47f125f','52e584578c9245a89183c319d3dd9a4f','72fb588a664e4d158c71c274bba056a9','C/T府绸浆',0,'shiyukun','2018-06-15 09:41:01',NULL,NULL,NULL),('bde99628db9143c0a4c2f47e04e15ebd','eed8e8794b5242f982e256ef3c8efdd1','cb57b32b50ad4cc3bdecf80e5d44bfc1','2827641ac606498fad694d05829981d0','36.6',0,'shiyukun','2018-06-14 16:40:24',NULL,NULL,NULL),('bdfb0833d34c47428714f385e9253696','7195c55372874ff2ac53a7292204d89f','cb57b32b50ad4cc3bdecf80e5d44bfc1','895c03d74db94e29ae25c20506daeb01','11.76',0,'shiyukun','2018-07-18 16:03:22',NULL,NULL,NULL),('be39f8cc847348c7adbee1a7ea40dfd3','58a17b5c6ec24c56b199304d35028e6c','cb57b32b50ad4cc3bdecf80e5d44bfc1','a9822ae9b1e643b990f551e9e2cdc382','2.51',0,'shiyukun','2018-06-15 09:47:54',NULL,NULL,NULL),('be82eeeb2f4e4f3fa5820edfddc787f5','9084f078c1444fdca3c2fe0669a76421','a7957baf33c64767b9ad931c009e37fb','22d9411d14284d58bfbac76a008ec73b','(CVC50/50)+40*40+143*(48+48)+128\"平纹',0,'shiyukun','2018-06-05 14:19:03',NULL,NULL,NULL),('bfb47996bf574b18af8c06be649c679d','3c972e8925a24e06b4f7ffcbb428f834','34fc642bc0ce49d7b6041643cee49bd9','a03f4f92af864b4f816c0d11c3cf264d','PLUS-340',0,'shiyukun','2018-05-15 13:54:30','shiyukun','2018-05-15 13:57:07',NULL),('c0499dc69d4340cf88310c290e4ec91d','421ee39d306b4098b554e20864e90752','52e584578c9245a89183c319d3dd9a4f','9ed1dfdaa7524baaac7141931d390a51','159.5',0,'shiyukun','2018-05-15 13:52:03','shiyukun','2018-05-15 13:52:56',NULL),('c116a05031dc41538ea4a3e44847ca2a','d8918404e14943229c6ec4d075a9ed32','52e584578c9245a89183c319d3dd9a4f','8ec01946657149e5813302f956152a55','400',0,'shiyukun','2018-05-28 15:15:33',NULL,NULL,NULL),('c12814ad6b3f402eb910d72968bd784a','5d92fc35a6e7414e9b548ad104b8bcd0','e84736fcb9e6470284ee1d1a3b3af294','3e2fc94e1c3a4878b0cf4ffa9e10977e','2.691',0,'shiyukun','2018-06-15 09:50:43',NULL,NULL,NULL),('c16a04f6b9a14a19916b7da94d08ccaf','dbd272b5921542869b5d24046871f3f5','cb57b32b50ad4cc3bdecf80e5d44bfc1','ea4da0cc576446859ca4fc836f3e016a','681',0,'shiyukun','2018-06-04 14:48:03',NULL,NULL,NULL),('c16ad6ddd49047a2b29780b4f0390964','b0b296c7122c4164a4d82bc725246d78','a7957baf33c64767b9ad931c009e37fb','22d9411d14284d58bfbac76a008ec73b','LF60*LF60+++173*156+++118\"XY60245',0,'shiyukun','2018-06-06 13:43:41',NULL,NULL,NULL),('c1d6d47c857541c0aa2e9ce32b8e5e8b','e3c49e4910324b1a981303c64b76e1ab','a7957baf33c64767b9ad931c009e37fb','22d9411d14284d58bfbac76a008ec73b','CVC32/2*32/2100*53+63\"碳黑网1.0*1.0CS18-4',0,'shiyukun','2018-06-15 17:48:55',NULL,NULL,NULL),('c1fb25419c004db8a1fdec5a61c43b67','17cc8f8d5793463399ce6e2fe72dd359','d91e0c2656624a4e8b023c0860044c6f','1ad7f3f92946465abb1582598613c006','24.699',0,'shiyukun','2018-06-15 09:49:00',NULL,NULL,NULL),('c27298e9d4ac40919d78af42bfeb26ec','dd1988426cd646318230243577b3d921','cb57b32b50ad4cc3bdecf80e5d44bfc1','11b0fc912f574af286a2b0fda5f1e689','4',0,'shiyukun','2018-06-13 15:33:02',NULL,NULL,NULL),('c2a6e88d59e44ef4b62789048f02272c','3cd6c0e0219f464683cd19fb14d62d7c','52e584578c9245a89183c319d3dd9a4f','f844fd943d374a9a8286002ed6874bcd','400',0,'shiyukun','2018-06-05 14:29:03',NULL,NULL,NULL),('c2e1daab9895467d98066fe5e6aa263e','9cc013a7f6474693aaeb04abe1638003','e84736fcb9e6470284ee1d1a3b3af294','47ff8b6106c5412aae51edf4aedc6bef','1.899',0,'shiyukun','2018-05-15 08:50:31',NULL,NULL,NULL),('c3117cb50ecf42f2adf4cf0b5b44eeb6','9766b70c54934cd5bcd91b1afcdb7cb4','52e584578c9245a89183c319d3dd9a4f','0e118811cfc043fa8408e8ec6be6a319','1',0,'shiyukun','2018-06-04 15:30:47',NULL,NULL,NULL),('c34e3598453a43a9ae1fa5d313a0eb0d','5d92fc35a6e7414e9b548ad104b8bcd0','e84736fcb9e6470284ee1d1a3b3af294','47ff8b6106c5412aae51edf4aedc6bef','2.691',0,'shiyukun','2018-06-15 09:50:43',NULL,NULL,NULL),('c377ca30132f4209b305cdd63245f3fc','d78bc1526a3e41c68f0cbc71c8b26aea','e84736fcb9e6470284ee1d1a3b3af294','811420b08ee8425a9c94251d501bba15','Z',0,'shiyukun','2018-06-04 14:55:52',NULL,NULL,NULL),('c432c30fd7f34b7c9f67491f85628c39','cf9fcb78effa489b8a35b8208c4a42dc','cb57b32b50ad4cc3bdecf80e5d44bfc1','be06d540c847400da42cce6f71da7bcb','2/2',0,'shiyukun','2018-05-28 14:28:15',NULL,NULL,NULL),('c474d4b4532446b6a2ea3747ca32e5d3','eed8e8794b5242f982e256ef3c8efdd1','cb57b32b50ad4cc3bdecf80e5d44bfc1','a059c58ef17d4cce9bc6b565758edfc8','112',0,'shiyukun','2018-06-14 16:40:24',NULL,NULL,NULL),('c4da793ad53645ee90a768c9faa096af','748a20417f2c4b0495faf6ff845fba25','e84736fcb9e6470284ee1d1a3b3af294','3e2fc94e1c3a4878b0cf4ffa9e10977e','3.355',0,'shiyukun','2018-06-14 16:42:38',NULL,NULL,NULL),('c4e0cab0e23f439bae65421bdefaff2b','981b99fe3efa43779d053ff1fc86e6be','e84736fcb9e6470284ee1d1a3b3af294','811420b08ee8425a9c94251d501bba15','S',0,'shiyukun','2018-06-15 17:46:29',NULL,NULL,NULL),('c50f25d4eb874d7382c30aee22d39bfc','a445db01f8ea4e3e96f8326d640533d5','52e584578c9245a89183c319d3dd9a4f','0e61edaa64bb4caaaa9a1e90b7d4cee5','12',0,'shiyukun','2018-05-25 13:13:11',NULL,NULL,NULL),('c68167a2c5344421be136ca6ab4b2f35','4e580ac9c0fb447f9da7d6384d6e415a','52e584578c9245a89183c319d3dd9a4f','9ed1dfdaa7524baaac7141931d390a51','149.5',0,'shiyukun','2018-07-23 16:19:00',NULL,NULL,NULL),('c68224e43da54f9b9dae33f642b9b3e8','2f0aaa6fe9574ceb8401c644a9f9940c','e84736fcb9e6470284ee1d1a3b3af294','cd686df0c4644d46b9245ff7e963345d','C50/T50',0,'shiyukun','2018-06-05 14:23:36',NULL,NULL,NULL),('c68cb44626b547e38e11e7f246e8c445','39e70f076a1f406a9d9dc52cb50ba7b6','e84736fcb9e6470284ee1d1a3b3af294','47ff8b6106c5412aae51edf4aedc6bef','0.894',0,'shiyukun','2018-06-15 10:36:00',NULL,NULL,NULL),('c715300b68dc45cb9ef5b14113cf5bc1','fbf69f5ff4fe4e848d2d9547103023bc','cb57b32b50ad4cc3bdecf80e5d44bfc1','a059c58ef17d4cce9bc6b565758edfc8','160',0,'shiyukun','2018-06-15 10:33:22',NULL,NULL,NULL),('c7d22ee9d4ca4008acabdbc72f67b03b','9766b70c54934cd5bcd91b1afcdb7cb4','52e584578c9245a89183c319d3dd9a4f','f5edc4a998684a6dab5d62cb0321056f','300',0,'shiyukun','2018-06-04 15:30:47',NULL,NULL,NULL),('c7dc830bb4764dda845689ddc56f4fac','8b988ef232174caabd6cce36afdc98b4','d91e0c2656624a4e8b023c0860044c6f','719a46e2c2684cde92445fd4c0bad0d6','19.611',0,'shiyukun','2018-06-06 13:48:25',NULL,NULL,NULL),('c81130072a7248478b1dc388219c23b5','8925fa0a9fe542329cf864a14af19dca','a7957baf33c64767b9ad931c009e37fb','22d9411d14284d58bfbac76a008ec73b','J60*40+173*80+106\"+菱形',0,'shiyukun','2018-06-15 10:23:24',NULL,NULL,NULL),('c83be64b6ae8464a8ae36bc5d637920c','d29a2a47f6f34d2aaeded3c01535875f','52e584578c9245a89183c319d3dd9a4f','9ed1dfdaa7524baaac7141931d390a51','149.5',0,'shiyukun','2018-06-06 16:31:10',NULL,NULL,NULL),('c85dd766f2fa487d870f6d4718c4e19d','3d09570ef3b545d196828cafcadf6f77','34fc642bc0ce49d7b6041643cee49bd9','5787b64362254eccae15812a9c9b9682','116',0,'shiyukun','2018-05-28 15:18:21',NULL,NULL,NULL),('c87b2e91d06d4a95aee871975f5ed68e','b0e7ba778ccb4e53839a63181be91eca','52e584578c9245a89183c319d3dd9a4f','0e118811cfc043fa8408e8ec6be6a319','1',0,'shiyukun','2018-06-15 20:15:09',NULL,NULL,NULL),('c89af857d56c4f6abd3c007cad4f2af9','e95566b5596f4ac7971a020efb2d63a7','cb57b32b50ad4cc3bdecf80e5d44bfc1','c6574b65ca254f6c907a6495a702d9bb','75D',0,'shiyukun','2018-06-06 13:46:59',NULL,NULL,NULL),('c8a0717642564839a93054d1e9102844','4e580ac9c0fb447f9da7d6384d6e415a','52e584578c9245a89183c319d3dd9a4f','72fb588a664e4d158c71c274bba056a9','60浆',0,'shiyukun','2018-07-23 16:19:00',NULL,NULL,NULL),('c9182e747b1f47618647b91235a7c409','e63faf9fdf904bfd801d97cec7c73656','cb57b32b50ad4cc3bdecf80e5d44bfc1','ea4da0cc576446859ca4fc836f3e016a','563',0,'shiyukun','2018-06-05 14:21:32',NULL,NULL,NULL),('ca484d2605e545d0a731a5996de9fb7c','53d7ef43fbd54118a5f2f1e552f88185','d3c173adabf348bea1c2f64dd3af005b','7e19e9c3303b48e3a440a5f9b34082ff','CGGA114B',0,'shiyukun','2018-05-28 15:12:11',NULL,NULL,NULL),('ca6182b8b569470bb7df48a80337a27c','58a17b5c6ec24c56b199304d35028e6c','cb57b32b50ad4cc3bdecf80e5d44bfc1','fcc04f2e038342a4bcaacf9b8b99cc17','40',0,'shiyukun','2018-06-15 09:47:54',NULL,NULL,NULL),('cac9d75fcd76454bb5fc54cdf88577cf','795ee292bb0f4589bf011919c830a042','e84736fcb9e6470284ee1d1a3b3af294','cd686df0c4644d46b9245ff7e963345d','T/C65/35',0,'shiyukun','2018-06-13 15:35:34',NULL,NULL,NULL),('cace081f2c5e4b1a8fc34b88777d29f4','323c457d8fb642df9e534e0a6a8d1d14','d3c173adabf348bea1c2f64dd3af005b','256fcad7d175463fae74d37503ec1898','653*10+654*4',0,'shiyukun','2018-06-05 14:26:11',NULL,NULL,NULL),('cb6c5ca2487e4e14be021afed2c59d5b','aadcb68c1e31489aaf6ee7412c3c30c3','d3c173adabf348bea1c2f64dd3af005b','fa965fb04a144625a56a3c45d4885e2b','4',0,'shiyukun','2018-07-19 09:40:11',NULL,NULL,NULL),('cc444fc867cd408d8b2e1fbedfa8fdf5','9766b70c54934cd5bcd91b1afcdb7cb4','52e584578c9245a89183c319d3dd9a4f','9ed1dfdaa7524baaac7141931d390a51','149.5',0,'shiyukun','2018-06-04 15:30:47',NULL,NULL,NULL),('cc90c87f34cf41ea8790495f1bbf1c6f','3b98b673f89a4a6587a5246ca6adbec5','52e584578c9245a89183c319d3dd9a4f','9ed1dfdaa7524baaac7141931d390a51','160',0,'shiyukun','2018-06-15 09:55:51',NULL,NULL,NULL),('cc9e2e154fd140099e4e4d204a3d04df','d2711374b3ba484288cf27dcdc08e6f7','d3c173adabf348bea1c2f64dd3af005b','7e19e9c3303b48e3a440a5f9b34082ff','CGGA114B',0,'shiyukun','2018-06-14 08:03:44',NULL,NULL,NULL),('ccd05701d7034684a622496343a51082','244c1f9a88724e629be73af0ae14f776','34fc642bc0ce49d7b6041643cee49bd9','a03f4f92af864b4f816c0d11c3cf264d','PLUS-190',0,'shiyukun','2018-06-15 20:16:11',NULL,NULL,NULL),('ce136f08da6e4cd1b3439cfb2fe63dd0','421ee39d306b4098b554e20864e90752','52e584578c9245a89183c319d3dd9a4f','ae9c7fe819074e0eb1967918e7679e9f','43',0,'shiyukun','2018-05-15 13:50:03','shiyukun','2018-05-15 13:52:56',NULL),('ce6ee5455d8b4a3eba6916458a884b4f','e619ce1f61504cc7b4003b2938ee744b','e84736fcb9e6470284ee1d1a3b3af294','545a48869a0e493f96d9076bc649c012','Z',0,'shiyukun','2018-05-28 14:32:09',NULL,NULL,NULL),('ce722f83b6424a248029fceeced15319','e619ce1f61504cc7b4003b2938ee744b','e84736fcb9e6470284ee1d1a3b3af294','cd686df0c4644d46b9245ff7e963345d','M100',0,'shiyukun','2018-05-28 14:32:09',NULL,NULL,NULL),('ce8115b270744d76a371edbf52da61ff','6c39e2e30387439fa8fc6085abeb5c6e','cb57b32b50ad4cc3bdecf80e5d44bfc1','a9822ae9b1e643b990f551e9e2cdc382','2.74',0,'shiyukun','2018-07-23 16:14:13',NULL,NULL,NULL),('cef012f473e04b69bb68be56c2ba6613','9e404819434843a28132e2382461cc99','34fc642bc0ce49d7b6041643cee49bd9','a03f4f92af864b4f816c0d11c3cf264d','大提花PLUS-340',0,'shiyukun','2018-07-23 16:20:09',NULL,NULL,NULL),('cf1063c06475400aba137e4b5f8db954','fbe8f00dd0c5470c95fbd868b92591f8','52e584578c9245a89183c319d3dd9a4f','d088bafd53fd479ba1347826f9e076c8','9',0,'shiyukun','2018-07-19 09:43:37',NULL,NULL,NULL),('cf3f5f62d5024da58d179a8dc5659631','383566dd7af040c5986b65e85213756b','52e584578c9245a89183c319d3dd9a4f','a5d2d6a8e4f542eea3606d28dc2adad3','HS40',0,'shiyukun','2018-06-14 08:23:30',NULL,NULL,NULL),('cf5a806024fe400d86b1d6154e81dc20','f391b2f50e954626ba3801af0368cf82','cb57b32b50ad4cc3bdecf80e5d44bfc1','c6574b65ca254f6c907a6495a702d9bb','75D',0,'shiyukun','2018-06-15 17:44:37',NULL,NULL,NULL),('cfcb46d3d0bf4f059da58d0eb1a239b8','6c39e2e30387439fa8fc6085abeb5c6e','cb57b32b50ad4cc3bdecf80e5d44bfc1','fee4d17eab2f4017bb1d35c8c9972876','78.5',0,'shiyukun','2018-07-23 16:14:13',NULL,NULL,NULL),('d068080c7f75408a99112e22d758c947','cf9fcb78effa489b8a35b8208c4a42dc','cb57b32b50ad4cc3bdecf80e5d44bfc1','a2496429cdc54510b85cb31864f815e7','12',0,'shiyukun','2018-05-28 14:28:15',NULL,NULL,NULL),('d0726dc2ce4a4704ab7c2e0433632611','748a20417f2c4b0495faf6ff845fba25','e84736fcb9e6470284ee1d1a3b3af294','545a48869a0e493f96d9076bc649c012','Z',0,'shiyukun','2018-06-14 16:42:38',NULL,NULL,NULL),('d0b4d47bb53a44dcb3dc1a9bd9c5cd9b','7626d27bd9ab4b37927b6bd1329e7e5a','cb57b32b50ad4cc3bdecf80e5d44bfc1','b7759494c6ac4d44b6e6f0b35fa68674','91.4',0,'shiyukun','2018-05-24 16:04:19',NULL,NULL,NULL),('d0d351272cd84ca6858814c173cdc50f','81a1fdcba08f45a38afc446a3abf3c89','cb57b32b50ad4cc3bdecf80e5d44bfc1','1d900cd781294cb1bf30e68654bfd33f','20',0,'shiyukun','2018-05-15 08:48:12',NULL,NULL,NULL),('d0df947a3c184d94ab78b23f0fe85501','360d454310024d1daee564ec88aed4ba','d91e0c2656624a4e8b023c0860044c6f','719a46e2c2684cde92445fd4c0bad0d6','12.708',0,'shiyukun','2018-05-15 08:49:27',NULL,NULL,NULL),('d0e1700cf4374d06b576c67365ef899e','fc71da6faea84ebbb4cce8db56826c3b','d91e0c2656624a4e8b023c0860044c6f','719a46e2c2684cde92445fd4c0bad0d6','13.887',0,'shiyukun','2018-07-19 09:36:24',NULL,NULL,NULL),('d0f010959ad748bc96b6d4c584764c28','8f419aa427694839900fab24dc488fe8','d91e0c2656624a4e8b023c0860044c6f','3032771b7a314d038c6d1c7a2f1704ed','0.832',0,'shiyukun','2018-06-15 17:45:34',NULL,NULL,NULL),('d130f6e86451479d933797cc27e65fe5','e63faf9fdf904bfd801d97cec7c73656','cb57b32b50ad4cc3bdecf80e5d44bfc1','1d900cd781294cb1bf30e68654bfd33f','40',0,'shiyukun','2018-06-05 14:21:32',NULL,NULL,NULL),('d2143607c971465aaef3e97c9cf9c631','9766b70c54934cd5bcd91b1afcdb7cb4','52e584578c9245a89183c319d3dd9a4f','2be26000db8c4be6875491f8a2cf9fa2','14*1对',0,'shiyukun','2018-06-04 15:30:47',NULL,NULL,NULL),('d21ead789f6a420bbdb4dba110f43d67','ba09fa2ea62e458f859b542f6dbf2054','e84736fcb9e6470284ee1d1a3b3af294','cd686df0c4644d46b9245ff7e963345d','C100',0,'shiyukun','2018-07-23 16:15:37',NULL,NULL,NULL),('d2b44eb5591d4da4ad8b3d85c477a4a4','3cd6c0e0219f464683cd19fb14d62d7c','52e584578c9245a89183c319d3dd9a4f','31fe9dc3a79241e497e9f9a4431742d2','183',0,'shiyukun','2018-06-05 14:29:03',NULL,NULL,NULL),('d41b5eaa49af47549bac9ab3d7e958be','d78bc1526a3e41c68f0cbc71c8b26aea','e84736fcb9e6470284ee1d1a3b3af294','cd686df0c4644d46b9245ff7e963345d','LF100',0,'shiyukun','2018-06-04 14:55:52',NULL,NULL,NULL),('d45f3db74c0644748da8b06a0eba5fb0','6c39e2e30387439fa8fc6085abeb5c6e','cb57b32b50ad4cc3bdecf80e5d44bfc1','b2396b5272ad495b9741dbe68a6cdd8a','60',0,'shiyukun','2018-07-23 16:14:13',NULL,NULL,NULL),('d4bab9e2269a49dd91210df57f26b9b4','81a1fdcba08f45a38afc446a3abf3c89','cb57b32b50ad4cc3bdecf80e5d44bfc1','895c03d74db94e29ae25c20506daeb01','14.93',0,'shiyukun','2018-05-15 08:48:12',NULL,NULL,NULL),('d53d780f10084cf0907ef1cce82724ba','7626d27bd9ab4b37927b6bd1329e7e5a','cb57b32b50ad4cc3bdecf80e5d44bfc1','a059c58ef17d4cce9bc6b565758edfc8','160',0,'shiyukun','2018-05-24 16:04:19',NULL,NULL,NULL),('d547dcc1a4c24754950d040a2681a892','f06e3b1a252d487f94fe11acf2626987','52e584578c9245a89183c319d3dd9a4f','8ec01946657149e5813302f956152a55','400',0,'shiyukun','2018-06-15 17:55:33',NULL,NULL,NULL),('d56970148311418799cd7e5d282e5899','7195c55372874ff2ac53a7292204d89f','cb57b32b50ad4cc3bdecf80e5d44bfc1','2827641ac606498fad694d05829981d0','18.3*2',0,'shiyukun','2018-07-18 16:03:22',NULL,NULL,NULL),('d63bdd88763c4332b05c52e322b6108f','c2fbf8bd504e44658c2b6560fd34ef0f','e84736fcb9e6470284ee1d1a3b3af294','47ff8b6106c5412aae51edf4aedc6bef','0.894',0,'shiyukun','2018-06-15 10:40:33',NULL,NULL,NULL),('d658b16186ec4168ad73d9429bb23435','32acd47e809c4fa2bd9b1dc8eb2ae0ad','d3c173adabf348bea1c2f64dd3af005b','256fcad7d175463fae74d37503ec1898','729*13+730*1',0,'shiyukun','2018-07-23 16:16:52',NULL,NULL,NULL),('d65f032113274f2a986d64be575d1a85','7626d27bd9ab4b37927b6bd1329e7e5a','cb57b32b50ad4cc3bdecf80e5d44bfc1','6f98bef973364f1aa9e65c3376a1ff74','59.2',0,'shiyukun','2018-05-24 16:04:19',NULL,NULL,NULL),('d70952ca168844408208aa9b526a6894','aadcb68c1e31489aaf6ee7412c3c30c3','d3c173adabf348bea1c2f64dd3af005b','7e19e9c3303b48e3a440a5f9b34082ff','HS40',0,'shiyukun','2018-07-19 09:40:11',NULL,NULL,NULL),('d725905108f846aca8b9be88d747d342','58a17b5c6ec24c56b199304d35028e6c','cb57b32b50ad4cc3bdecf80e5d44bfc1','2827641ac606498fad694d05829981d0','21',0,'shiyukun','2018-06-15 09:47:54',NULL,NULL,NULL),('d74de042e2f84e8ba3c94c0fe96d1749','e95566b5596f4ac7971a020efb2d63a7','cb57b32b50ad4cc3bdecf80e5d44bfc1','2c95e0ab4d55494c8606172907cb15b2','20414',0,'shiyukun','2018-06-06 13:46:59',NULL,NULL,NULL),('d77f28e3952242d09ba9a246231973a1','974c18251ef9423a8e7afb70ed628943','e84736fcb9e6470284ee1d1a3b3af294','545a48869a0e493f96d9076bc649c012','Z',0,'shiyukun','2018-05-24 16:06:38',NULL,NULL,NULL),('d8d530dc45564baebf5f70d897fdddb4','cf9fcb78effa489b8a35b8208c4a42dc','cb57b32b50ad4cc3bdecf80e5d44bfc1','1d900cd781294cb1bf30e68654bfd33f','40',0,'shiyukun','2018-05-28 14:28:15',NULL,NULL,NULL),('d8ea5c6d5e804c6490fc2e4304e9ada5','cf9fcb78effa489b8a35b8208c4a42dc','cb57b32b50ad4cc3bdecf80e5d44bfc1','9ecee87ac361486882411f9081dedf1e','36.58',0,'shiyukun','2018-05-28 14:28:15',NULL,NULL,NULL),('d989d42fb52840e4add721cc82033718','3d4b3d0c8b104c7d8b0bad4e2aa8d31b','d3c173adabf348bea1c2f64dd3af005b','7e19e9c3303b48e3a440a5f9b34082ff','CGGA114B',0,'shiyukun','2018-05-25 10:41:15',NULL,NULL,NULL),('da100eb040934adca410014bf4b0fbb4','3b98b673f89a4a6587a5246ca6adbec5','52e584578c9245a89183c319d3dd9a4f','25f1ec89fe894447a89f064cb0ea4024','95',0,'shiyukun','2018-06-15 09:55:51',NULL,NULL,NULL),('da7c79d3fb044b48a1043164cd9c2aa4','4c2b0b307f374216b66c994286072cee','cb57b32b50ad4cc3bdecf80e5d44bfc1','be06d540c847400da42cce6f71da7bcb','2/1+1/2',0,'shiyukun','2018-07-18 16:03:22',NULL,NULL,NULL),('db2f931064c243248850f0c5b90ab22d','f7178b7e313d4f848602ad6945f4f321','cb57b32b50ad4cc3bdecf80e5d44bfc1','a2496429cdc54510b85cb31864f815e7','12',0,'shiyukun','2018-06-15 10:38:06',NULL,NULL,NULL),('dba0b339af7f4b0aa4a96b1def41551e','ba09fa2ea62e458f859b542f6dbf2054','e84736fcb9e6470284ee1d1a3b3af294','811420b08ee8425a9c94251d501bba15','Z',0,'shiyukun','2018-07-23 16:15:37',NULL,NULL,NULL),('dbc0d017d3d04e7196cfeb52fc99b12e','8925fa0a9fe542329cf864a14af19dca','a7957baf33c64767b9ad931c009e37fb','431290ba3314438caa178f1536ef4b89','J9.7/14.6+681/315+269cm+菱形',0,'shiyukun','2018-06-15 10:23:24',NULL,NULL,NULL),('dc1b2d4d3738462ba5eef1f92cac72bc','81a1fdcba08f45a38afc446a3abf3c89','cb57b32b50ad4cc3bdecf80e5d44bfc1','fcc04f2e038342a4bcaacf9b8b99cc17','40',0,'shiyukun','2018-05-15 08:48:12',NULL,NULL,NULL),('dc3e483e20534a548ea1f1bcc3ff9457','3d4b3d0c8b104c7d8b0bad4e2aa8d31b','d3c173adabf348bea1c2f64dd3af005b','256fcad7d175463fae74d37503ec1898','654*3+655*11',0,'shiyukun','2018-05-25 10:41:15',NULL,NULL,NULL),('dc5691dbd9be4ff9958fe4e7c73b61ba','7bc3b8b0e5f94a929b30d21bfafa9dd1','a7957baf33c64767b9ad931c009e37fb','431290ba3314438caa178f1536ef4b89','LF9.8/LF9.8+681/614+299.5cm+XC60319',0,'shiyukun','2018-06-04 14:45:21',NULL,NULL,NULL),('dccfddba43c643f6a3e795533732f1ef','e63faf9fdf904bfd801d97cec7c73656','cb57b32b50ad4cc3bdecf80e5d44bfc1','b2396b5272ad495b9741dbe68a6cdd8a','40',0,'shiyukun','2018-06-05 14:21:32',NULL,NULL,NULL),('dd0b508396794918a03a819476415b96','f06e3b1a252d487f94fe11acf2626987','52e584578c9245a89183c319d3dd9a4f','f5edc4a998684a6dab5d62cb0321056f','300',0,'shiyukun','2018-06-15 17:55:33',NULL,NULL,NULL),('ddb4737add684cb9971978a9902f682f','e63faf9fdf904bfd801d97cec7c73656','cb57b32b50ad4cc3bdecf80e5d44bfc1','11b0fc912f574af286a2b0fda5f1e689','4',0,'shiyukun','2018-06-05 14:21:32',NULL,NULL,NULL),('de244afddaf54c5888042bdf8fe98315','d29a2a47f6f34d2aaeded3c01535875f','52e584578c9245a89183c319d3dd9a4f','31fe9dc3a79241e497e9f9a4431742d2','28',0,'shiyukun','2018-06-06 16:31:10',NULL,NULL,NULL),('de2e323188fa4a44beb1775732216a8a','e63faf9fdf904bfd801d97cec7c73656','cb57b32b50ad4cc3bdecf80e5d44bfc1','9ecee87ac361486882411f9081dedf1e','36.58',0,'shiyukun','2018-06-05 14:21:32',NULL,NULL,NULL),('dec9d56a999f45deae83504fd285f702','58a17b5c6ec24c56b199304d35028e6c','cb57b32b50ad4cc3bdecf80e5d44bfc1','11b0fc912f574af286a2b0fda5f1e689','4',0,'shiyukun','2018-06-15 09:47:54',NULL,NULL,NULL),('dee3b0cfb7d9445bb02b7e22b37e34bb','0be3589340544cf28dc998f94d90402f','d3c173adabf348bea1c2f64dd3af005b','fa965fb04a144625a56a3c45d4885e2b','4',0,'shiyukun','2018-06-15 17:53:22',NULL,NULL,NULL),('df1e3875cda6475888d1ebe8a8e29771','7195c55372874ff2ac53a7292204d89f','cb57b32b50ad4cc3bdecf80e5d44bfc1','9ecee87ac361486882411f9081dedf1e','36.58',0,'shiyukun','2018-07-18 16:03:22',NULL,NULL,NULL),('df26de7728c843e6b360a9cb4ceed45b','d29a2a47f6f34d2aaeded3c01535875f','52e584578c9245a89183c319d3dd9a4f','f844fd943d374a9a8286002ed6874bcd','400',0,'shiyukun','2018-06-06 16:31:10',NULL,NULL,NULL),('df794f144f614a4cb703893991c78feb','cdfc9537be8f4dd58393df979056ecc3','d91e0c2656624a4e8b023c0860044c6f','719a46e2c2684cde92445fd4c0bad0d6','19.789',0,'shiyukun','2018-06-05 14:22:31',NULL,NULL,NULL),('df8285f2d59a45159f8fbbe5d0e0ebc7','4c2b0b307f374216b66c994286072cee','cb57b32b50ad4cc3bdecf80e5d44bfc1','fcc04f2e038342a4bcaacf9b8b99cc17','40',0,'shiyukun','2018-07-18 16:03:22',NULL,NULL,NULL),('e0469e6a0624403f83916e8c08d18920','495bc315499e498aa4141d81d68d7c79','d3c173adabf348bea1c2f64dd3af005b','256fcad7d175463fae74d37503ec1898','729*13+730*1',0,'shiyukun','2018-06-04 15:28:05',NULL,NULL,NULL),('e097edcb14b841a38ecc6aa038de245a','2d1a93429579402e90816aebb9af44eb','e84736fcb9e6470284ee1d1a3b3af294','811420b08ee8425a9c94251d501bba15','Z',0,'shiyukun','2018-06-06 13:49:31',NULL,NULL,NULL),('e0e1e169dfd54bfd8c7aed3977bdaf30','f06e3b1a252d487f94fe11acf2626987','52e584578c9245a89183c319d3dd9a4f','14e3f17b5b1646e7909ed9847f78d460','400',0,'shiyukun','2018-06-15 17:55:33',NULL,NULL,NULL),('e11c634ad5124758b32b8962a669a88e','21435d3ed391413a87d11c52ecbab7e6','d91e0c2656624a4e8b023c0860044c6f','1ad7f3f92946465abb1582598613c006','19.050',0,'shiyukun','2018-06-15 10:34:28',NULL,NULL,NULL),('e1cb6371b265438b9658ad0f6cb33e24','58a17b5c6ec24c56b199304d35028e6c','cb57b32b50ad4cc3bdecf80e5d44bfc1','98a7c9aeabe14bc6bebfa946db79799e','21',0,'shiyukun','2018-06-15 09:47:54',NULL,NULL,NULL),('e1e04f3a60cf4565bd69e521131cecb1','7626d27bd9ab4b37927b6bd1329e7e5a','cb57b32b50ad4cc3bdecf80e5d44bfc1','a9822ae9b1e643b990f551e9e2cdc382','2.74',0,'shiyukun','2018-05-24 16:04:19',NULL,NULL,NULL),('e211f918620740dbaadc6f4c5c26adbb','e95566b5596f4ac7971a020efb2d63a7','cb57b32b50ad4cc3bdecf80e5d44bfc1','be06d540c847400da42cce6f71da7bcb','2/2',0,'shiyukun','2018-06-06 13:46:59',NULL,NULL,NULL),('e243ebc5ab234ecca7bc52054f32d46d','fc71da6faea84ebbb4cce8db56826c3b','d91e0c2656624a4e8b023c0860044c6f','1ad7f3f92946465abb1582598613c006','27.005',0,'shiyukun','2018-07-19 09:36:24',NULL,NULL,NULL),('e29249cedd4b40ac8972f68652a32931','d2711374b3ba484288cf27dcdc08e6f7','d3c173adabf348bea1c2f64dd3af005b','256fcad7d175463fae74d37503ec1898','736*8',0,'shiyukun','2018-06-14 08:03:44',NULL,NULL,NULL),('e2ac1161b6864ba9a51c544de1557f81','81a1fdcba08f45a38afc446a3abf3c89','cb57b32b50ad4cc3bdecf80e5d44bfc1','a2496429cdc54510b85cb31864f815e7','8',0,'shiyukun','2018-05-15 08:48:12',NULL,NULL,NULL),('e2c08cc36b684759ac7e45d8c21c0c28','383566dd7af040c5986b65e85213756b','52e584578c9245a89183c319d3dd9a4f','d088bafd53fd479ba1347826f9e076c8','13.5',0,'shiyukun','2018-06-14 08:23:30',NULL,NULL,NULL),('e2f0f413e4fe448f850129557e85905a','f06e3b1a252d487f94fe11acf2626987','52e584578c9245a89183c319d3dd9a4f','ae9c7fe819074e0eb1967918e7679e9f','37.8',0,'shiyukun','2018-06-15 17:55:33',NULL,NULL,NULL),('e3ba07e3cbc142509610dea93f166242','3c30d500c3b94df9ba757dd840da65d3','34fc642bc0ce49d7b6041643cee49bd9','5240ac602f63450aafd7cb47404258ca','6',0,'shiyukun','2018-06-15 17:56:22',NULL,NULL,NULL),('e3bfa2dff56841bf8521a52850fae0d0','81a1fdcba08f45a38afc446a3abf3c89','cb57b32b50ad4cc3bdecf80e5d44bfc1','6f98bef973364f1aa9e65c3376a1ff74','48.1',0,'shiyukun','2018-05-15 08:48:12',NULL,NULL,NULL),('e41c8fbdb8434300ad6b4d695a8332ab','c2fbf8bd504e44658c2b6560fd34ef0f','e84736fcb9e6470284ee1d1a3b3af294','cd686df0c4644d46b9245ff7e963345d','JC100',0,'shiyukun','2018-06-15 10:40:33',NULL,NULL,NULL),('e45cb1278585483f933e8a0da88d4f30','58a17b5c6ec24c56b199304d35028e6c','cb57b32b50ad4cc3bdecf80e5d44bfc1','6f98bef973364f1aa9e65c3376a1ff74','48.7',0,'shiyukun','2018-06-15 09:47:54',NULL,NULL,NULL),('e47eb2bc3d4d4edfa3b8ce9f7af485d6','ba09fa2ea62e458f859b542f6dbf2054','e84736fcb9e6470284ee1d1a3b3af294','545a48869a0e493f96d9076bc649c012','Z',0,'shiyukun','2018-07-23 16:15:37',NULL,NULL,NULL),('e5e78aea1f2b43faaa3e50ab63640b70','4e580ac9c0fb447f9da7d6384d6e415a','52e584578c9245a89183c319d3dd9a4f','2be26000db8c4be6875491f8a2cf9fa2','45*1+54*1',0,'shiyukun','2018-07-23 16:19:00',NULL,NULL,NULL),('e657b808215f4409825db26469854736','3b98b673f89a4a6587a5246ca6adbec5','52e584578c9245a89183c319d3dd9a4f','8ec01946657149e5813302f956152a55','400',0,'shiyukun','2018-06-15 09:55:51',NULL,NULL,NULL),('e66c71c71caa4eada8617d162cf5c63f','7195c55372874ff2ac53a7292204d89f','cb57b32b50ad4cc3bdecf80e5d44bfc1','11b0fc912f574af286a2b0fda5f1e689','4',0,'shiyukun','2018-07-18 16:03:22',NULL,NULL,NULL),('e6bf653e4b274228a890825548ea9342','d8918404e14943229c6ec4d075a9ed32','52e584578c9245a89183c319d3dd9a4f','a5d2d6a8e4f542eea3606d28dc2adad3','HS40',0,'shiyukun','2018-05-28 15:15:33',NULL,NULL,NULL),('e7d89ebb188c4b9f926bf74dbaa20ddf','f7178b7e313d4f848602ad6945f4f321','cb57b32b50ad4cc3bdecf80e5d44bfc1','9ecee87ac361486882411f9081dedf1e','36.58',0,'shiyukun','2018-06-15 10:38:06',NULL,NULL,NULL),('e813ec6fe9814af9a7b767bf030a7efd','f7178b7e313d4f848602ad6945f4f321','cb57b32b50ad4cc3bdecf80e5d44bfc1','a9822ae9b1e643b990f551e9e2cdc382','2.74',0,'shiyukun','2018-06-15 10:38:06',NULL,NULL,NULL),('e8e2a9bec6b64861a069bcb42ea93c73','39e70f076a1f406a9d9dc52cb50ba7b6','e84736fcb9e6470284ee1d1a3b3af294','3e2fc94e1c3a4878b0cf4ffa9e10977e','1.346',0,'shiyukun','2018-06-15 10:36:00',NULL,NULL,NULL),('e9b090e4c2ba49a5a6b5572a61f2ddf2','f06e3b1a252d487f94fe11acf2626987','52e584578c9245a89183c319d3dd9a4f','a5d2d6a8e4f542eea3606d28dc2adad3','HS40',0,'shiyukun','2018-06-15 17:55:33',NULL,NULL,NULL),('e9fd36cdc0e04ed391afaa1416bd1c26','4c2b0b307f374216b66c994286072cee','cb57b32b50ad4cc3bdecf80e5d44bfc1','fee4d17eab2f4017bb1d35c8c9972876','88.3',0,'shiyukun','2018-07-18 16:03:22',NULL,NULL,NULL),('ea5f3109e1324e1a83058e3d7499a27f','4e580ac9c0fb447f9da7d6384d6e415a','52e584578c9245a89183c319d3dd9a4f','14e3f17b5b1646e7909ed9847f78d460','400',0,'shiyukun','2018-07-23 16:19:00',NULL,NULL,NULL),('eaaa5fe817294fda91f367a9c95f0c09','e5a323a655854a4198ec6b8a8919e442','d3c173adabf348bea1c2f64dd3af005b','7e19e9c3303b48e3a440a5f9b34082ff','CGG114B',0,'shiyukun','2018-06-15 09:36:14','admin','2018-08-23 01:16:52',NULL),('eaafeaad7c4b4933a022e6fb9c90f2b9','f06e3b1a252d487f94fe11acf2626987','52e584578c9245a89183c319d3dd9a4f','25f1ec89fe894447a89f064cb0ea4024','95',0,'shiyukun','2018-06-15 17:55:33',NULL,NULL,NULL),('eae2d26cd27d4178a24bd51d4d2d66b7','dbd272b5921542869b5d24046871f3f5','cb57b32b50ad4cc3bdecf80e5d44bfc1','be06d540c847400da42cce6f71da7bcb','2/2',0,'shiyukun','2018-06-04 14:48:03',NULL,NULL,NULL),('eb20e3714a2b40caa800d819dc402aec','07a2a8b034734e4cb8f57bc55ddd8491','d3c173adabf348bea1c2f64dd3af005b','c390e394a40f46f89ba342baba1ddc50','26604',0,'shiyukun','2018-06-15 20:13:05',NULL,NULL,NULL),('eb339ee2b5dc4574ba1444fb792ee0ab','f391b2f50e954626ba3801af0368cf82','cb57b32b50ad4cc3bdecf80e5d44bfc1','9ecee87ac361486882411f9081dedf1e','33.53',0,'shiyukun','2018-06-15 17:44:37',NULL,NULL,NULL),('ebd0e6eeb60c4a558de7f5989b3a6739','cf9fcb78effa489b8a35b8208c4a42dc','cb57b32b50ad4cc3bdecf80e5d44bfc1','c6574b65ca254f6c907a6495a702d9bb','75D',0,'shiyukun','2018-05-28 14:28:15',NULL,NULL,NULL),('ebdd75c6dae14fb2a4ecd9acc2c71833','4c2b0b307f374216b66c994286072cee','cb57b32b50ad4cc3bdecf80e5d44bfc1','2827641ac606498fad694d05829981d0','18.3*2',0,'shiyukun','2018-07-18 16:03:22',NULL,NULL,NULL),('ec0fe298900e4b0ebcadc0625d85324f','4c2b0b307f374216b66c994286072cee','cb57b32b50ad4cc3bdecf80e5d44bfc1','895c03d74db94e29ae25c20506daeb01','11.76',0,'shiyukun','2018-07-18 16:03:22',NULL,NULL,NULL),('ec3cda2b7ebe46db9e5315d9f0191460','244c1f9a88724e629be73af0ae14f776','34fc642bc0ce49d7b6041643cee49bd9','8388b8424321418dbeecb0b3c7ecf9e1','700',0,'shiyukun','2018-06-15 20:16:11',NULL,NULL,NULL),('eca368d4f5a74a6284b15a59a861020f','6c39e2e30387439fa8fc6085abeb5c6e','cb57b32b50ad4cc3bdecf80e5d44bfc1','83435fdf39714481bed87d143d6725b7','472',0,'shiyukun','2018-07-23 16:14:13',NULL,NULL,NULL),('ecbbcfda00664013a25e9b458b8a38d1','0be3589340544cf28dc998f94d90402f','d3c173adabf348bea1c2f64dd3af005b','7e19e9c3303b48e3a440a5f9b34082ff','CGG114B',0,'shiyukun','2018-06-15 17:53:22',NULL,NULL,NULL),('ed600c90221a4b33934eec3ae1fae3b0','53d7ef43fbd54118a5f2f1e552f88185','d3c173adabf348bea1c2f64dd3af005b','fa965fb04a144625a56a3c45d4885e2b','14',0,'shiyukun','2018-05-28 15:12:11',NULL,NULL,NULL),('ed7c7f2c5be34aecbd8cab2f7c0a07c0','cf9fcb78effa489b8a35b8208c4a42dc','cb57b32b50ad4cc3bdecf80e5d44bfc1','6f98bef973364f1aa9e65c3376a1ff74','67.1',0,'shiyukun','2018-05-28 14:28:15',NULL,NULL,NULL),('ee2d19b13e2740afb05a3700a43174ea','9084f078c1444fdca3c2fe0669a76421','a7957baf33c64767b9ad931c009e37fb','431290ba3314438caa178f1536ef4b89','（CVC50/50）+14.7/14.7+++563/（189+189）+++325cm+平纹',0,'shiyukun','2018-06-05 14:19:03',NULL,NULL,NULL),('ee36426899504a94b6292310804151d3','383566dd7af040c5986b65e85213756b','52e584578c9245a89183c319d3dd9a4f','72fb588a664e4d158c71c274bba056a9','C/T府绸浆',0,'shiyukun','2018-06-14 08:23:30',NULL,NULL,NULL),('ee9c5ac876cd4bd0b93ced842400f86e','5d92fc35a6e7414e9b548ad104b8bcd0','e84736fcb9e6470284ee1d1a3b3af294','811420b08ee8425a9c94251d501bba15','Z',0,'shiyukun','2018-06-15 09:50:43',NULL,NULL,NULL),('eea23c33f5304cfdbe49b4012dc306bc','9766b70c54934cd5bcd91b1afcdb7cb4','52e584578c9245a89183c319d3dd9a4f','466e9278d6de4ab48d6d52de902b661a','512',0,'shiyukun','2018-06-04 15:30:47',NULL,NULL,NULL),('eeabbaf9d76a47e0bb9503a0e4a62b52','f7178b7e313d4f848602ad6945f4f321','cb57b32b50ad4cc3bdecf80e5d44bfc1','11b0fc912f574af286a2b0fda5f1e689','4',0,'shiyukun','2018-06-15 10:38:06',NULL,NULL,NULL),('eef8a33d7bc7433c8a64d0485aeaec2c','b0e7ba778ccb4e53839a63181be91eca','52e584578c9245a89183c319d3dd9a4f','8ec01946657149e5813302f956152a55','400',0,'shiyukun','2018-06-15 20:15:09',NULL,NULL,NULL),('ef10dce16a87413fa0020f7d1ab60143','eed8e8794b5242f982e256ef3c8efdd1','cb57b32b50ad4cc3bdecf80e5d44bfc1','b2396b5272ad495b9741dbe68a6cdd8a','20',0,'shiyukun','2018-06-14 16:40:24',NULL,NULL,NULL),('ef2f328cfb994e86af4fb26dc6817bc2','e95566b5596f4ac7971a020efb2d63a7','cb57b32b50ad4cc3bdecf80e5d44bfc1','9ecee87ac361486882411f9081dedf1e','36.58',0,'shiyukun','2018-06-06 13:46:59',NULL,NULL,NULL),('f067b61d48e5458380d071b4417fd5d1','c2fbf8bd504e44658c2b6560fd34ef0f','e84736fcb9e6470284ee1d1a3b3af294','5283f0462bcd42d0992ca1e74598f33c','JC100',0,'shiyukun','2018-06-15 10:40:33',NULL,NULL,NULL),('f09e4d7782d446ef89d5e5950626dbae','1b99f6f095114671b91edfd0d6558fdf','34fc642bc0ce49d7b6041643cee49bd9','8388b8424321418dbeecb0b3c7ecf9e1','700',0,'shiyukun','2018-06-14 08:24:58',NULL,NULL,NULL),('f1019def915f488e8346706fc576f9f8','b0e7ba778ccb4e53839a63181be91eca','52e584578c9245a89183c319d3dd9a4f','d088bafd53fd479ba1347826f9e076c8','12',0,'shiyukun','2018-06-15 20:15:09',NULL,NULL,NULL),('f1042ea93a8347c1bd6d23b7ea83c913','f06e3b1a252d487f94fe11acf2626987','52e584578c9245a89183c319d3dd9a4f','9ed1dfdaa7524baaac7141931d390a51','165',0,'shiyukun','2018-06-15 17:55:33',NULL,NULL,NULL),('f1a8b4255ec645f095d0ee33027197c7','3cd6c0e0219f464683cd19fb14d62d7c','52e584578c9245a89183c319d3dd9a4f','f5edc4a998684a6dab5d62cb0321056f','300',0,'shiyukun','2018-06-05 14:29:03',NULL,NULL,NULL),('f1aa427601e845e292ab5d0a51454004','53d7ef43fbd54118a5f2f1e552f88185','d3c173adabf348bea1c2f64dd3af005b','256fcad7d175463fae74d37503ec1898','654*3+655*11',0,'shiyukun','2018-05-28 15:12:11',NULL,NULL,NULL),('f1b1bfd963bd4c94b50ab1fd4e1eb139','58a17b5c6ec24c56b199304d35028e6c','cb57b32b50ad4cc3bdecf80e5d44bfc1','1d900cd781294cb1bf30e68654bfd33f','28',0,'shiyukun','2018-06-15 09:47:54',NULL,NULL,NULL),('f26f409faa35428f85f4078ddad7ddf1','6c39e2e30387439fa8fc6085abeb5c6e','cb57b32b50ad4cc3bdecf80e5d44bfc1','b7759494c6ac4d44b6e6f0b35fa68674','92.8',0,'shiyukun','2018-07-23 16:14:13',NULL,NULL,NULL),('f2f7fa1a72ca4094be38bd9d2b5717dc','fbf69f5ff4fe4e848d2d9547103023bc','cb57b32b50ad4cc3bdecf80e5d44bfc1','fee4d17eab2f4017bb1d35c8c9972876','78.4',0,'shiyukun','2018-06-15 10:33:22',NULL,NULL,NULL),('f31226228cf046a290606bcf9e83358b','dd1988426cd646318230243577b3d921','cb57b32b50ad4cc3bdecf80e5d44bfc1','7ebcf26d8e354709a1687648ae9cefd6','154.3',0,'shiyukun','2018-06-13 15:33:02',NULL,NULL,NULL),('f330bca22d484c9381f2e5632e641b9f','cf9fcb78effa489b8a35b8208c4a42dc','cb57b32b50ad4cc3bdecf80e5d44bfc1','2827641ac606498fad694d05829981d0','14.8',0,'shiyukun','2018-05-28 14:28:15',NULL,NULL,NULL),('f424cf615bf64ab2ba1d530163e5a2ef','e63faf9fdf904bfd801d97cec7c73656','cb57b32b50ad4cc3bdecf80e5d44bfc1','2c95e0ab4d55494c8606172907cb15b2','18292',0,'shiyukun','2018-06-05 14:21:32',NULL,NULL,NULL),('f47ef460e032401c8a938da36e9f182d','5ac4711afee84acdac95e1529bb190bb','a7957baf33c64767b9ad931c009e37fb','431290ba3314438caa178f1536ef4b89','LF9.8/M14.8++681/472+269cm渔舟唱晚',0,'shiyukun','2018-05-28 14:21:59',NULL,NULL,NULL),('f4bb0c1722544c57b77205addfd79a19','dd1988426cd646318230243577b3d921','cb57b32b50ad4cc3bdecf80e5d44bfc1','b2396b5272ad495b9741dbe68a6cdd8a','24',0,'shiyukun','2018-06-13 15:33:02',NULL,NULL,NULL),('f4d08171e88c412681c04adf5d3dcfc4','7195c55372874ff2ac53a7292204d89f','cb57b32b50ad4cc3bdecf80e5d44bfc1','98a7c9aeabe14bc6bebfa946db79799e','18.3*2',0,'shiyukun','2018-07-18 16:03:22',NULL,NULL,NULL),('f5b0bb441d5a4256bbc337c16e045301','3d09570ef3b545d196828cafcadf6f77','34fc642bc0ce49d7b6041643cee49bd9','5240ac602f63450aafd7cb47404258ca','6',0,'shiyukun','2018-05-28 15:18:21',NULL,NULL,NULL),('f6326d4f432444d49cc4d22919e1af11','9e404819434843a28132e2382461cc99','34fc642bc0ce49d7b6041643cee49bd9','5240ac602f63450aafd7cb47404258ca','9',0,'shiyukun','2018-07-23 16:20:09',NULL,NULL,NULL),('f63c3bb1b18f42a0a37fe9503dd93c25','dd1988426cd646318230243577b3d921','cb57b32b50ad4cc3bdecf80e5d44bfc1','9ecee87ac361486882411f9081dedf1e','36',0,'shiyukun','2018-06-13 15:33:02',NULL,NULL,NULL),('f665109261ec4270aa2490dac1168a3c','383566dd7af040c5986b65e85213756b','52e584578c9245a89183c319d3dd9a4f','ae9c7fe819074e0eb1967918e7679e9f','41',0,'shiyukun','2018-06-14 08:23:30',NULL,NULL,NULL),('f685b7eaccbe49bcb841dc4f8818326c','748a20417f2c4b0495faf6ff845fba25','e84736fcb9e6470284ee1d1a3b3af294','811420b08ee8425a9c94251d501bba15','Z',0,'shiyukun','2018-06-14 16:42:38',NULL,NULL,NULL),('f6cdeb538f4d465698deb92469070d3b','58a17b5c6ec24c56b199304d35028e6c','cb57b32b50ad4cc3bdecf80e5d44bfc1','a2496429cdc54510b85cb31864f815e7','4',0,'shiyukun','2018-06-15 09:47:54',NULL,NULL,NULL),('f70dcde18a444dbc945dae8658586ffb','981b99fe3efa43779d053ff1fc86e6be','e84736fcb9e6470284ee1d1a3b3af294','cd686df0c4644d46b9245ff7e963345d','C/T60/40',0,'shiyukun','2018-06-15 17:46:29',NULL,NULL,NULL),('f79c5215ce10427f9ccf1d475b742c4f','58a17b5c6ec24c56b199304d35028e6c','cb57b32b50ad4cc3bdecf80e5d44bfc1','a059c58ef17d4cce9bc6b565758edfc8','144*2',0,'shiyukun','2018-06-15 09:47:54',NULL,NULL,NULL),('f79d952fbcf846359cf4925200662edc','dbd272b5921542869b5d24046871f3f5','cb57b32b50ad4cc3bdecf80e5d44bfc1','e1e5f571f73e4b7c91699174cead1f49','40/2',0,'shiyukun','2018-06-04 14:48:03',NULL,NULL,NULL),('f85cc055a06649e393f2d56e899bf79f','4e580ac9c0fb447f9da7d6384d6e415a','52e584578c9245a89183c319d3dd9a4f','0e61edaa64bb4caaaa9a1e90b7d4cee5','7.5',0,'shiyukun','2018-07-23 16:19:00',NULL,NULL,NULL),('f8fc974332b14bda84144a7b33e7c368','7626d27bd9ab4b37927b6bd1329e7e5a','cb57b32b50ad4cc3bdecf80e5d44bfc1','b2396b5272ad495b9741dbe68a6cdd8a','60',0,'shiyukun','2018-05-24 16:04:19',NULL,NULL,NULL),('f952499736984ddfa14e0e14c6ad828f','2d1a93429579402e90816aebb9af44eb','e84736fcb9e6470284ee1d1a3b3af294','3e2fc94e1c3a4878b0cf4ffa9e10977e','0.894',0,'shiyukun','2018-06-06 13:49:31',NULL,NULL,NULL),('f95fe4f7ae114283bc7de1fde559db89','cf9fcb78effa489b8a35b8208c4a42dc','cb57b32b50ad4cc3bdecf80e5d44bfc1','a9822ae9b1e643b990f551e9e2cdc382','2.74',0,'shiyukun','2018-05-28 14:28:15',NULL,NULL,NULL),('f9b3dd5c61c840fbab7a826bbecaa2f1','9f2a351354fc4bf1bf959c4ce2341d96','a7957baf33c64767b9ad931c009e37fb','431290ba3314438caa178f1536ef4b89','T/JC+21/21+629.5/287+160cm+2/2+双面卡(双幅）',0,'shiyukun','2018-06-15 09:45:38',NULL,NULL,NULL),('fa12eb4fc2894296860484e232654461','f06e3b1a252d487f94fe11acf2626987','52e584578c9245a89183c319d3dd9a4f','466e9278d6de4ab48d6d52de902b661a','100000米',0,'shiyukun','2018-06-15 17:55:33',NULL,NULL,NULL),('fa505c7ebde741ec9f356260ca0c3e8b','6c39e2e30387439fa8fc6085abeb5c6e','cb57b32b50ad4cc3bdecf80e5d44bfc1','e1e5f571f73e4b7c91699174cead1f49','40/2',0,'shiyukun','2018-07-23 16:14:13',NULL,NULL,NULL),('fa722b49a6864634a5d82b1d56c6c88c','b18ce788a60c4912951f37df1689785d','a7957baf33c64767b9ad931c009e37fb','431290ba3314438caa178f1536ef4b89','T/C+18.4/18.4+511.5/275.5+160cm++2/1碳黑1.0镶嵌+CS18-2',0,'shiyukun','2018-06-15 17:13:32',NULL,NULL,NULL),('fb00a814084c4712ae873f8d9decaa22','b47116569d064ac7a4f10701cde1506f','34fc642bc0ce49d7b6041643cee49bd9','5787b64362254eccae15812a9c9b9682','48.4',0,'shiyukun','2018-07-19 09:45:08',NULL,NULL,NULL),('fb0acde0228a4b11918ae333eed4d39a','7a54c4a59050447e99618b2cd47f125f','52e584578c9245a89183c319d3dd9a4f','31fe9dc3a79241e497e9f9a4431742d2','336',0,'shiyukun','2018-06-15 09:41:01',NULL,NULL,NULL),('fb954b06188e48d292fa2db68d54f414','d29a2a47f6f34d2aaeded3c01535875f','52e584578c9245a89183c319d3dd9a4f','8ec01946657149e5813302f956152a55','400',0,'shiyukun','2018-06-06 16:31:10',NULL,NULL,NULL),('fbf009a7e754422ca4bd4f8120af7ec3','0be3589340544cf28dc998f94d90402f','d3c173adabf348bea1c2f64dd3af005b','bc0f044a4d4f4a9bb09e5a2a483f3d2a','301-471CVC',0,'shiyukun','2018-06-15 17:53:22',NULL,NULL,NULL),('fc53d090c0f943f78f1a48e59916a99f','8f419aa427694839900fab24dc488fe8','d91e0c2656624a4e8b023c0860044c6f','1ad7f3f92946465abb1582598613c006','26.438',0,'shiyukun','2018-06-15 17:45:34',NULL,NULL,NULL),('fc6f2e14c1a34e32834069407d4ed2e5','e95566b5596f4ac7971a020efb2d63a7','cb57b32b50ad4cc3bdecf80e5d44bfc1','e1e5f571f73e4b7c91699174cead1f49','42/2',0,'shiyukun','2018-06-06 13:46:59',NULL,NULL,NULL),('fc8306532d154dd1812aa3b66ea0e86b','dbd272b5921542869b5d24046871f3f5','cb57b32b50ad4cc3bdecf80e5d44bfc1','a9822ae9b1e643b990f551e9e2cdc382','2.74',0,'shiyukun','2018-06-04 14:48:03',NULL,NULL,NULL),('fcbb738b45ba490298a5c1ea0e7bbcd4','dd1988426cd646318230243577b3d921','cb57b32b50ad4cc3bdecf80e5d44bfc1','c6574b65ca254f6c907a6495a702d9bb','75D',0,'shiyukun','2018-06-13 15:33:02',NULL,NULL,NULL),('fce6e63895a54ad186a2aa7d1ab5b962','383566dd7af040c5986b65e85213756b','52e584578c9245a89183c319d3dd9a4f','2be26000db8c4be6875491f8a2cf9fa2','54*7',0,'shiyukun','2018-06-14 08:23:30',NULL,NULL,NULL),('fdb097b352064e4a87b60dac56283fcb','7626d27bd9ab4b37927b6bd1329e7e5a','cb57b32b50ad4cc3bdecf80e5d44bfc1','1d900cd781294cb1bf30e68654bfd33f','60',0,'shiyukun','2018-05-24 16:04:19',NULL,NULL,NULL),('fe037afd58274ea3be4b6b85f7ed55d6','7626d27bd9ab4b37927b6bd1329e7e5a','cb57b32b50ad4cc3bdecf80e5d44bfc1','c6574b65ca254f6c907a6495a702d9bb','75D',0,'shiyukun','2018-05-24 16:04:19',NULL,NULL,NULL),('fea49d2a91034792bb0d5704883a358f','4e580ac9c0fb447f9da7d6384d6e415a','52e584578c9245a89183c319d3dd9a4f','d088bafd53fd479ba1347826f9e076c8','14.5',0,'shiyukun','2018-07-23 16:19:00',NULL,NULL,NULL),('fec0c4c493844a59bd26c2f28dccad9c','9766b70c54934cd5bcd91b1afcdb7cb4','52e584578c9245a89183c319d3dd9a4f','72fb588a664e4d158c71c274bba056a9','天丝浆',0,'shiyukun','2018-06-04 15:30:47',NULL,NULL,NULL),('ff0e5f397a04455c9f4f623c49232bdb','fbe8f00dd0c5470c95fbd868b92591f8','52e584578c9245a89183c319d3dd9a4f','466e9278d6de4ab48d6d52de902b661a','3000米',0,'shiyukun','2018-07-19 09:43:37',NULL,NULL,NULL),('ffef7c2400364174a35ebb69a1261258','974c18251ef9423a8e7afb70ed628943','e84736fcb9e6470284ee1d1a3b3af294','cd686df0c4644d46b9245ff7e963345d','LF100',0,'shiyukun','2018-05-24 16:06:38',NULL,NULL,NULL);

/*Table structure for table `qm_technicindex_info` */

DROP TABLE IF EXISTS `qm_technicindex_info`;

CREATE TABLE `qm_technicindex_info` (
  `id` char(32) NOT NULL COMMENT 'id',
  `technicindex_name` varchar(15) DEFAULT NULL COMMENT '工艺指标项名称',
  `technicindex_datatype` varchar(15) DEFAULT NULL COMMENT '数据类型',
  `data_dict_code` char(10) DEFAULT NULL COMMENT '数据字典编码',
  `technicindex_unit` varchar(10) DEFAULT NULL COMMENT '计量单位',
  `status` tinyint(4) DEFAULT NULL COMMENT 'status',
  `create_user` varchar(32) DEFAULT NULL COMMENT 'create_user',
  `create_time` datetime DEFAULT NULL COMMENT 'create_time',
  `update_user` varchar(32) DEFAULT NULL COMMENT 'update_user',
  `update_time` datetime DEFAULT NULL COMMENT 'update_time',
  `remark` varchar(255) DEFAULT NULL COMMENT 'remark',
  `technicindex_DBCode` varchar(32) DEFAULT NULL COMMENT '字段名称',
  PRIMARY KEY (`id`)
) ENGINE=InnoDB DEFAULT CHARSET=utf8 COMMENT='工艺指标项信息';

/*Data for the table `qm_technicindex_info` */

insert  into `qm_technicindex_info`(`id`,`technicindex_name`,`technicindex_datatype`,`data_dict_code`,`technicindex_unit`,`status`,`create_user`,`create_time`,`update_user`,`update_time`,`remark`,`technicindex_DBCode`) values ('0e118811cfc043fa8408e8ec6be6a319','伸长率（%）',NULL,NULL,NULL,0,'admin','2018-05-08 19:57:34',NULL,NULL,NULL,'elongationRate'),('0e61edaa64bb4caaaa9a1e90b7d4cee5','回潮率（%）',NULL,NULL,NULL,0,'admin','2018-05-08 19:57:26',NULL,NULL,NULL,'regainRate'),('11b0fc912f574af286a2b0fda5f1e689','绞边根数',NULL,NULL,NULL,0,'admin','2018-05-08 19:54:18',NULL,NULL,NULL,'strandedEdgesNumber'),('11faa9bd77b24c169cd235b2fbbf1b6b','穿综顺序',NULL,NULL,NULL,0,'admin','2018-05-06 10:24:43',NULL,NULL,NULL,'fullyMechanizedOrder'),('12ff21f79cc74ca6a06690479dd07c4d','停经片顺序',NULL,NULL,NULL,0,'admin','2018-05-08 20:07:00',NULL,NULL,NULL,'stopWarpOrder'),('14e3f17b5b1646e7909ed9847f78d460','反转轴机尾（CM）',NULL,NULL,NULL,0,'admin','2018-05-08 20:01:38',NULL,NULL,NULL,'flippingAxleTail'),('1ad7f3f92946465abb1582598613c006','经纱用量',NULL,NULL,NULL,0,'admin','2018-05-08 20:07:46',NULL,NULL,NULL,'warpYarnConsumption'),('1d900cd781294cb1bf30e68654bfd33f','纬纱（支）',NULL,NULL,NULL,0,'admin','2018-05-06 10:15:54',NULL,NULL,NULL,'weftYarnZ'),('1fd23e65e1e345d0b72bdda9ff57c922','验布机速度（m/min）',NULL,NULL,NULL,0,'admin','2018-05-06 10:25:38',NULL,NULL,NULL,'clothInspMachSpeed'),('22d9411d14284d58bfbac76a008ec73b','英制',NULL,NULL,NULL,0,'admin','2018-05-13 12:03:20',NULL,NULL,NULL,'britishSystem'),('256fcad7d175463fae74d37503ec1898','整经组织',NULL,NULL,NULL,0,'admin','2018-05-08 19:53:47',NULL,NULL,NULL,'warpingOrganizatio'),('25f1ec89fe894447a89f064cb0ea4024','浆锅温度（℃）',NULL,NULL,NULL,0,'admin','2018-05-08 19:58:44',NULL,NULL,NULL,'potTemperature'),('2827641ac606498fad694d05829981d0','纬纱（特）',NULL,NULL,NULL,0,'admin','2018-05-06 10:15:44',NULL,NULL,NULL,'weftYarnT'),('2864822237b645019acd8ab747c2d3ea','纬向强力（N）',NULL,NULL,NULL,0,'admin','2018-05-08 19:55:55',NULL,NULL,NULL,'weftStrength'),('2be26000db8c4be6875491f8a2cf9fa2','轴匹数',NULL,NULL,NULL,0,'admin','2018-05-06 10:22:37',NULL,NULL,NULL,'shaftNumber'),('2c95e0ab4d55494c8606172907cb15b2','总经根数',NULL,NULL,NULL,0,'admin','2018-05-08 19:53:32',NULL,NULL,NULL,'totalWarpNumber'),('3032771b7a314d038c6d1c7a2f1704ed','经向导电丝用量',NULL,NULL,NULL,0,'admin','2018-05-08 20:08:05',NULL,NULL,NULL,'warpConductiveWireConsumption'),('31fe9dc3a79241e497e9f9a4431742d2','每缸浆出匹数',NULL,NULL,NULL,0,'admin','2018-05-08 19:56:56',NULL,NULL,NULL,'piecesPerCylinder'),('3e2fc94e1c3a4878b0cf4ffa9e10977e','纬纱干燥重量',NULL,NULL,NULL,0,'admin','2018-05-08 20:06:37',NULL,NULL,NULL,'weftDryWeight'),('431290ba3314438caa178f1536ef4b89','公制',NULL,NULL,NULL,0,'admin','2018-05-13 12:03:02',NULL,NULL,NULL,'metricSystem'),('466e9278d6de4ab48d6d52de902b661a','总产量',NULL,NULL,NULL,0,'admin','2018-05-08 19:57:06',NULL,NULL,NULL,'totalOutput'),('47ff8b6106c5412aae51edf4aedc6bef','经纱干燥重量',NULL,NULL,NULL,0,'admin','2018-05-08 19:58:30',NULL,NULL,NULL,'warpDryWeight'),('5240ac602f63450aafd7cb47404258ca','落布匹数',NULL,NULL,NULL,0,'admin','2018-05-06 10:26:11',NULL,NULL,NULL,'fallingClothNumber'),('5283f0462bcd42d0992ca1e74598f33c','经纱纱线成分（%）',NULL,NULL,NULL,0,'admin','2018-05-08 20:06:23',NULL,NULL,NULL,'warpYarnComponent'),('545a48869a0e493f96d9076bc649c012','纬纱捻向',NULL,NULL,NULL,0,'admin','2018-05-08 20:06:54',NULL,NULL,NULL,'weftTwisting'),('55ecc740906748dcb4d5e485addd123a','品种色线',NULL,NULL,NULL,0,'admin','2018-05-08 19:55:58',NULL,NULL,NULL,'varietyColorLine'),('5787b64362254eccae15812a9c9b9682','机上纬密',NULL,NULL,NULL,0,'admin','2018-05-06 10:25:57',NULL,NULL,NULL,'weftDensityOn'),('6f98bef973364f1aa9e65c3376a1ff74','纬向紧度%',NULL,NULL,NULL,0,'admin','2018-05-08 19:57:39',NULL,NULL,NULL,'weftTightness'),('719a46e2c2684cde92445fd4c0bad0d6','纬纱用量',NULL,NULL,NULL,0,'admin','2018-05-08 20:13:17',NULL,NULL,NULL,'weftYarnConsumption'),('72fb588a664e4d158c71c274bba056a9','调浆工艺',NULL,NULL,NULL,0,'admin','2018-05-06 10:21:15',NULL,NULL,NULL,'pulpingProcess'),('7e19e9c3303b48e3a440a5f9b34082ff','机器型号',NULL,NULL,NULL,0,'admin','2018-05-08 19:51:43',NULL,NULL,NULL,'machineModel'),('7ebcf26d8e354709a1687648ae9cefd6','1㎡无浆干重(g)',NULL,NULL,NULL,0,'admin','2018-05-08 19:57:18',NULL,NULL,NULL,'dryWeightNoPulp'),('7ee04eecb1bc45c7aaa68c3dc15e5c54','边纱穿法',NULL,NULL,NULL,0,'admin','2018-05-08 20:02:44',NULL,NULL,NULL,'edgeGauze'),('7ffb3cb706d14591899fa2d9f895f6d8','每筘边纱穿入数',NULL,NULL,NULL,0,'admin','2018-05-08 20:05:10',NULL,NULL,NULL,'eachReedEdgeYarnNumber'),('811420b08ee8425a9c94251d501bba15','经纱捻向',NULL,NULL,NULL,0,'admin','2018-05-08 20:06:01',NULL,NULL,NULL,'warpTwisting'),('83435fdf39714481bed87d143d6725b7','纬密(根/10cm)',NULL,NULL,NULL,0,'admin','2018-05-06 10:17:04',NULL,NULL,NULL,'weftDensity'),('8388b8424321418dbeecb0b3c7ecf9e1','转速',NULL,NULL,NULL,0,'admin','2018-05-06 10:25:40',NULL,NULL,NULL,'speed'),('895c03d74db94e29ae25c20506daeb01','经纱缩率（%）',NULL,NULL,NULL,0,'admin','2018-05-08 19:55:10',NULL,NULL,NULL,'warpYarnsShrinkage'),('8de84f4bab524ef8abd2a2abba4d89bc','筘幅（cm)',NULL,NULL,NULL,0,'admin','2018-05-06 10:23:31',NULL,NULL,NULL,'reedRange'),('8ec01946657149e5813302f956152a55','正转轴机头（CM）',NULL,NULL,NULL,0,'admin','2018-05-08 19:59:15',NULL,NULL,NULL,'forewardAxleHead'),('98a7c9aeabe14bc6bebfa946db79799e','经纱（特）',NULL,NULL,NULL,0,'admin','2018-05-06 10:15:25',NULL,NULL,NULL,'warpYarnsT'),('9ecee87ac361486882411f9081dedf1e','公称匹长（米）',NULL,NULL,NULL,0,'admin','2018-05-08 19:58:06',NULL,NULL,NULL,'metricPieceLengthMeter'),('9ed1dfdaa7524baaac7141931d390a51','浆轴轴盘宽度（cm）',NULL,NULL,NULL,0,'admin','2018-05-08 19:58:58',NULL,NULL,NULL,'axleBreadth'),('a03f4f92af864b4f816c0d11c3cf264d','机器型号',NULL,NULL,NULL,0,'admin','2018-05-06 10:25:18',NULL,NULL,NULL,'machineModel'),('a059c58ef17d4cce9bc6b565758edfc8','边纱根数',NULL,NULL,NULL,0,'admin','2018-05-08 19:54:02',NULL,NULL,NULL,'edgesSideYarnNumber'),('a2496429cdc54510b85cb31864f815e7','废边根数',NULL,NULL,NULL,0,'admin','2018-05-08 19:54:40',NULL,NULL,NULL,'discardedEdgeNumber'),('a5d2d6a8e4f542eea3606d28dc2adad3','机器型号',NULL,NULL,NULL,0,'admin','2018-05-06 10:20:55',NULL,NULL,NULL,'machineModel'),('a9822ae9b1e643b990f551e9e2cdc382','纬纱缩率（%）',NULL,NULL,NULL,0,'admin','2018-05-08 19:55:40',NULL,NULL,NULL,'weftYarnShrinkage'),('ab2358d61abb4624b0cbdae1d92db2a4','综片数（片）',NULL,NULL,NULL,0,'admin','2018-05-06 10:24:15',NULL,NULL,NULL,'totalPiecesNumber'),('ae9c7fe819074e0eb1967918e7679e9f','墨印长度（m）',NULL,NULL,NULL,0,'admin','2018-05-06 10:22:16',NULL,NULL,NULL,'inkPrintLength'),('af7cc092272642a091e686bd30883c45','筘号（筘齿/2&quot;）',NULL,NULL,NULL,0,'admin','2018-05-06 10:23:52',NULL,NULL,NULL,'reedCode'),('b0935cd17d0645e5aef1c624c0cf9d6b','经向强力（N）',NULL,NULL,NULL,0,'admin','2018-05-08 19:55:45',NULL,NULL,NULL,'warpStrength'),('b2396b5272ad495b9741dbe68a6cdd8a','经纱（支）',NULL,NULL,NULL,0,'admin','2018-05-06 10:15:34',NULL,NULL,NULL,'warpYarnsZ'),('b7759494c6ac4d44b6e6f0b35fa68674','总紧度%',NULL,NULL,NULL,0,'admin','2018-05-08 19:57:49',NULL,NULL,NULL,'totalTightness'),('bc0f044a4d4f4a9bb09e5a2a483f3d2a','导电丝规格',NULL,NULL,NULL,0,'admin','2018-05-08 19:58:14',NULL,NULL,NULL,'conductiveWireSpec'),('be06d540c847400da42cce6f71da7bcb','织物边组织',NULL,NULL,NULL,0,'admin','2018-05-08 19:52:45',NULL,NULL,NULL,'fabricEdgeOrganization'),('c390e394a40f46f89ba342baba1ddc50','每轴长度',NULL,NULL,NULL,0,'admin','2018-05-08 19:53:05',NULL,NULL,NULL,'lengthPerAxis'),('c48385b3a1ae48c1a09092e049157408','织物地组织',NULL,NULL,NULL,0,'admin','2018-05-08 19:48:23',NULL,NULL,NULL,'fabricGroundTissue'),('c6574b65ca254f6c907a6495a702d9bb','绞边纱',NULL,NULL,NULL,0,'admin','2018-05-08 19:54:27',NULL,NULL,NULL,'strandedEdgesYarn'),('ca24196f22fc4ad7846bf5325715689f','纬向导电丝用量',NULL,NULL,NULL,0,'admin','2018-05-08 20:13:42',NULL,NULL,NULL,'weftConductiveWireConsumption'),('cd686df0c4644d46b9245ff7e963345d','纬纱纱线成分（%）',NULL,NULL,NULL,0,'admin','2018-05-08 20:07:08',NULL,NULL,NULL,'weftYarnComponent'),('d088bafd53fd479ba1347826f9e076c8','上浆率（%）',NULL,NULL,NULL,0,'admin','2018-05-08 19:58:28',NULL,NULL,NULL,'sizingRate'),('d35769051b2d446fbeb97a7a8c10fdae','折幅（cm）',NULL,NULL,NULL,0,'admin','2018-05-06 10:26:54',NULL,NULL,NULL,'foldRange'),('de3b59d9c32d4552af6bf4337598add4','废边穿法/筘入数',NULL,NULL,NULL,0,'admin','2018-05-08 20:02:50',NULL,NULL,NULL,'DiscardedEdgeWearM'),('e1e5f571f73e4b7c91699174cead1f49','废边纱',NULL,NULL,NULL,0,'admin','2018-05-08 19:54:51',NULL,NULL,NULL,'discardedEdge'),('ea4da0cc576446859ca4fc836f3e016a','经密(根/10cm)',NULL,NULL,NULL,0,'admin','2018-05-06 10:16:56',NULL,NULL,NULL,'warpDensity'),('ed784c798b72462695900400e129cb6a','每筘地经穿入数',NULL,NULL,NULL,0,'admin','2018-05-08 20:03:10',NULL,NULL,NULL,'eachReedWarpNumber'),('f5edc4a998684a6dab5d62cb0321056f','正转轴机尾（CM）',NULL,NULL,NULL,0,'admin','2018-05-08 20:01:15',NULL,NULL,NULL,'forewardAxleTail'),('f844fd943d374a9a8286002ed6874bcd','反转轴机头（CM）',NULL,NULL,NULL,0,'admin','2018-05-08 20:01:27',NULL,NULL,NULL,'flippingAxleHead'),('fa965fb04a144625a56a3c45d4885e2b','每筒纺轴数',NULL,NULL,NULL,0,'admin','2018-05-08 19:52:19',NULL,NULL,NULL,'spindleNumberPerBarrel'),('fcc04f2e038342a4bcaacf9b8b99cc17','公称匹长（码）',NULL,NULL,NULL,0,'admin','2018-05-08 19:57:56',NULL,NULL,NULL,'metricPieceLengthYard'),('fee4d17eab2f4017bb1d35c8c9972876','经向紧度%',NULL,NULL,NULL,0,'admin','2018-05-08 19:57:30',NULL,NULL,NULL,'warpTightness');

/*Table structure for table `qm_technicindex_type_info` */

DROP TABLE IF EXISTS `qm_technicindex_type_info`;

CREATE TABLE `qm_technicindex_type_info` (
  `id` char(32) NOT NULL COMMENT 'id',
  `technicindex_type_name` varchar(15) DEFAULT NULL COMMENT '分类名称',
  `technicindex_type_code` varchar(20) DEFAULT NULL COMMENT '分类编号',
  `status` tinyint(4) DEFAULT NULL COMMENT 'status',
  `create_user` varchar(32) DEFAULT NULL COMMENT 'create_user',
  `create_time` datetime DEFAULT NULL COMMENT 'create_time',
  `update_user` varchar(32) DEFAULT NULL COMMENT 'update_user',
  `update_time` datetime DEFAULT NULL COMMENT 'update_time',
  `remark` varchar(255) DEFAULT NULL COMMENT 'remark',
  `technology_belong` varchar(10) DEFAULT NULL COMMENT '类所属工艺',
  `technicindex_Type_DBCode` varchar(30) DEFAULT NULL COMMENT '字段别名',
  PRIMARY KEY (`id`)
) ENGINE=InnoDB DEFAULT CHARSET=utf8 COMMENT='工艺指标项分类信息';

/*Data for the table `qm_technicindex_type_info` */

insert  into `qm_technicindex_type_info`(`id`,`technicindex_type_name`,`technicindex_type_code`,`status`,`create_user`,`create_time`,`update_user`,`update_time`,`remark`,`technology_belong`,`technicindex_Type_DBCode`) values ('2e9b25f52744430fa6a955dc50911636','穿筘','gyfl2018050600006',0,'admin','2018-05-06 10:13:57',NULL,NULL,'','4','reedTechnolog'),('34fc642bc0ce49d7b6041643cee49bd9','织造','gyfl2018050600007',0,'admin','2018-05-06 10:14:11',NULL,NULL,'','5','weavingTechnology'),('35068ab843894f1e9b97db0a2d93bc2c','整理','gyfl2018050600008',0,'admin','2018-05-06 10:14:24',NULL,NULL,'','6','arrangementTechnology'),('52e584578c9245a89183c319d3dd9a4f','浆纱','gyfl2018050600005',0,'admin','2018-05-06 10:13:41',NULL,NULL,'','3','sizingTechnology'),('a7957baf33c64767b9ad931c009e37fb','名称','gyfl2018051300002',0,'admin','2018-05-13 12:00:35',NULL,NULL,'','1','typeName'),('cb57b32b50ad4cc3bdecf80e5d44bfc1','基本技术参数','gyfl2018050600001',0,'admin','2018-05-06 10:12:26',NULL,NULL,'','1','basicTechniquePara'),('d3c173adabf348bea1c2f64dd3af005b','整经','gyfl2018050600004',0,'admin','2018-05-06 10:13:19',NULL,NULL,'','2','warpingTechnology'),('d91e0c2656624a4e8b023c0860044c6f','棉纱用量','gyfl2018050600003',0,'admin','2018-05-06 10:12:57',NULL,NULL,'','1','cottonYarnAmount'),('e84736fcb9e6470284ee1d1a3b3af294','原纱质量参数','gyfl2018050600002',0,'admin','2018-05-06 10:12:39',NULL,NULL,'','1','originalYarnQuality');

/*Table structure for table `qm_technicindex_type_r_info` */

DROP TABLE IF EXISTS `qm_technicindex_type_r_info`;

CREATE TABLE `qm_technicindex_type_r_info` (
  `id` char(32) NOT NULL COMMENT 'id',
  `technicindex_id` char(32) DEFAULT NULL COMMENT 'technicindex_id',
  `technicindex_type_id` char(32) DEFAULT NULL COMMENT 'technicindex_type_id',
  `technology_belong` varchar(10) DEFAULT NULL COMMENT '所属工艺',
  PRIMARY KEY (`id`)
) ENGINE=InnoDB DEFAULT CHARSET=utf8 COMMENT='工艺指标项分类关系信息';

/*Data for the table `qm_technicindex_type_r_info` */

insert  into `qm_technicindex_type_r_info`(`id`,`technicindex_id`,`technicindex_type_id`,`technology_belong`) values ('00eb219b878a4efbb10f2e7935301679','ae9c7fe819074e0eb1967918e7679e9f','52e584578c9245a89183c319d3dd9a4f',NULL),('01f29337bf7644b3837ddaeca10b4bbe','2827641ac606498fad694d05829981d0','cb57b32b50ad4cc3bdecf80e5d44bfc1',NULL),('02620c405b464422a9c443df061c9074','12ff21f79cc74ca6a06690479dd07c4d','2e9b25f52744430fa6a955dc50911636',NULL),('0a4759b85ada45ca9e72355f38e7e3ba','25f1ec89fe894447a89f064cb0ea4024','52e584578c9245a89183c319d3dd9a4f',NULL),('0e8986b864484f188eee00e98e16ccdc','431290ba3314438caa178f1536ef4b89','a7957baf33c64767b9ad931c009e37fb',NULL),('1284dee620e9479e87ced96abd22ee96','f5edc4a998684a6dab5d62cb0321056f','52e584578c9245a89183c319d3dd9a4f',NULL),('1a5077895cbe46d7a6f360f97a1faaad','0e61edaa64bb4caaaa9a1e90b7d4cee5','52e584578c9245a89183c319d3dd9a4f',NULL),('23d5277953b44cf9a77cf7f391301a64','a9822ae9b1e643b990f551e9e2cdc382','cb57b32b50ad4cc3bdecf80e5d44bfc1',NULL),('246f63c22d9f48788876ed6db61e25fc','5240ac602f63450aafd7cb47404258ca','34fc642bc0ce49d7b6041643cee49bd9',NULL),('25aab9f3010c44c9a7ad7d0f6ff2cbff','fa965fb04a144625a56a3c45d4885e2b','d3c173adabf348bea1c2f64dd3af005b',NULL),('27d70cede8cf4fc989196b51afeb9152','1fd23e65e1e345d0b72bdda9ff57c922','35068ab843894f1e9b97db0a2d93bc2c',NULL),('2b251f43f83540a6bcf03bf4d53e86e4','ca24196f22fc4ad7846bf5325715689f','d91e0c2656624a4e8b023c0860044c6f',NULL),('2c144fcc23e84a86a2115729f9cef467','2864822237b645019acd8ab747c2d3ea','cb57b32b50ad4cc3bdecf80e5d44bfc1',NULL),('2c726c6b3a19460ab79cdeae699c2b8a','2be26000db8c4be6875491f8a2cf9fa2','52e584578c9245a89183c319d3dd9a4f',NULL),('2f1e750c11ee47cc86fd250f84cdc44e','b2396b5272ad495b9741dbe68a6cdd8a','cb57b32b50ad4cc3bdecf80e5d44bfc1',NULL),('34c0be3ecd8a4ca5b47af844fc3bf327','8ec01946657149e5813302f956152a55','52e584578c9245a89183c319d3dd9a4f',NULL),('39410f2deb764c3198c00c1e47ad677f','98a7c9aeabe14bc6bebfa946db79799e','cb57b32b50ad4cc3bdecf80e5d44bfc1',NULL),('39d828a0a5a04fdb984afd7c2c220e5d','a059c58ef17d4cce9bc6b565758edfc8','cb57b32b50ad4cc3bdecf80e5d44bfc1',NULL),('3cf1afb76fa246eabce4ce39a08c1e44','47ff8b6106c5412aae51edf4aedc6bef','e84736fcb9e6470284ee1d1a3b3af294',NULL),('3ee560a744614178b9baac21de003aaa','c390e394a40f46f89ba342baba1ddc50','d3c173adabf348bea1c2f64dd3af005b',NULL),('41c78610d3ab433ab62b40e937c24aa4','2c95e0ab4d55494c8606172907cb15b2','cb57b32b50ad4cc3bdecf80e5d44bfc1',NULL),('4d069c325a2d406e8b5a84bbae5a1959','83435fdf39714481bed87d143d6725b7','cb57b32b50ad4cc3bdecf80e5d44bfc1',NULL),('500a0b51f7024642895dc4a3658d5bf7','d35769051b2d446fbeb97a7a8c10fdae','35068ab843894f1e9b97db0a2d93bc2c',NULL),('52547fbe3ab14209a4e9f9021386dc88','14e3f17b5b1646e7909ed9847f78d460','52e584578c9245a89183c319d3dd9a4f',NULL),('579a3edfee99420fb9184d58da35d1ee','9ed1dfdaa7524baaac7141931d390a51','52e584578c9245a89183c319d3dd9a4f',NULL),('581a37d1bac149519ffb49ad6d07b93f','a5d2d6a8e4f542eea3606d28dc2adad3','52e584578c9245a89183c319d3dd9a4f',NULL),('58f99357e60749c6ac83d21ed7a77e2b','3e2fc94e1c3a4878b0cf4ffa9e10977e','e84736fcb9e6470284ee1d1a3b3af294',NULL),('5989c1d2518e40f7bbdbdd6dbc2d1a9c','b7759494c6ac4d44b6e6f0b35fa68674','cb57b32b50ad4cc3bdecf80e5d44bfc1',NULL),('600ce32841534ef3a2cff50d906d2733','5283f0462bcd42d0992ca1e74598f33c','e84736fcb9e6470284ee1d1a3b3af294',NULL),('603833b25ef14e778a4268b2cd70726b','31fe9dc3a79241e497e9f9a4431742d2','52e584578c9245a89183c319d3dd9a4f',NULL),('620b1fe481dc4b43aaa8c572f24075c8','de3b59d9c32d4552af6bf4337598add4','2e9b25f52744430fa6a955dc50911636',NULL),('64fd1b2631794a389811721c77745708','3032771b7a314d038c6d1c7a2f1704ed','d91e0c2656624a4e8b023c0860044c6f',NULL),('707965eebc89445e9d8f762998eaa64c','a2496429cdc54510b85cb31864f815e7','cb57b32b50ad4cc3bdecf80e5d44bfc1',NULL),('79e8ab77c046487297bec7178e861d81','af7cc092272642a091e686bd30883c45','2e9b25f52744430fa6a955dc50911636',NULL),('7b5e6120316b4a67b466648f8c41526a','fee4d17eab2f4017bb1d35c8c9972876','cb57b32b50ad4cc3bdecf80e5d44bfc1',NULL),('7dfe0e17e59f465d952b0ceec16debee','e1e5f571f73e4b7c91699174cead1f49','cb57b32b50ad4cc3bdecf80e5d44bfc1',NULL),('85e5daaa520e474bb2b79c46ecd9ddb1','466e9278d6de4ab48d6d52de902b661a','52e584578c9245a89183c319d3dd9a4f',NULL),('8815b7ba165043208bfa6f2c0c90a7a3','811420b08ee8425a9c94251d501bba15','e84736fcb9e6470284ee1d1a3b3af294',NULL),('89304bff7a6c49819427ce2e363f90fa','895c03d74db94e29ae25c20506daeb01','cb57b32b50ad4cc3bdecf80e5d44bfc1',NULL),('8d110e172a6e474fab032d19a6ed2735','72fb588a664e4d158c71c274bba056a9','52e584578c9245a89183c319d3dd9a4f',NULL),('8fad71a247bb4f7a9a6ff651e880e818','719a46e2c2684cde92445fd4c0bad0d6','d91e0c2656624a4e8b023c0860044c6f',NULL),('90fcfae839d54e14a6a222be06821709','7ffb3cb706d14591899fa2d9f895f6d8','2e9b25f52744430fa6a955dc50911636',NULL),('91d3fbd6b768424f85b4192338840c6c','11faa9bd77b24c169cd235b2fbbf1b6b','2e9b25f52744430fa6a955dc50911636',NULL),('9e16d4fcefeb4489a17391577ebe29bb','d088bafd53fd479ba1347826f9e076c8','52e584578c9245a89183c319d3dd9a4f',NULL),('9f4905507df244f28076032cb861e20f','a03f4f92af864b4f816c0d11c3cf264d','34fc642bc0ce49d7b6041643cee49bd9',NULL),('9faae106bc2c46d4b3e03a7f5af1999c','256fcad7d175463fae74d37503ec1898','d3c173adabf348bea1c2f64dd3af005b',NULL),('a06752c579f84602b8c22df469518330','1d900cd781294cb1bf30e68654bfd33f','cb57b32b50ad4cc3bdecf80e5d44bfc1',NULL),('a068b1ec33f0406b81c69260a7079fa7','ea4da0cc576446859ca4fc836f3e016a','cb57b32b50ad4cc3bdecf80e5d44bfc1',NULL),('a0ff1d1d43a249f88e3a7e7fdc6f4062','0e118811cfc043fa8408e8ec6be6a319','52e584578c9245a89183c319d3dd9a4f',NULL),('a2e115009fc34d468e90a66ebb6e53da','c48385b3a1ae48c1a09092e049157408','cb57b32b50ad4cc3bdecf80e5d44bfc1',NULL),('a49da3c992b24655ba64408a47f62888','1ad7f3f92946465abb1582598613c006','d91e0c2656624a4e8b023c0860044c6f',NULL),('a5ddf51042354482a903f198d5b63100','545a48869a0e493f96d9076bc649c012','e84736fcb9e6470284ee1d1a3b3af294',NULL),('a5f69f013e53496093100496f8d0c5c1','ed784c798b72462695900400e129cb6a','2e9b25f52744430fa6a955dc50911636',NULL),('a67fbc78c6144ca9972a659e62d44ba1','fcc04f2e038342a4bcaacf9b8b99cc17','cb57b32b50ad4cc3bdecf80e5d44bfc1',NULL),('a6924e1bf5c040389cdfb215babfcdd4','6f98bef973364f1aa9e65c3376a1ff74','cb57b32b50ad4cc3bdecf80e5d44bfc1',NULL),('a7cfe34fe2c443f98057c5b138c69e42','bc0f044a4d4f4a9bb09e5a2a483f3d2a','d3c173adabf348bea1c2f64dd3af005b',NULL),('ac92dfa31fa3411fa798f96dfd070a84','55ecc740906748dcb4d5e485addd123a','d3c173adabf348bea1c2f64dd3af005b',NULL),('b4fc8d6335824444b5cf5891e9371806','8388b8424321418dbeecb0b3c7ecf9e1','34fc642bc0ce49d7b6041643cee49bd9',NULL),('c810576ff36a453e9be6cf2f495b6499','f844fd943d374a9a8286002ed6874bcd','52e584578c9245a89183c319d3dd9a4f',NULL),('ca4cbca390fc45a28e69095db50fb394','5787b64362254eccae15812a9c9b9682','34fc642bc0ce49d7b6041643cee49bd9',NULL),('cae00158347a42d9918b434fd886cd7e','cd686df0c4644d46b9245ff7e963345d','e84736fcb9e6470284ee1d1a3b3af294',NULL),('d1458818d19d4dd7bd198e6b4b5a21a4','7ee04eecb1bc45c7aaa68c3dc15e5c54','2e9b25f52744430fa6a955dc50911636',NULL),('d5d97b9f78b04c93b055d40d03fbdb02','11b0fc912f574af286a2b0fda5f1e689','cb57b32b50ad4cc3bdecf80e5d44bfc1',NULL),('da4d5ad5e04a4d869eaa834f9ddf19ad','8de84f4bab524ef8abd2a2abba4d89bc','2e9b25f52744430fa6a955dc50911636',NULL),('dc85afe6aa294c7ea7b30e6cbeeb0ed1','ab2358d61abb4624b0cbdae1d92db2a4','2e9b25f52744430fa6a955dc50911636',NULL),('e27c26dc71b54133b48cf8296c90b2cc','be06d540c847400da42cce6f71da7bcb','cb57b32b50ad4cc3bdecf80e5d44bfc1',NULL),('e7351cf4e12346de9cf4a711b2ec77bf','b0935cd17d0645e5aef1c624c0cf9d6b','cb57b32b50ad4cc3bdecf80e5d44bfc1',NULL),('e7f1963dcd11490cb074819e78e4d9de','7e19e9c3303b48e3a440a5f9b34082ff','d3c173adabf348bea1c2f64dd3af005b',NULL),('ee96baa6578943f5b3acf188c3004ad7','c6574b65ca254f6c907a6495a702d9bb','cb57b32b50ad4cc3bdecf80e5d44bfc1',NULL),('f5c77178f24e4568bcc62c1963138f59','7ebcf26d8e354709a1687648ae9cefd6','cb57b32b50ad4cc3bdecf80e5d44bfc1',NULL),('f66440db40194110a12e2488205a9ae6','22d9411d14284d58bfbac76a008ec73b','a7957baf33c64767b9ad931c009e37fb',NULL),('fe82bcf2da454673bd78b8a310cc4a35','9ecee87ac361486882411f9081dedf1e','cb57b32b50ad4cc3bdecf80e5d44bfc1',NULL);

/*Table structure for table `qm_technicrecord_info` */

DROP TABLE IF EXISTS `qm_technicrecord_info`;

CREATE TABLE `qm_technicrecord_info` (
  `id` char(32) NOT NULL COMMENT 'id',
  `technic_code` varchar(50) DEFAULT NULL COMMENT '工艺编号',
  `pro_technic_type` varchar(15) DEFAULT NULL COMMENT '生产工艺类型',
  `pro_order_code` varchar(32) DEFAULT NULL COMMENT '生产订单编号',
  `design_date` date DEFAULT NULL COMMENT '设计时间',
  `design_persion` varchar(20) DEFAULT NULL COMMENT '设计人',
  `review_persion` varchar(20) DEFAULT NULL COMMENT '复核人',
  `audit_persion` char(10) DEFAULT NULL COMMENT '审批人',
  `pro_assortment` varchar(150) DEFAULT NULL COMMENT '生产品种',
  `status` tinyint(4) DEFAULT NULL COMMENT 'status',
  `create_user` varchar(32) DEFAULT NULL COMMENT 'create_user',
  `create_time` datetime DEFAULT NULL COMMENT 'create_time',
  `update_user` varchar(32) DEFAULT NULL COMMENT 'update_user',
  `update_time` datetime DEFAULT NULL COMMENT 'update_time',
  `remark` varchar(255) DEFAULT NULL COMMENT 'remark',
  `procedure` varchar(32) DEFAULT NULL COMMENT '工序',
  `handle_Time` datetime DEFAULT NULL COMMENT '设计时间',
  `technology_belong` varchar(32) DEFAULT NULL COMMENT '所属大工艺',
  `semi_finished` varchar(32) DEFAULT NULL COMMENT '半成品',
  `row_number` varchar(10) DEFAULT NULL COMMENT '织造工艺组织图行数',
  `col_number` varchar(10) DEFAULT NULL COMMENT '织造工艺组织图列数',
  `selected_area` varchar(300) DEFAULT NULL COMMENT '织造工艺组织图选中区域',
  `pro_assortment_name` varchar(300) DEFAULT '' COMMENT '生产品种名称',
  `semi_finished_name` varchar(300) DEFAULT NULL COMMENT '半成品名称',
  PRIMARY KEY (`id`)
) ENGINE=InnoDB DEFAULT CHARSET=utf8 COMMENT='工艺设计信息';

/*Data for the table `qm_technicrecord_info` */

insert  into `qm_technicrecord_info`(`id`,`technic_code`,`pro_technic_type`,`pro_order_code`,`design_date`,`design_persion`,`review_persion`,`audit_persion`,`pro_assortment`,`status`,`create_user`,`create_time`,`update_user`,`update_time`,`remark`,`procedure`,`handle_Time`,`technology_belong`,`semi_finished`,`row_number`,`col_number`,`selected_area`,`pro_assortment_name`,`semi_finished_name`) values ('00d05e6cbc0d4a50ad3d091a0b7e237b','ZZ2018060400001','2',NULL,'2018-06-04','shiyukun',NULL,NULL,'C040600600012',NULL,NULL,'2018-06-04 15:32:38',NULL,NULL,NULL,'70','2018-06-04 00:00:00','5','B040409604003','','','','坯布-LF60*LF60 173*156 118“XC60319','布轴-LF60*LF60 173*156 118\"XC60319'),('00ecbe8925784690b7c6b7d820dbbbf6','ZY2018061400001','2',NULL,'2018-06-14','shiyukun',NULL,NULL,'C020200160051',NULL,NULL,'2018-06-14 16:37:42',NULL,NULL,NULL,NULL,'2018-06-14 00:00:00','1',NULL,NULL,NULL,NULL,'坯布-CVC20*16 120*60 63“纱卡',NULL),('046e5bcccb4a4523b0a4466fe954ea51','ZY2018051500001','2',NULL,'2018-05-15','shiyukun',NULL,NULL,'C020300200000',NULL,NULL,'2018-05-15 08:43:36',NULL,NULL,NULL,NULL,'2018-05-15 00:00:00','1',NULL,NULL,NULL,NULL,'坯布-T/JC65/35(30+30)*20 132*62 63”双经布',NULL),('07a2a8b034734e4cb8f57bc55ddd8491','ZJ2018061500005','2',NULL,'2018-06-15','shiyukun',NULL,NULL,'C070320320084',NULL,NULL,'2018-06-15 20:13:05',NULL,NULL,NULL,'10','2018-06-15 00:00:00','2','B010102032001',NULL,NULL,NULL,'T/C32*32 130*70 63“2/1碳黑1.0镶嵌CS18-2-坯布','经轴-T/C 32*32 130*70 63\" 2/1碳黑1.0镶嵌 CS18-2'),('0be3589340544cf28dc998f94d90402f','ZJ2018061500004','2',NULL,'2018-06-15','shiyukun',NULL,NULL,'C073223220086',NULL,NULL,'2018-06-15 17:53:22',NULL,NULL,NULL,'10','2018-06-15 00:00:00','2','B010110322001',NULL,NULL,NULL,'CVC32/2*32/2 100*51 63“2/1碳黑网1.0*1.0 CS18-4-坯布','经轴-CVC 32/2×32/2 100×53 63\" 2/1 碳黑网 1.0*1.0 CS18-4'),('0db7f2d6bede49d9810e5f7220e03592','ZY2018060400003','2',NULL,'2018-06-04','shiyukun',NULL,NULL,'C040600600012',NULL,NULL,'2018-06-04 14:49:21',NULL,NULL,NULL,NULL,'2018-06-04 00:00:00','1',NULL,NULL,NULL,NULL,'坯布-LF60*LF60 173*156 118“XC60319',NULL),('0fc6844070f542ada961df96698df0b5','ZY2018072300003','2',NULL,'2018-07-23','shiyukun',NULL,NULL,'C090600400036',NULL,NULL,'2018-07-23 16:14:48',NULL,NULL,NULL,NULL,'2018-07-23 00:00:00','1',NULL,NULL,NULL,NULL,'坯布-J60*40 173*120 118\"联优菱形格',NULL),('17cc8f8d5793463399ce6e2fe72dd359','ZY2018061500004','2',NULL,'2018-06-15','shiyukun',NULL,NULL,'C020280280092',NULL,NULL,'2018-06-15 09:49:00',NULL,NULL,NULL,NULL,'2018-06-15 00:00:00','1',NULL,NULL,NULL,NULL,'坯布-T/JC28*28 160*73 63“双面卡',NULL),('1b99f6f095114671b91edfd0d6558fdf','ZZ2018061400001','2',NULL,'2018-06-14','shiyukun',NULL,NULL,'C020240240075',NULL,NULL,'2018-06-14 08:24:58',NULL,NULL,NULL,'70','2018-06-14 00:00:00','5','B010102024001','','','','坯布-T/C24*24 88*64 67“府绸','经轴-T/C 24*24  88*64  67\" 府绸'),('1c467c4322d34d108ce67981f8c0da79','ZJ2018061500003','2',NULL,'2018-06-15','shiyukun',NULL,NULL,'C020280280092',NULL,NULL,'2018-06-15 10:16:41',NULL,NULL,NULL,'10','2018-06-15 00:00:00','2','B010102028001',NULL,NULL,NULL,'坯布-T/JC28*28 160*73 63“双面卡','经轴-T/JC 28*28 160*73 63\" 2/2 双面卡(双幅）'),('21435d3ed391413a87d11c52ecbab7e6','ZY2018061500009','2',NULL,'2018-06-15','shiyukun',NULL,NULL,'C090600400034',NULL,NULL,'2018-06-15 10:34:28',NULL,NULL,NULL,NULL,'2018-06-15 00:00:00','1',NULL,NULL,NULL,NULL,'坯布-J60*40 173*80 106“菱形',NULL),('244c1f9a88724e629be73af0ae14f776','ZZ2018061500006','2',NULL,'2018-06-15','shiyukun',NULL,NULL,'C070320320084',NULL,NULL,'2018-06-15 20:16:11',NULL,NULL,NULL,'70','2018-06-15 00:00:00','5','B040102032001','','','','T/C32*32 130*70 63“2/1碳黑1.0镶嵌CS18-2-坯布','布轴-T/C 32*32 130*70 63\" 2/1碳黑1.0镶嵌 CS18-2'),('2d1a93429579402e90816aebb9af44eb','ZY2018060600007','2',NULL,'2018-06-06','shiyukun',NULL,NULL,'C040600600016',NULL,NULL,'2018-06-06 13:49:31',NULL,NULL,NULL,NULL,'2018-06-06 00:00:00','1',NULL,NULL,NULL,NULL,'坯布-LF60*LF60 173*156 118“XY60245',NULL),('2f0aaa6fe9574ceb8401c644a9f9940c','ZY2018060500005','2',NULL,'2018-06-05','shiyukun',NULL,NULL,'C030400400000',NULL,NULL,'2018-06-05 14:23:36',NULL,NULL,NULL,NULL,'2018-06-05 00:00:00','1',NULL,NULL,NULL,NULL,'坯布-CVC50/50 40*40 143*（48+48） 128\"平纹',NULL),('3153e5995ddd4fddb0c7089206e7f0be','ZZ2018060500001','2',NULL,'2018-06-05','shiyukun',NULL,NULL,'C030400400000',NULL,NULL,'2018-06-05 14:31:00',NULL,NULL,NULL,'70','2018-06-05 00:00:00','5','B040210040001','','','','坯布-CVC50/50 40*40 143*（48+48） 128\"平纹','布轴-(CVC50/50) 40*40 143*(48+48) 128\"平纹'),('323c457d8fb642df9e534e0a6a8d1d14','ZJ2018060500001','2',NULL,'2018-06-05','shiyukun',NULL,NULL,'C030400400000',NULL,NULL,'2018-06-05 14:26:11',NULL,NULL,NULL,'10','2018-06-05 00:00:00','2','B010110040001',NULL,NULL,NULL,'坯布-CVC50/50 40*40 143*（48+48） 128\"平纹','经轴-(CVC50/50) 40*40 143*(48+48) 128\"平纹'),('32acd47e809c4fa2bd9b1dc8eb2ae0ad','ZJ2018072300001','2',NULL,'2018-07-23','shiyukun',NULL,NULL,'C090600400036',NULL,NULL,'2018-07-23 16:16:52',NULL,NULL,NULL,'10','2018-07-23 00:00:00','2','B010109060002',NULL,NULL,NULL,'坯布-J60*40 173*120 118\"联优菱形格','经轴-J60*40 173*120 118\"联优菱形格'),('3536c843e5f24eb38983139fd2c7d4ec','ZY2018052800003','2',NULL,'2018-05-28','shiyukun',NULL,NULL,'C090600400106',NULL,NULL,'2018-05-28 14:29:55',NULL,NULL,NULL,NULL,'2018-05-28 00:00:00','1',NULL,NULL,NULL,NULL,'坯布-LF60*M40 173*120 106“渔舟唱晚',NULL),('360d454310024d1daee564ec88aed4ba','ZY2018051500003','2',NULL,'2018-05-15','shiyukun',NULL,NULL,'C020300200000',NULL,NULL,'2018-05-15 08:49:27',NULL,NULL,NULL,NULL,'2018-05-15 00:00:00','1',NULL,NULL,NULL,NULL,'坯布-T/JC65/35(30+30)*20 132*62 63”双经布',NULL),('383566dd7af040c5986b65e85213756b','JS2018061400001','2',NULL,'2018-06-14','shiyukun',NULL,NULL,'C020240240075',NULL,NULL,'2018-06-14 08:23:30',NULL,NULL,NULL,'40','2018-06-14 00:00:00','3','B020102024001',NULL,NULL,NULL,'坯布-T/C24*24 88*64 67“府绸','浆轴-T/C 24*24  88*64  67\" 府绸'),('39e70f076a1f406a9d9dc52cb50ba7b6','ZY2018061500010','2',NULL,'2018-06-15','shiyukun',NULL,NULL,'C090600400034',NULL,NULL,'2018-06-15 10:36:00',NULL,NULL,NULL,NULL,'2018-06-15 00:00:00','1',NULL,NULL,NULL,NULL,'坯布-J60*40 173*80 106“菱形',NULL),('3b98b673f89a4a6587a5246ca6adbec5','JS2018061500002','2',NULL,'2018-06-15','shiyukun',NULL,NULL,'C020280280092',NULL,NULL,'2018-06-15 09:55:51',NULL,NULL,NULL,'40','2018-06-15 00:00:00','3','B020302028001',NULL,NULL,NULL,'坯布-T/JC28*28 160*73 63“双面卡','浆轴-T/JC 28*28 160*73 63\" 2/2 双面卡(双幅）'),('3c30d500c3b94df9ba757dd840da65d3','ZZ2018061500005','2',NULL,'2018-06-15','shiyukun',NULL,NULL,'C073223220086',NULL,NULL,'2018-06-15 17:56:22',NULL,NULL,NULL,'70','2018-06-15 00:00:00','5','B010110322001','','','','CVC32/2*32/2 100*51 63“2/1碳黑网1.0*1.0 CS18-4-坯布','经轴-CVC 32/2×32/2 100×53 63\" 2/1 碳黑网 1.0*1.0 CS18-4'),('3c972e8925a24e06b4f7ffcbb428f834','ZZ2018051500001','2',NULL,'2018-05-15','shiyukun',NULL,NULL,'C020300200000',NULL,NULL,'2018-05-15 13:54:30',NULL,'2018-05-15 13:57:07',NULL,'70','2018-05-15 00:00:00','5','B040302030001','','','','坯布-T/JC65/35(30+30)*20 132*62 63”双经布','布轴-T/JC（30+30）×20   132×62   63” 双经布（双幅）'),('3cd6c0e0219f464683cd19fb14d62d7c','JS2018060500001','2',NULL,'2018-06-05','shiyukun',NULL,NULL,'C030400400000',NULL,NULL,'2018-06-05 14:29:03',NULL,NULL,NULL,'40','2018-06-05 00:00:00','3','B020210040002',NULL,NULL,NULL,'坯布-CVC50/50 40*40 143*（48+48） 128\"平纹','浆轴-(CVC50/50) 40*40 143*(48+48) 128\"平纹'),('3d09570ef3b545d196828cafcadf6f77','ZZ2018052800001','2',NULL,'2018-05-28','shiyukun',NULL,NULL,'C090600400106',NULL,NULL,'2018-05-28 15:18:21',NULL,NULL,NULL,'10','2018-05-28 00:00:00','5','B040509528001','','','','坯布-LF60*M40 173*120 106“渔舟唱晚','布轴-LF60*M40 173*120 106\"渔舟唱晚'),('3d4b3d0c8b104c7d8b0bad4e2aa8d31b','ZJ2018052500001','2',NULL,'2018-05-25','shiyukun',NULL,NULL,'C090600600130',NULL,NULL,'2018-05-25 10:41:15',NULL,NULL,NULL,'10','2018-05-25 00:00:00','2','B010109525001',NULL,NULL,NULL,'坯布-LF60*LF60 173*130 106“小叶子   卷装','经轴-LF60*LF60 173*130 106\"小叶子'),('421ee39d306b4098b554e20864e90752','JS2018051500004','2',NULL,'2018-05-15','shiyukun',NULL,NULL,'C020300200000',NULL,NULL,'2018-05-15 13:50:03',NULL,'2018-05-15 13:52:56',NULL,'40','2018-05-15 00:00:00','3','B020302030001',NULL,NULL,NULL,'坯布-T/JC65/35(30+30)*20 132*62 63”双经布','浆轴-T/JC（30+30）×20   132×62   63” 双经布（双幅）'),('483cc3f73f7441dd8b455b1468ad28ef','ZJ2018051500001','2',NULL,'2018-05-15','shiyukun',NULL,NULL,'C020300200000',NULL,NULL,'2018-05-15 09:41:13',NULL,NULL,NULL,'10','2018-05-15 00:00:00','2','B010102030001',NULL,NULL,NULL,'坯布-T/JC65/35(30+30)*20 132*62 63”双经布','经轴-T/JC（30+30）×20   132×62   63\" 双经布（双幅）'),('495bc315499e498aa4141d81d68d7c79','ZJ2018060400001','2',NULL,'2018-06-04','shiyukun',NULL,NULL,'C040600600012',NULL,NULL,'2018-06-04 15:28:05',NULL,NULL,NULL,'10','2018-06-04 00:00:00','2','B010109604002',NULL,NULL,NULL,'坯布-LF60*LF60 173*156 118“XC60319','经轴-LF60*LF60 173*156 118\"XC60319'),('4c2b0b307f374216b66c994286072cee','ZY2018071800004','2',NULL,'2018-07-18','shiyukun',NULL,NULL,'C073223220012',NULL,NULL,'2018-07-18 16:03:22',NULL,NULL,NULL,NULL,'2018-07-18 00:00:00','1',NULL,NULL,NULL,NULL,'坯布-CVC32/2*32/2 100*53 63\"2/1碳黑1.06镶嵌CS18-14-1',NULL),('4e31691649f2489882acf0eab863cf6f','ZY2018061300003','2',NULL,'2018-06-13','shiyukun',NULL,NULL,'C020240240075',NULL,NULL,'2018-06-13 15:34:01',NULL,NULL,NULL,NULL,'2018-06-13 00:00:00','1',NULL,NULL,NULL,NULL,'坯布-T/C24*24 88*64 67“府绸',NULL),('4e580ac9c0fb447f9da7d6384d6e415a','JS2018072300001','2',NULL,'2018-07-23','shiyukun',NULL,NULL,'C090600400036',NULL,NULL,'2018-07-23 16:19:00',NULL,NULL,NULL,'40','2018-07-23 00:00:00','3','B020409060002',NULL,NULL,NULL,'坯布-J60*40 173*120 118\"联优菱形格','浆轴-J60*40 173*120 118\"联优菱形格'),('53d7ef43fbd54118a5f2f1e552f88185','ZJ2018052800001','2',NULL,'2018-05-28','shiyukun',NULL,NULL,'C090600400106',NULL,NULL,'2018-05-28 15:12:11',NULL,NULL,NULL,'10','2018-05-28 00:00:00','2','B010109528001',NULL,NULL,NULL,'坯布-LF60*M40 173*120 106“渔舟唱晚','经轴-LF60*M40 173*120 106\"渔舟唱晚'),('57b8ca5e1dd54a97aae3baa1f2a31fdd','ZY2018061400003','2',NULL,'2018-06-14','shiyukun',NULL,NULL,'C020200160051',NULL,NULL,'2018-06-14 16:41:13',NULL,NULL,NULL,NULL,'2018-06-14 00:00:00','1',NULL,NULL,NULL,NULL,'坯布-CVC20*16 120*60 63“纱卡',NULL),('58a17b5c6ec24c56b199304d35028e6c','ZY2018061500003','2',NULL,'2018-06-15','shiyukun',NULL,NULL,'C020280280092',NULL,NULL,'2018-06-15 09:47:54',NULL,NULL,NULL,NULL,'2018-06-15 00:00:00','1',NULL,NULL,NULL,NULL,'坯布-T/JC28*28 160*73 63“双面卡',NULL),('5ac4711afee84acdac95e1529bb190bb','ZY2018052800001','2',NULL,'2018-05-28','shiyukun',NULL,NULL,'C090600400106',NULL,NULL,'2018-05-28 14:21:59',NULL,NULL,NULL,NULL,'2018-05-28 00:00:00','1',NULL,NULL,NULL,NULL,'坯布-LF60*M40 173*120 106“渔舟唱晚',NULL),('5d793ec6eb1d4746ba22f1f235fbe554','ZZ2018061500003','2',NULL,'2018-06-15','shiyukun',NULL,NULL,'C020280280092',NULL,NULL,'2018-06-15 13:14:12',NULL,NULL,NULL,'70','2018-06-15 00:00:00','5','B040302028001','','','','坯布-T/JC28*28 160*73 63“双面卡','布轴-T/JC 28*28 160*73 63\" 2/2 双面卡(双幅）'),('5d92fc35a6e7414e9b548ad104b8bcd0','ZY2018061500005','2',NULL,'2018-06-15','shiyukun',NULL,NULL,'C020280280092',NULL,NULL,'2018-06-15 09:50:43',NULL,NULL,NULL,NULL,'2018-06-15 00:00:00','1',NULL,NULL,NULL,NULL,'坯布-T/JC28*28 160*73 63“双面卡',NULL),('5ddd243fcc904ddda0bb2072d3b008a6','ZY2018071900002','2',NULL,'2018-07-19','shiyukun',NULL,NULL,'C073223220012',NULL,NULL,'2018-07-19 09:37:47',NULL,NULL,NULL,NULL,'2018-07-19 00:00:00','1',NULL,NULL,NULL,NULL,'坯布-CVC32/2*32/2 100*53 63\"2/1碳黑1.06镶嵌CS18-14-1',NULL),('5f109f1339dd4f31a8e3b39983acafca','ZZ2018061500001','2',NULL,'2018-06-15','shiyukun',NULL,NULL,'C020200160051',NULL,NULL,'2018-06-15 09:42:22',NULL,NULL,NULL,'70','2018-06-15 00:00:00','5','B040102020051','','','','坯布-CVC20*16 120*60 63“纱卡','布轴-CVC20*16 120*60 63“纱卡-190'),('662e285f5a294bd49d0f8bae9dfc5870','ZY2018072300001','2',NULL,'2018-07-23','shiyukun',NULL,NULL,'C090600400036',NULL,NULL,'2018-07-23 16:11:07',NULL,NULL,NULL,NULL,'2018-07-23 00:00:00','1',NULL,NULL,NULL,NULL,'坯布-J60*40 173*120 118\"联优菱形格',NULL),('6c39e2e30387439fa8fc6085abeb5c6e','ZY2018072300002','2',NULL,'2018-07-23','shiyukun',NULL,NULL,'C090600400036',NULL,NULL,'2018-07-23 16:14:13',NULL,NULL,NULL,NULL,'2018-07-23 00:00:00','1',NULL,NULL,NULL,NULL,'坯布-J60*40 173*120 118\"联优菱形格',NULL),('7195c55372874ff2ac53a7292204d89f','ZY2018071800005','2',NULL,'2018-07-18','shiyukun',NULL,NULL,'C073223220012',NULL,NULL,'2018-07-18 16:03:22',NULL,NULL,NULL,NULL,'2018-07-18 00:00:00','1',NULL,NULL,NULL,NULL,'坯布-CVC32/2*32/2 100*53 63\"2/1碳黑1.06镶嵌CS18-14-1',NULL),('748a20417f2c4b0495faf6ff845fba25','ZY2018061400004','2',NULL,'2018-06-14','shiyukun',NULL,NULL,'C020200160051',NULL,NULL,'2018-06-14 16:42:38',NULL,NULL,NULL,NULL,'2018-06-14 00:00:00','1',NULL,NULL,NULL,NULL,'坯布-CVC20*16 120*60 63“纱卡',NULL),('7626d27bd9ab4b37927b6bd1329e7e5a','ZY2018052400005','2',NULL,'2018-05-24','shiyukun',NULL,NULL,'C090600600130',NULL,NULL,'2018-05-24 16:04:19',NULL,NULL,NULL,NULL,'2018-05-24 00:00:00','1',NULL,NULL,NULL,NULL,'坯布-LF60*LF60 173*130 106“小叶子   卷装',NULL),('795ee292bb0f4589bf011919c830a042','ZY2018061300004','2',NULL,'2018-06-13','shiyukun',NULL,NULL,'C020240240075',NULL,NULL,'2018-06-13 15:35:34',NULL,NULL,NULL,NULL,'2018-06-13 00:00:00','1',NULL,NULL,NULL,NULL,'坯布-T/C24*24 88*64 67“府绸',NULL),('7a54c4a59050447e99618b2cd47f125f','JS2018061500001','2',NULL,'2018-06-15','shiyukun',NULL,NULL,'C020200160051',NULL,NULL,'2018-06-15 09:41:01',NULL,NULL,NULL,'40','2018-06-15 00:00:00','3','B020102020051',NULL,NULL,NULL,'坯布-CVC20*16 120*60 63“纱卡','浆轴-CVC20*16 120*60 63“纱卡-190'),('7bc3b8b0e5f94a929b30d21bfafa9dd1','ZY2018060400001','2',NULL,'2018-06-04','shiyukun',NULL,NULL,'C040600600012',NULL,NULL,'2018-06-04 14:45:21',NULL,NULL,NULL,NULL,'2018-06-04 00:00:00','1',NULL,NULL,NULL,NULL,'坯布-LF60*LF60 173*156 118“XC60319',NULL),('803265687d3d48eebcff79016d1f0f61','ZY2018071800003','2',NULL,'2018-07-18','shiyukun',NULL,NULL,'C073223220012',NULL,NULL,'2018-07-18 15:57:59',NULL,NULL,NULL,NULL,'2018-07-18 00:00:00','1',NULL,NULL,NULL,NULL,'坯布-CVC32/2*32/2 100*53 63\"2/1碳黑1.06镶嵌CS18-14-1',NULL),('81a1fdcba08f45a38afc446a3abf3c89','ZY2018051500002','2',NULL,'2018-05-15','shiyukun',NULL,NULL,'C020300200000',NULL,NULL,'2018-05-15 08:48:12',NULL,NULL,NULL,NULL,'2018-05-15 00:00:00','1',NULL,NULL,NULL,NULL,'坯布-T/JC65/35(30+30)*20 132*62 63”双经布',NULL),('8925fa0a9fe542329cf864a14af19dca','ZY2018061500006','2',NULL,'2018-06-15','shiyukun',NULL,NULL,'C090600400034',NULL,NULL,'2018-06-15 10:23:24',NULL,NULL,NULL,NULL,'2018-06-15 00:00:00','1',NULL,NULL,NULL,NULL,'坯布-J60*40 173*80 106“菱形',NULL),('8b988ef232174caabd6cce36afdc98b4','ZY2018060600006','2',NULL,'2018-06-06','shiyukun',NULL,NULL,'C040600600016',NULL,NULL,'2018-06-06 13:48:25',NULL,NULL,NULL,NULL,'2018-06-06 00:00:00','1',NULL,NULL,NULL,NULL,'坯布-LF60*LF60 173*156 118“XY60245',NULL),('8e94dd4ddb514907870ebfb352295174','ZY2018081600001','1',NULL,'2018-08-16','admin',NULL,NULL,'C010100100116',NULL,NULL,'2018-08-16 17:24:15',NULL,NULL,NULL,NULL,'2018-08-16 00:00:00','1',NULL,NULL,NULL,NULL,'坯布-OE10*OE10 40*36 63“平纹',NULL),('8f419aa427694839900fab24dc488fe8','ZY2018061500022','2',NULL,'2018-06-15','shiyukun',NULL,NULL,'C073223220086',NULL,NULL,'2018-06-15 17:45:34',NULL,NULL,NULL,NULL,'2018-06-15 00:00:00','1',NULL,NULL,NULL,NULL,'CVC32/2*32/2 100*51 63“2/1碳黑网1.0*1.0 CS18-4-坯布',NULL),('9084f078c1444fdca3c2fe0669a76421','ZY2018060500002','2',NULL,'2018-06-05','shiyukun',NULL,NULL,'C030400400000',NULL,NULL,'2018-06-05 14:19:03',NULL,NULL,NULL,NULL,'2018-06-05 00:00:00','1',NULL,NULL,NULL,NULL,'坯布-CVC50/50 40*40 143*（48+48） 128\"平纹',NULL),('93c5a0e344e54f3184070738d64da482','ZY2018081600002','1',NULL,'2018-08-16','admin',NULL,NULL,'C010120120007',NULL,NULL,'2018-08-16 17:26:03',NULL,NULL,NULL,NULL,'2018-08-16 00:00:00','1',NULL,NULL,NULL,NULL,'坯布-OE12*OE12 72.4*80 63“提花',NULL),('974c18251ef9423a8e7afb70ed628943','ZY2018052400006','2',NULL,'2018-05-24','shiyukun',NULL,NULL,'C090600600130',NULL,NULL,'2018-05-24 16:06:38',NULL,NULL,NULL,NULL,'2018-05-24 00:00:00','1',NULL,NULL,NULL,NULL,'坯布-LF60*LF60 173*130 106“小叶子   卷装',NULL),('9766b70c54934cd5bcd91b1afcdb7cb4','JS2018060400001','2',NULL,'2018-06-04','shiyukun',NULL,NULL,'C040600600012',NULL,NULL,'2018-06-04 15:30:47',NULL,NULL,NULL,'40','2018-06-04 00:00:00','3','B020409604002',NULL,NULL,NULL,'坯布-LF60*LF60 173*156 118“XC60319','浆轴-LF60*LF60 173*156 118\"XC60319'),('981b99fe3efa43779d053ff1fc86e6be','ZY2018061500023','2',NULL,'2018-06-15','shiyukun',NULL,NULL,'C073223220086',NULL,NULL,'2018-06-15 17:46:29',NULL,NULL,NULL,NULL,'2018-06-15 00:00:00','1',NULL,NULL,NULL,NULL,'CVC32/2*32/2 100*51 63“2/1碳黑网1.0*1.0 CS18-4-坯布',NULL),('9cc013a7f6474693aaeb04abe1638003','ZY2018051500004','2',NULL,'2018-05-15','shiyukun',NULL,NULL,'C020300200000',NULL,NULL,'2018-05-15 08:50:31',NULL,NULL,NULL,NULL,'2018-05-15 00:00:00','1',NULL,NULL,NULL,NULL,'坯布-T/JC65/35(30+30)*20 132*62 63”双经布',NULL),('9e404819434843a28132e2382461cc99','ZZ2018072300001','2',NULL,'2018-07-23','shiyukun',NULL,NULL,'C090600400036',NULL,NULL,'2018-07-23 16:20:09',NULL,NULL,NULL,'70','2018-07-23 00:00:00','5','B040409060002','','','','坯布-J60*40 173*120 118\"联优菱形格','布轴-J60*40 173*120 118\"联优菱形格'),('9f2a351354fc4bf1bf959c4ce2341d96','ZY2018061500002','2',NULL,'2018-06-15','shiyukun',NULL,NULL,'C020280280092',NULL,NULL,'2018-06-15 09:45:38',NULL,NULL,NULL,NULL,'2018-06-15 00:00:00','1',NULL,NULL,NULL,NULL,'坯布-T/JC28*28 160*73 63“双面卡',NULL),('a3e9bbe3826741abacd9c4d665f2ed1a','ZZ2018061500004','2',NULL,'2018-06-15','shiyukun',NULL,NULL,'C073223220086',NULL,NULL,'2018-06-15 17:56:22',NULL,NULL,NULL,'70','2018-06-15 00:00:00','5','B010110322001','','','','CVC32/2*32/2 100*51 63“2/1碳黑网1.0*1.0 CS18-4-坯布','经轴-CVC 32/2×32/2 100×53 63\" 2/1 碳黑网 1.0*1.0 CS18-4'),('a445db01f8ea4e3e96f8326d640533d5','JS2018052500001','2',NULL,'2018-05-25','shiyukun',NULL,NULL,'C090600600130',NULL,NULL,'2018-05-25 13:13:11',NULL,NULL,NULL,'40','2018-05-25 00:00:00','3','B020509525001',NULL,NULL,NULL,'坯布-LF60*LF60 173*130 106“小叶子   卷装','浆轴-LF60*LF60 173*130 106\"小叶子'),('aa5da46e9f9e4133bbbbc1b4f37bde21','ZZ2018052500001','2',NULL,'2018-05-25','shiyukun',NULL,NULL,'C090600600130',NULL,NULL,'2018-05-25 13:16:15',NULL,NULL,NULL,'70','2018-05-25 00:00:00','5','B040509525001','','','','坯布-LF60*LF60 173*130 106“小叶子   卷装','布轴-LF60*LF60 173*130 106\"小叶子'),('aadcb68c1e31489aaf6ee7412c3c30c3','ZJ2018071900001','2',NULL,'2018-07-19','shiyukun',NULL,NULL,'C073223220012',NULL,NULL,'2018-07-19 09:40:11',NULL,NULL,NULL,'10','2018-07-19 00:00:00','2','B010107322001',NULL,NULL,NULL,'坯布-CVC32/2*32/2 100*53 63\"2/1碳黑1.06镶嵌CS18-14-1','经轴-CVC 32/2×32/2  100×53  63\" 2/1碳黑1.06镶嵌 CS18-14-1'),('b0b296c7122c4164a4d82bc725246d78','ZY2018060600004','2',NULL,'2018-06-06','shiyukun',NULL,NULL,'C040600600016',NULL,NULL,'2018-06-06 13:43:41',NULL,NULL,NULL,NULL,'2018-06-06 00:00:00','1',NULL,NULL,NULL,NULL,'坯布-LF60*LF60 173*156 118“XY60245',NULL),('b0e7ba778ccb4e53839a63181be91eca','JS2018061500004','2',NULL,'2018-06-15','shiyukun',NULL,NULL,'C070320320084',NULL,NULL,'2018-06-15 20:15:09',NULL,NULL,NULL,'40','2018-06-15 00:00:00','3','B020102032001',NULL,NULL,NULL,'T/C32*32 130*70 63“2/1碳黑1.0镶嵌CS18-2-坯布','浆轴-T/C 32*32 130*70 63\" 2/1碳黑1.0镶嵌 CS18-2'),('b18ce788a60c4912951f37df1689785d','ZY2018061500017','2',NULL,'2018-06-15','shiyukun',NULL,NULL,'C070320320084',NULL,NULL,'2018-06-15 17:13:32',NULL,NULL,NULL,NULL,'2018-06-15 00:00:00','1',NULL,NULL,NULL,NULL,'T/C32*32 130*70 63“2/1碳黑1.0镶嵌CS18-2-坯布',NULL),('b47116569d064ac7a4f10701cde1506f','ZZ2018071900001','2',NULL,'2018-07-19','shiyukun',NULL,NULL,'C073223220012',NULL,NULL,'2018-07-19 09:45:08',NULL,NULL,NULL,'70','2018-07-19 00:00:00','5','B040107322001','','','','坯布-CVC32/2*32/2 100*53 63\"2/1碳黑1.06镶嵌CS18-14-1','布轴-CVC 32/2×32/2  100×53  63\" 2/1碳黑1.06镶嵌 CS18-14-1'),('ba09fa2ea62e458f859b542f6dbf2054','ZY2018072300004','2',NULL,'2018-07-23','shiyukun',NULL,NULL,'C090600400036',NULL,NULL,'2018-07-23 16:15:37',NULL,NULL,NULL,NULL,'2018-07-23 00:00:00','1',NULL,NULL,NULL,NULL,'坯布-J60*40 173*120 118\"联优菱形格',NULL),('c1a1eb7f48754c87909ea2ed838cd622','ZZ2018060600001','2',NULL,'2018-06-06','shiyukun',NULL,NULL,'C040600600016',NULL,NULL,'2018-06-06 16:33:19',NULL,NULL,NULL,'70','2018-06-06 00:00:00','5','B040404060002','','','','坯布-LF60*LF60 173*156 118“XY60245','布轴-LF60*LF60 173*156 118\"XY60245'),('c2e931204a91427e98350eddc2c4928e','ZY2018061300001','2',NULL,'2018-06-13','shiyukun',NULL,NULL,'C020240240075',NULL,NULL,'2018-06-13 15:30:03',NULL,NULL,NULL,NULL,'2018-06-13 00:00:00','1',NULL,NULL,NULL,NULL,'坯布-T/C24*24 88*64 67“府绸',NULL),('c2fbf8bd504e44658c2b6560fd34ef0f','ZY2018061500013','2',NULL,'2018-06-15','shiyukun',NULL,NULL,'C090600400035',NULL,NULL,'2018-06-15 10:40:33',NULL,NULL,NULL,NULL,'2018-06-15 00:00:00','1',NULL,NULL,NULL,NULL,'坯布-J60*40 173*80 106“叶子',NULL),('cc8f072be0034a4d8a2b3eb36e26ecd9','ZY2018052400004','2',NULL,'2018-05-24','shiyukun',NULL,NULL,'C090600600130',NULL,NULL,'2018-05-24 15:55:32',NULL,NULL,NULL,NULL,'2018-05-24 00:00:00','1',NULL,NULL,NULL,NULL,'坯布-LF60*LF60 173*130 106“小叶子   卷装',NULL),('cdfc9537be8f4dd58393df979056ecc3','ZY2018060500004','2',NULL,'2018-06-05','shiyukun',NULL,NULL,'C030400400000',NULL,NULL,'2018-06-05 14:22:31',NULL,NULL,NULL,NULL,'2018-06-05 00:00:00','1',NULL,NULL,NULL,NULL,'坯布-CVC50/50 40*40 143*（48+48） 128\"平纹',NULL),('cf9fcb78effa489b8a35b8208c4a42dc','ZY2018052800002','2',NULL,'2018-05-28','shiyukun',NULL,NULL,'C090600400106',NULL,NULL,'2018-05-28 14:28:15',NULL,NULL,NULL,NULL,'2018-05-28 00:00:00','1',NULL,NULL,NULL,NULL,'坯布-LF60*M40 173*120 106“渔舟唱晚',NULL),('d2711374b3ba484288cf27dcdc08e6f7','ZJ2018061400001','2',NULL,'2018-06-14','shiyukun',NULL,NULL,'C020240240075',NULL,NULL,'2018-06-14 08:03:44',NULL,NULL,NULL,'10','2018-06-14 00:00:00','2','B010102024075',NULL,NULL,NULL,'坯布-T/C24*24 88*64 67“府绸','经轴-T/C24*24 88*64 67“府绸'),('d29a2a47f6f34d2aaeded3c01535875f','JS2018060600001','2',NULL,'2018-06-06','shiyukun',NULL,NULL,'C040600600016',NULL,NULL,'2018-06-06 16:31:10',NULL,NULL,NULL,'40','2018-06-06 00:00:00','3','B020404060001',NULL,NULL,NULL,'坯布-LF60*LF60 173*156 118“XY60245','浆轴-LF60*LF60 173*156 118\"XY60245'),('d78bc1526a3e41c68f0cbc71c8b26aea','ZY2018060400004','2',NULL,'2018-06-04','shiyukun',NULL,NULL,'C040600600012',NULL,NULL,'2018-06-04 14:55:52',NULL,NULL,NULL,NULL,'2018-06-04 00:00:00','1',NULL,NULL,NULL,NULL,'坯布-LF60*LF60 173*156 118“XC60319',NULL),('d8918404e14943229c6ec4d075a9ed32','JS2018052800001','2',NULL,'2018-05-28','shiyukun',NULL,NULL,'C090600400106',NULL,NULL,'2018-05-28 15:15:33',NULL,NULL,NULL,'10','2018-05-28 00:00:00','3','B020509528001',NULL,NULL,NULL,'坯布-LF60*M40 173*120 106“渔舟唱晚','浆轴-LF60*M40 173*120 106\"渔舟唱晚'),('d995bb56d8024ad4bbe22adf646beb48','ZJ2018060600001','2',NULL,'2018-06-06','shiyukun',NULL,NULL,'C040600600016',NULL,NULL,'2018-06-06 16:28:19',NULL,NULL,NULL,'10','2018-06-06 00:00:00','2','B010104060001',NULL,NULL,NULL,'坯布-LF60*LF60 173*156 118“XY60245','经轴-LF60*LF60 173*156 118\"XY60245'),('dbd272b5921542869b5d24046871f3f5','ZY2018060400002','2',NULL,'2018-06-04','shiyukun',NULL,NULL,'C040600600012',NULL,NULL,'2018-06-04 14:48:03',NULL,NULL,NULL,NULL,'2018-06-04 00:00:00','1',NULL,NULL,NULL,NULL,'坯布-LF60*LF60 173*156 118“XC60319',NULL),('dd1988426cd646318230243577b3d921','ZY2018061300002','2',NULL,'2018-06-13','shiyukun',NULL,NULL,'C020240240075',NULL,NULL,'2018-06-13 15:33:02',NULL,NULL,NULL,NULL,'2018-06-13 00:00:00','1',NULL,NULL,NULL,NULL,'坯布-T/C24*24 88*64 67“府绸',NULL),('e3c49e4910324b1a981303c64b76e1ab','ZY2018061500024','2',NULL,'2018-06-15','shiyukun',NULL,NULL,'C073223220086',NULL,NULL,'2018-06-15 17:48:55',NULL,NULL,NULL,NULL,'2018-06-15 00:00:00','1',NULL,NULL,NULL,NULL,'CVC32/2*32/2 100*51 63“2/1碳黑网1.0*1.0 CS18-4-坯布',NULL),('e5a323a655854a4198ec6b8a8919e442','ZJ2018061500001','2',NULL,'2018-08-23','admin',NULL,NULL,'C020200160051',NULL,NULL,'2018-06-15 09:36:14',NULL,'2018-08-23 01:16:52',NULL,'10','2018-08-23 00:00:00','2','B010102020051',NULL,NULL,NULL,'坯布-CVC20*16 120*60 63“纱卡','经轴-CVC20*16 120*60 63“纱卡'),('e619ce1f61504cc7b4003b2938ee744b','ZY2018052800004','2',NULL,'2018-05-28','shiyukun',NULL,NULL,'C090600400106',NULL,NULL,'2018-05-28 14:32:09',NULL,NULL,NULL,NULL,'2018-05-28 00:00:00','1',NULL,NULL,NULL,NULL,'坯布-LF60*M40 173*120 106“渔舟唱晚',NULL),('e63faf9fdf904bfd801d97cec7c73656','ZY2018060500003','2',NULL,'2018-06-05','shiyukun',NULL,NULL,'C030400400000',NULL,NULL,'2018-06-05 14:21:32',NULL,NULL,NULL,NULL,'2018-06-05 00:00:00','1',NULL,NULL,NULL,NULL,'坯布-CVC50/50 40*40 143*（48+48） 128\"平纹',NULL),('e95566b5596f4ac7971a020efb2d63a7','ZY2018060600005','2',NULL,'2018-06-06','shiyukun',NULL,NULL,'C040600600016',NULL,NULL,'2018-06-06 13:46:59',NULL,NULL,NULL,NULL,'2018-06-06 00:00:00','1',NULL,NULL,NULL,NULL,'坯布-LF60*LF60 173*156 118“XY60245',NULL),('eed8e8794b5242f982e256ef3c8efdd1','ZY2018061400002','2',NULL,'2018-06-14','shiyukun',NULL,NULL,'C020200160051',NULL,NULL,'2018-06-14 16:40:24',NULL,NULL,NULL,NULL,'2018-06-14 00:00:00','1',NULL,NULL,NULL,NULL,'坯布-CVC20*16 120*60 63“纱卡',NULL),('f06e3b1a252d487f94fe11acf2626987','JS2018061500003','2',NULL,'2018-06-15','shiyukun',NULL,NULL,'C073223220086',NULL,NULL,'2018-06-15 17:55:33',NULL,NULL,NULL,'40','2018-06-15 00:00:00','3','B010110322001',NULL,NULL,NULL,'CVC32/2*32/2 100*51 63“2/1碳黑网1.0*1.0 CS18-4-坯布','经轴-CVC 32/2×32/2 100×53 63\" 2/1 碳黑网 1.0*1.0 CS18-4'),('f300db9438c547e998f1979081947cc2','ZY2018052400001','2',NULL,'2018-05-24','shiyukun',NULL,NULL,'C090600600130',NULL,NULL,'2018-05-24 15:39:54',NULL,'2018-05-24 15:43:10',NULL,NULL,'2018-05-24 00:00:00','1',NULL,NULL,NULL,NULL,'坯布-LF60*LF60 173*130 106“小叶子   卷装',NULL),('f391b2f50e954626ba3801af0368cf82','ZY2018061500021','2',NULL,'2018-06-15','shiyukun',NULL,NULL,'C073223220086',NULL,NULL,'2018-06-15 17:44:37',NULL,NULL,NULL,NULL,'2018-06-15 00:00:00','1',NULL,NULL,NULL,NULL,'CVC32/2*32/2 100*51 63“2/1碳黑网1.0*1.0 CS18-4-坯布',NULL),('f3d3246a2205470d90eb8a11a1df7b85','ZY2018061500007','2',NULL,'2018-06-15','shiyukun',NULL,NULL,'C090600400035',NULL,NULL,'2018-06-15 10:24:40',NULL,NULL,NULL,NULL,'2018-06-15 00:00:00','1',NULL,NULL,NULL,NULL,'坯布-J60*40 173*80 106“叶子',NULL),('f7178b7e313d4f848602ad6945f4f321','ZY2018061500011','2',NULL,'2018-06-15','shiyukun',NULL,NULL,'C090600400035',NULL,NULL,'2018-06-15 10:38:06',NULL,NULL,NULL,NULL,'2018-06-15 00:00:00','1',NULL,NULL,NULL,NULL,'坯布-J60*40 173*80 106“叶子',NULL),('fb0891e26a9c4afcbfc7d61aab63d183','ZY2018061500012','2',NULL,'2018-06-15','shiyukun',NULL,NULL,'C090600400035',NULL,NULL,'2018-06-15 10:39:00',NULL,NULL,NULL,NULL,'2018-06-15 00:00:00','1',NULL,NULL,NULL,NULL,'坯布-J60*40 173*80 106“叶子',NULL),('fbe8f00dd0c5470c95fbd868b92591f8','JS2018071900001','2',NULL,'2018-07-19','shiyukun',NULL,NULL,'C073223220012',NULL,NULL,'2018-07-19 09:43:37',NULL,NULL,NULL,'40','2018-07-19 00:00:00','3','B020107322005',NULL,NULL,NULL,'坯布-CVC32/2*32/2 100*53 63\"2/1碳黑1.06镶嵌CS18-14-1','浆轴-CVC 32/2×32/2  100×53  63\" 2/1碳黑1.06镶嵌 CS18-14-1'),('fbf69f5ff4fe4e848d2d9547103023bc','ZY2018061500008','2',NULL,'2018-06-15','shiyukun',NULL,NULL,'C090600400034',NULL,NULL,'2018-06-15 10:33:22',NULL,NULL,NULL,NULL,'2018-06-15 00:00:00','1',NULL,NULL,NULL,NULL,'坯布-J60*40 173*80 106“菱形',NULL),('fc71da6faea84ebbb4cce8db56826c3b','ZY2018071900001','2',NULL,'2018-07-19','shiyukun',NULL,NULL,'C073223220012',NULL,NULL,'2018-07-19 09:36:24',NULL,NULL,NULL,NULL,'2018-07-19 00:00:00','1',NULL,NULL,NULL,NULL,'坯布-CVC32/2*32/2 100*53 63\"2/1碳黑1.06镶嵌CS18-14-1',NULL);

/*Table structure for table `qm_traceability_result_info` */

DROP TABLE IF EXISTS `qm_traceability_result_info`;

CREATE TABLE `qm_traceability_result_info` (
  `id` char(32) NOT NULL COMMENT 'id',
  `traceability_id` varchar(32) NOT NULL COMMENT '质量追溯任务ID',
  `deal_way` varchar(15) DEFAULT NULL COMMENT '处理方式',
  `remark` varchar(255) DEFAULT NULL COMMENT '备注说明',
  `report_staff` varchar(20) DEFAULT NULL COMMENT '报告人',
  `report_time` datetime DEFAULT NULL COMMENT '报告时间',
  `report_file_path` varchar(100) DEFAULT NULL COMMENT '追溯报告路径',
  `status` tinyint(4) DEFAULT NULL COMMENT 'status',
  `create_user` varchar(32) DEFAULT NULL COMMENT 'create_user',
  `create_time` datetime DEFAULT NULL COMMENT 'create_time',
  `update_user` varchar(32) DEFAULT NULL COMMENT 'update_user',
  `update_time` datetime DEFAULT NULL COMMENT 'update_time',
  PRIMARY KEY (`id`)
) ENGINE=InnoDB DEFAULT CHARSET=utf8 COMMENT='质量追溯结果';

/*Data for the table `qm_traceability_result_info` */

/*Table structure for table `qm_unqualified_materiel_info` */

DROP TABLE IF EXISTS `qm_unqualified_materiel_info`;

CREATE TABLE `qm_unqualified_materiel_info` (
  `id` char(32) NOT NULL COMMENT 'id',
  `unqualified_task_id` char(32) DEFAULT NULL COMMENT '不合格处理任务编号',
  `materiel_id` varchar(20) DEFAULT NULL COMMENT '物料编号',
  `materiel_name` varchar(100) DEFAULT NULL COMMENT '物料名称',
  `variety_name` varchar(50) DEFAULT NULL COMMENT '品种',
  `batch_number` varchar(20) DEFAULT NULL COMMENT '物料批次号',
  `handle_time` date DEFAULT NULL COMMENT '处理时间',
  `handle_user` varchar(50) DEFAULT NULL COMMENT '处理人',
  `sign_status` varchar(15) DEFAULT NULL COMMENT '标识状态',
  `sign_insulate_way` varchar(15) DEFAULT NULL COMMENT '标识隔离方法',
  `materiel_status` varchar(15) DEFAULT NULL COMMENT '物料状态',
  `handle_advance` varchar(15) DEFAULT NULL COMMENT '处置建议',
  `prevention_suggestion` varchar(200) CHARACTER SET utf8 COLLATE utf8_bin DEFAULT NULL COMMENT '预防措施',
  `handle_way` varchar(15) DEFAULT NULL COMMENT '处理方式',
  `materiel_vender` varchar(100) DEFAULT NULL COMMENT '厂家',
  PRIMARY KEY (`id`)
) ENGINE=InnoDB DEFAULT CHARSET=utf8 COMMENT='不合格物料信息';

/*Data for the table `qm_unqualified_materiel_info` */

/*Table structure for table `qm_unqualified_task_info` */

DROP TABLE IF EXISTS `qm_unqualified_task_info`;

CREATE TABLE `qm_unqualified_task_info` (
  `id` char(32) NOT NULL COMMENT 'ID',
  `qc_task_id` char(32) DEFAULT NULL COMMENT '质检任务编号',
  `identity_source` varchar(20) DEFAULT NULL COMMENT '识别来源',
  `task_code` varchar(32) DEFAULT NULL COMMENT '任务编号',
  `materiel_type` varchar(10) DEFAULT NULL COMMENT '物料类型',
  `materiel_code` varchar(20) DEFAULT NULL COMMENT '物料编号',
  `batch_number` varchar(20) DEFAULT NULL COMMENT '批次号',
  `unq_quantity` bigint(20) DEFAULT NULL COMMENT '数量',
  `materiel_name` varchar(50) DEFAULT NULL COMMENT '物料名称',
  `materiel_vender` varchar(50) DEFAULT NULL COMMENT '厂家',
  `check_time` datetime DEFAULT NULL COMMENT '质检时间',
  `check_user` varchar(20) DEFAULT NULL COMMENT '质检人',
  `check_conclusion` varchar(300) DEFAULT NULL COMMENT '质检结论意见',
  `status` tinyint(4) DEFAULT NULL COMMENT 'status',
  `create_user` varchar(32) DEFAULT NULL COMMENT 'create_user',
  `update_user` varchar(32) DEFAULT NULL COMMENT 'update_user',
  `create_time` datetime DEFAULT NULL COMMENT 'create_time',
  `update_time` datetime DEFAULT NULL COMMENT 'update_time',
  `remark` varchar(255) DEFAULT NULL COMMENT 'remark',
  `handling_way` varchar(15) DEFAULT NULL COMMENT '处置方式',
  `handling_advance` varchar(300) DEFAULT NULL COMMENT '处理意见',
  `materiel_varieties` varchar(200) DEFAULT NULL COMMENT '不合格品品种',
  `prevention_measure` varchar(300) DEFAULT NULL COMMENT '预防措施',
  `approval_advanace` varchar(300) DEFAULT NULL COMMENT '审批意见',
  `qc_task_code` varchar(32) DEFAULT NULL COMMENT '质检任务编号',
  PRIMARY KEY (`id`)
) ENGINE=InnoDB DEFAULT CHARSET=utf8 COMMENT='不合格品处理任务';

/*Data for the table `qm_unqualified_task_info` */

/*Table structure for table `qm_waste_side_info` */

DROP TABLE IF EXISTS `qm_waste_side_info`;

CREATE TABLE `qm_waste_side_info` (
  `id` char(32) NOT NULL COMMENT 'id',
  `task_code` varchar(32) DEFAULT NULL COMMENT '任务编号',
  `machine_no` varchar(32) DEFAULT NULL COMMENT '机台',
  `varieties_spec` varchar(32) DEFAULT NULL COMMENT '品种',
  `waste_side_length` bigint(20) DEFAULT NULL COMMENT '废边长度',
  `is_overlength` varchar(10) DEFAULT NULL COMMENT '是否超长',
  `check_time` datetime DEFAULT NULL COMMENT '检查时间',
  `check_user` char(10) DEFAULT NULL COMMENT '检查人',
  `status` tinyint(4) DEFAULT NULL COMMENT 'status',
  `create_user` varchar(32) DEFAULT NULL COMMENT 'create_user',
  `create_time` datetime DEFAULT NULL COMMENT 'create_time',
  `update_user` varchar(32) DEFAULT NULL COMMENT 'update_user',
  `update_time` datetime DEFAULT NULL COMMENT 'update_time',
  `remark` varchar(255) DEFAULT NULL COMMENT 'remark',
  PRIMARY KEY (`id`)
) ENGINE=InnoDB DEFAULT CHARSET=utf8 COMMENT='废边长机台检查';

/*Data for the table `qm_waste_side_info` */

/*Table structure for table `qm_width_cloth_info` */

DROP TABLE IF EXISTS `qm_width_cloth_info`;

CREATE TABLE `qm_width_cloth_info` (
  `id` char(32) NOT NULL COMMENT 'id',
  `cloth_section_code` varchar(32) DEFAULT NULL COMMENT '布段编号',
  `wc_name` varchar(15) DEFAULT NULL COMMENT '幅检查类型名称',
  `wc_code` varchar(10) DEFAULT NULL COMMENT '幅检查类型编号',
  `wc1` varchar(10) DEFAULT NULL COMMENT '幅1',
  `wc2` varchar(10) DEFAULT NULL COMMENT '幅2',
  `wc3` varchar(10) DEFAULT NULL COMMENT '幅3',
  `wc4` varchar(10) DEFAULT NULL COMMENT '幅4',
  `wc5` varchar(10) DEFAULT NULL COMMENT '幅5',
  `wc6` varchar(10) DEFAULT NULL COMMENT '幅6',
  `wc7` varchar(10) DEFAULT NULL COMMENT '幅7',
  `wc8` varchar(10) DEFAULT NULL COMMENT '幅8',
  `wc9` varchar(10) DEFAULT NULL COMMENT '幅9',
  `wc10` varchar(10) DEFAULT NULL COMMENT '幅10',
  PRIMARY KEY (`id`)
) ENGINE=InnoDB DEFAULT CHARSET=utf8 COMMENT='幅检查过程记录信息';

/*Data for the table `qm_width_cloth_info` */

/*Table structure for table `qm_workflow_info` */

DROP TABLE IF EXISTS `qm_workflow_info`;

CREATE TABLE `qm_workflow_info` (
  `id` char(32) NOT NULL COMMENT 'id',
  `task_id` char(32) DEFAULT NULL COMMENT '任务编号',
  `operator_user` varchar(20) DEFAULT NULL COMMENT '操作人',
  `operator_time` datetime DEFAULT NULL COMMENT '操作时间',
  `handle_user` varchar(20) DEFAULT NULL COMMENT '流程节点处理人',
  `handle_group` varchar(20) DEFAULT NULL COMMENT '流程节点处理组',
  `handle_time` datetime DEFAULT NULL COMMENT '下一流程节点到期时间',
  `workflow_type` varchar(50) DEFAULT NULL COMMENT '流程类型',
  `workflow_node_type` varchar(20) DEFAULT NULL COMMENT '流程节点类型',
  `handling_suggestion` varchar(200) DEFAULT NULL COMMENT '处理意见',
  `processInstanceId` varchar(20) DEFAULT NULL COMMENT '流程实例id',
  `status` tinyint(4) DEFAULT NULL COMMENT 'status',
  `create_user` varchar(32) DEFAULT NULL COMMENT 'create_user',
  `create_time` datetime DEFAULT NULL COMMENT 'create_time',
  `update_user` varchar(32) DEFAULT NULL COMMENT 'update_user',
  `update_time` datetime DEFAULT NULL COMMENT 'update_time',
  `remark` varchar(255) DEFAULT NULL COMMENT 'remark',
  PRIMARY KEY (`id`)
) ENGINE=InnoDB DEFAULT CHARSET=utf8 COMMENT='流程操作信息';

/*Data for the table `qm_workflow_info` */

insert  into `qm_workflow_info`(`id`,`task_id`,`operator_user`,`operator_time`,`handle_user`,`handle_group`,`handle_time`,`workflow_type`,`workflow_node_type`,`handling_suggestion`,`processInstanceId`,`status`,`create_user`,`create_time`,`update_user`,`update_time`,`remark`) values ('1287de1ee571466b9dad2cb4d2d3a609','64B2D1F93F9F1B64E0531A01A80A0AC4',NULL,NULL,'admin',NULL,'2018-02-08 00:00:00','qcFlow','qcDispatch','','72152',0,NULL,'2018-02-08 19:37:59',NULL,NULL,NULL),('14af2c4cd5564d9c8c85ca226680b334','6290003EBEDB1B39E0531A01A80A58BF',NULL,NULL,'admin',NULL,'2018-01-12 15:15:00','qcFlow','QcInspect',NULL,'70747',0,NULL,'2018-01-12 15:15:57',NULL,NULL,NULL),('1961e64971ba41ae8880b5699a473df6','628F1222399715EFE0531A01A80A8EF6','admin','2018-01-12 14:21:00','admin',NULL,'2018-01-12 14:21:23','UnqualifiedSub','treatmentSuggestion','测试','70727',0,NULL,'2018-01-12 14:21:23',NULL,NULL,''),('1d1a5cb9723340dab6a1935b32374290','62E194126B0801FDE0531A01A80A57F0','admin','2018-01-16 16:42:00','admin',NULL,'2018-01-16 16:43:16','qcFlow','QcAudit','测试','70806',0,NULL,'2018-01-16 16:43:16',NULL,NULL,''),('1e396271cd874bd6ac94e13a8e9109b2','63368E06E07F1669E0531A01A80A4F98',NULL,NULL,'admin',NULL,'2018-01-26 10:25:00','qcFlow','QcInspect',NULL,'71941',0,NULL,'2018-01-26 10:25:34',NULL,NULL,NULL),('1ed8cc6ad59b4a81b306984dd26c4201','628F1222399715EFE0531A01A80A8EF6',NULL,NULL,'admin',NULL,'2018-01-12 00:00:00','qcFlow','qcDispatch','','70701',0,NULL,'2018-01-12 14:09:19',NULL,NULL,NULL),('1fec74e252224a8abfadfa69666f0bdf','62E194126B0801FDE0531A01A80A57F0',NULL,NULL,'admin',NULL,'2018-01-16 16:51:00','qcFlow','QcInspect',NULL,'70826',0,NULL,'2018-01-16 16:51:58',NULL,NULL,NULL),('207fbebf6fd54a4a95dee612421cfe74','6290003EBEDB1B39E0531A01A80A58BF','admin','2018-01-12 15:17:00','admin',NULL,'2018-01-12 15:18:17','qcFlow','QcAudit','质检不合格，不符合要求','70749',0,NULL,'2018-01-12 15:18:17',NULL,NULL,''),('243e1f2d655945f2b916d9300a5c6104','17e9a11e98324640bfa5a444efff2da2',NULL,NULL,'admin',NULL,'2018-02-02 00:00:00','qcFlow','qcDispatch','','71967',0,NULL,'2018-02-02 15:27:01',NULL,NULL,NULL),('2e3678c9ee6543ce94289c4618de5b60','63368E06E07D1669E0531A01A80A4F98',NULL,NULL,'admin',NULL,'2018-01-25 00:00:00','qcFlow','qcDispatch','检验','71753',0,NULL,'2018-01-25 10:34:17',NULL,NULL,NULL),('357e0d41289e44419e67afa92567638f','17e9a11e98324640bfa5a444efff2da2',NULL,NULL,'admin',NULL,'2018-02-02 16:41:00','qcFlow','QcInspect',NULL,'71984',0,NULL,'2018-02-02 16:41:23',NULL,NULL,NULL),('37957eb4f2644354b709f09b9b8d97c2','64B2D1F93F9F1B64E0531A01A80A0AC4','admin','2018-02-08 19:38:00','admin',NULL,'2018-02-08 19:38:48','qcFlow','QcAudit','测试','72160',0,NULL,'2018-02-08 19:38:48',NULL,NULL,''),('37b8df9f8fef421dad5306356e84de1f','64B2D1F93F9A1B64E0531A01A80A0AC4','admin','2018-02-08 19:45:10','admin',NULL,'2018-02-08 19:45:10','UnqualifiedSub','signIslate','test','72198',0,NULL,'2018-02-08 19:45:10',NULL,NULL,''),('3c46dceb05894b7aad4d22f3ca30e136','6976A0FAE5680CB2E0531A01A80A7975',NULL,NULL,'admin',NULL,'2018-04-01 00:00:00','qcFlow','qcDispatch','请检验','75016',0,NULL,'2018-04-10 14:26:24',NULL,NULL,NULL),('3c72adce25b045bb90dc576b4586e656','63368E06E07D1669E0531A01A80A4F98','admin','2018-01-25 10:43:00','admin',NULL,'2018-01-25 10:43:00','UnqualifiedSub','signIslate','adfdf','71776',0,NULL,'2018-01-25 10:43:00',NULL,NULL,''),('464e0d10e0964a18b6ca79fbe16e7ae5','628F1222399715EFE0531A01A80A8EF6','admin','2018-01-12 14:20:59','admin',NULL,'2018-01-12 14:20:59','UnqualifiedSub','signIslate','测试','70723',0,NULL,'2018-01-12 14:20:59',NULL,NULL,''),('494adde123f44deabf59382e32054dbf','63368E06E07E1669E0531A01A80A4F98',NULL,NULL,'admin',NULL,'2018-02-05 22:18:00','qcFlow','QcInspect',NULL,'72034',0,NULL,'2018-02-05 22:18:28',NULL,NULL,NULL),('50583e1156c743dd930f4ad6f52b7185','64B2D1F93F9A1B64E0531A01A80A0AC4','','2018-02-08 19:45:47','',NULL,'2018-02-08 19:46:01','UnqualifiedSub','leaderAudit','test','72204',0,NULL,'2018-02-08 19:46:01',NULL,NULL,''),('57399ad0764549e79a8462498a8971c5','63368E06E07F1669E0531A01A80A4F98','admin','2018-01-26 10:25:00','admin',NULL,'2018-01-26 10:26:04','qcFlow','QcAudit','','71943',0,NULL,'2018-01-26 10:26:04',NULL,NULL,''),('58b4b44896ae4b878b0baa7d36a85874','64B2D1F93F9A1B64E0531A01A80A0AC4','admin','2018-02-08 19:44:20','admin',NULL,'2018-02-08 19:44:20','UnqualifiedSub','messageNotification','','72195',0,NULL,'2018-02-08 19:44:20',NULL,NULL,''),('58f01886ed9e4aa5b3ba1801a026ba42','63368E06E07D1669E0531A01A80A4F98','admin','2018-01-25 10:41:36','admin',NULL,'2018-01-25 10:41:36','UnqualifiedSub','messageNotification','sdf','71774',0,NULL,'2018-01-25 10:41:36',NULL,NULL,''),('59a1eb41fbd44794afa87f9893831d5a','63368E06E07F1669E0531A01A80A4F98',NULL,NULL,'admin',NULL,'2018-01-26 00:00:00','qcFlow','qcDispatch','','71935',0,NULL,'2018-01-26 10:25:07',NULL,NULL,NULL),('5a5f1ef09eac45ce9ae8d4aae66f9e7a','6290003EBEDB1B39E0531A01A80A58BF','','2018-01-12 15:20:42','',NULL,'2018-01-12 15:21:00','UnqualifiedSub','leaderAudit','同意','70771',0,NULL,'2018-01-12 15:21:00',NULL,NULL,''),('5fe9bff7188a4eac936b0555cb7b04a9','63368E06E07D1669E0531A01A80A4F98',NULL,NULL,'admin',NULL,'2018-01-25 10:35:00','qcFlow','QcInspect',NULL,'71759',0,NULL,'2018-01-25 10:35:41',NULL,NULL,NULL),('6244fd60b97247689c253e69c839c543','63368E06E07D1669E0531A01A80A4F98',NULL,NULL,'admin',NULL,'2018-02-06 00:00:00','qcFlow','qcDispatch','ty','72086',0,NULL,'2018-02-06 15:25:50',NULL,NULL,NULL),('69777631f3e34fd98d989a87b72c4b4a','62E194126B0801FDE0531A01A80A57F0',NULL,NULL,'admin',NULL,'2018-01-16 00:00:00','qcFlow','qcDispatch','测试','70820',0,NULL,'2018-01-16 16:51:31',NULL,NULL,NULL),('6feeacb3d1cd4918b1085b28d1a8f354','63368E06E07D1669E0531A01A80A4F98','admin','2018-01-25 10:44:00','admin',NULL,'2018-01-25 10:44:31','UnqualifiedSub','treatmentSuggestion','fd','71779',0,NULL,'2018-01-25 10:44:31',NULL,NULL,''),('74a64b302b0a4ed8a0d61c22011434c8','6976A0FAE5680CB2E0531A01A80A7975','admin','2018-04-10 14:27:00','admin',NULL,'2018-04-10 14:29:20','qcFlow','QcAudit','不合格','75024',0,NULL,'2018-04-10 14:29:20',NULL,NULL,''),('74ec6fc3adb24d03903972a5296da9d7','17e9a11e98324640bfa5a444efff2da2','admin','2018-02-02 16:42:22','admin',NULL,'2018-02-02 16:42:22','UnqualifiedSub','signIslate','','72001',0,NULL,'2018-02-02 16:42:22',NULL,NULL,''),('78bf6299d90c471baf32ad7befc9060f','5f4147b8d4f045ef80d32da14915179c',NULL,NULL,'admin',NULL,'2018-02-05 22:04:00','qcFlow','QcInspect',NULL,'71979',0,NULL,'2018-02-05 22:04:21',NULL,NULL,NULL),('79128eaa70454efdbd34dfeae610a368','628F1222399715EFE0531A01A80A8EF6','admin','2018-01-12 14:20:37','admin',NULL,'2018-01-12 14:20:37','UnqualifiedSub','messageNotification','','70721',0,NULL,'2018-01-12 14:20:37',NULL,NULL,''),('7c3e2300ebac4d35904a7ce2c10e92fd','628F1222399715EFE0531A01A80A8EF6',NULL,NULL,'admin',NULL,'2018-01-12 14:09:00','qcFlow','QcInspect',NULL,'70707',0,NULL,'2018-01-12 14:09:40',NULL,NULL,NULL),('82e55ae5dc7f464ea0398f8ed08dc1f9','63368E06E07D1669E0531A01A80A4F98','','2018-01-25 10:44:57','',NULL,'2018-01-25 10:45:08','UnqualifiedSub','leaderAudit','ty','71783',0,NULL,'2018-01-25 10:45:08',NULL,NULL,''),('8f21cfa415df475db1042233c7224ea0','6290003EBEDB1B39E0531A01A80A58BF','admin','2018-01-12 15:19:32','admin',NULL,'2018-01-12 15:19:32','UnqualifiedSub','messageNotification','质检不合格测试','70762',0,NULL,'2018-01-12 15:19:32',NULL,NULL,''),('9f1ba3496bb9470493bc7d35eb2d2c84','63368E06E07D1669E0531A01A80A4F98','admin','2018-01-25 10:36:00','admin',NULL,'2018-01-25 10:36:45','qcFlow','QcAudit','走不合格流程','71761',0,NULL,'2018-01-25 10:36:45',NULL,NULL,''),('9f87e6269b134523bcdb6637aafa6659','6976A0FAE5680CB2E0531A01A80A7975',NULL,NULL,'admin',NULL,'2018-04-10 14:26:00','qcFlow','QcInspect',NULL,'75022',0,NULL,'2018-04-10 14:28:01',NULL,NULL,NULL),('9f8d4b4a9ef349af94466af81ede60d6','62E194126B0801FDE0531A01A80A57F0',NULL,NULL,'admin',NULL,'2018-01-16 16:39:00','qcFlow','QcInspect',NULL,'70804',0,NULL,'2018-01-16 16:39:28',NULL,NULL,NULL),('add61f5bea454850b9f0a91481cb1da3','17e9a11e98324640bfa5a444efff2da2','admin','2018-02-02 16:42:00','admin',NULL,'2018-02-02 16:42:45','UnqualifiedSub','treatmentSuggestion','','72004',0,NULL,'2018-02-02 16:42:45',NULL,NULL,''),('b0b841f40e29476292da4456790a66c5','63368E06E07E1669E0531A01A80A4F98','admin','2018-02-05 22:18:00','admin',NULL,'2018-02-05 22:19:09','qcFlow','QcAudit','admin','72036',0,NULL,'2018-02-05 22:19:09',NULL,NULL,''),('b28d7feda5d147da9b52be2f99af0cea','6976A0FAE5680CB2E0531A01A80A7975','admin','2018-04-10 14:31:44','admin',NULL,'2018-04-10 14:31:44','UnqualifiedSub','messageNotification','','75037',0,NULL,'2018-04-10 14:31:44',NULL,NULL,''),('b35f746fd00c4875a76791c65091cb5c','62E194126B0801FDE0531A01A80A57F0','admin','2018-01-16 16:52:00','admin',NULL,'2018-01-16 16:52:23','qcFlow','QcAudit','检验合格','70828',0,NULL,'2018-01-16 16:52:23',NULL,NULL,''),('ba2795dba4da48269eb227f18fea37d6','63368E06E07D1669E0531A01A80A4F98','admin','2018-02-06 15:29:00','admin',NULL,'2018-02-06 15:30:13','qcFlow','QcAudit','admin','72094',0,NULL,'2018-02-06 15:30:13',NULL,NULL,''),('bc3681f249ff4542bca39dad1d150e25','6290003EBEDB1B39E0531A01A80A58BF',NULL,NULL,'admin',NULL,'2018-01-12 00:00:00','qcFlow','qcDispatch','','70741',0,NULL,'2018-01-12 15:15:33',NULL,NULL,NULL),('c4162c4c96cd4569a4c21e201d79ade5','17e9a11e98324640bfa5a444efff2da2','admin','2018-02-02 16:41:00','admin',NULL,'2018-02-02 16:41:43','qcFlow','QcAudit','','71986',0,NULL,'2018-02-02 16:41:43',NULL,NULL,''),('c50f1654f605431db07315b5677dafdd','62E194126B0801FDE0531A01A80A57F0',NULL,NULL,'admin',NULL,'2018-01-16 00:00:00','qcFlow','qcDispatch','','70798',0,NULL,'2018-01-16 16:38:57',NULL,NULL,NULL),('c98b693e138a47b8b1461bd3207dda03','5f4147b8d4f045ef80d32da14915179c',NULL,NULL,'张兰路',NULL,'2018-02-02 00:00:00','qcFlow','qcDispatch','','71973',0,NULL,'2018-02-02 15:19:36',NULL,NULL,NULL),('cb150400f7bd4dea8e734030378bbbf8','64B2D1F93F9A1B64E0531A01A80A0AC4','admin','2018-02-08 19:45:00','admin',NULL,'2018-02-08 19:45:42','UnqualifiedSub','treatmentSuggestion','test','72201',0,NULL,'2018-02-08 19:45:42',NULL,NULL,''),('cbb720a5e37f4c54930557f0b05e77a8','64B2D1F93F9A1B64E0531A01A80A0AC4',NULL,NULL,'admin',NULL,'2018-02-08 00:00:00','qcFlow','qcDispatch','','72174',0,NULL,'2018-02-08 19:42:50',NULL,NULL,NULL),('d2da31fdf1d44ba9abf50c88d938084d','63368E06E07D1669E0531A01A80A4F98',NULL,NULL,'admin',NULL,'2018-02-06 15:29:00','qcFlow','QcInspect',NULL,'72092',0,NULL,'2018-02-06 15:29:22',NULL,NULL,NULL),('d2df5daaf48847b78230ae31efed94ef','64B2D1F93F9A1B64E0531A01A80A0AC4','admin','2018-02-08 19:43:00','admin',NULL,'2018-02-08 19:43:24','qcFlow','QcAudit','123455555','72182',0,NULL,'2018-02-08 19:43:24',NULL,NULL,''),('de7bcee62d4844eda5870b5426d44189','628F1222399715EFE0531A01A80A8EF6','','2018-01-12 14:21:30','',NULL,'2018-01-12 14:22:05','UnqualifiedSub','leaderAudit','同意退回\n测试','70731',0,NULL,'2018-01-12 14:22:05',NULL,NULL,''),('e328b430dca74fcf872775d072348685','6290003EBEDB1B39E0531A01A80A58BF','admin','2018-01-12 15:19:50','admin',NULL,'2018-01-12 15:19:50','UnqualifiedSub','signIslate','不合格测试','70764',0,NULL,'2018-01-12 15:19:50',NULL,NULL,''),('e370c6edf00e4c02992fb928bb44166a','5f4147b8d4f045ef80d32da14915179c','admin','2018-02-05 22:05:00','admin',NULL,'2018-02-05 22:05:40','qcFlow','QcAudit','admin','72014',0,NULL,'2018-02-05 22:05:40',NULL,NULL,''),('e45a96fc3cb44a8e8ddf0138e8a3a788','628F1222399715EFE0531A01A80A8EF6','admin','2018-01-12 14:14:00','admin',NULL,'2018-01-12 14:15:50','qcFlow','QcAudit','','70709',0,NULL,'2018-01-12 14:15:50',NULL,NULL,''),('e4ddc92ca5cf4261b913be4784c7be6b','628C4F06E4B50564E0531A01A80A1D2F',NULL,NULL,'admin',NULL,'2018-01-12 14:01:00','qcFlow','QcInspect',NULL,'70694',0,NULL,'2018-01-12 14:01:39',NULL,NULL,NULL),('e63f443787a44e298fb7ad71411e089c','628C4F06E4B50564E0531A01A80A1D2F',NULL,NULL,'admin',NULL,'2018-01-12 00:00:00','qcFlow','qcDispatch','123123','70688',0,NULL,'2018-01-12 13:53:25',NULL,NULL,NULL),('e64a7cc2b1244095982be1dc529c65a3','63368E06E07E1669E0531A01A80A4F98',NULL,NULL,'admin',NULL,'2018-02-05 00:00:00','qcFlow','qcDispatch','admin','72028',0,NULL,'2018-02-05 22:16:44',NULL,NULL,NULL),('e76b565ab86e487b8636b5c355a3cca1','6290003EBEDB1B39E0531A01A80A58BF','admin','2018-01-12 15:20:00','admin',NULL,'2018-01-12 15:20:37','UnqualifiedSub','treatmentSuggestion','重新检查一遍','70767',0,NULL,'2018-01-12 15:20:37',NULL,NULL,''),('ebdbaccd78914d2b9524f04641e7e2e3','17e9a11e98324640bfa5a444efff2da2','admin','2018-02-02 16:42:05','admin',NULL,'2018-02-02 16:42:05','UnqualifiedSub','messageNotification','','71998',0,NULL,'2018-02-02 16:42:05',NULL,NULL,''),('efd70cf3943f4114ac65d3d0bc3a06d2','64B2D1F93F9A1B64E0531A01A80A0AC4',NULL,NULL,'admin',NULL,'2018-02-08 19:43:00','qcFlow','QcInspect',NULL,'72180',0,NULL,'2018-02-08 19:43:05',NULL,NULL,NULL),('f050b49de0e04589845c9c04f7bb664d','17e9a11e98324640bfa5a444efff2da2','','2018-02-02 16:42:50','',NULL,'2018-02-02 16:43:05','UnqualifiedSub','leaderAudit','退回了','72007',0,NULL,'2018-02-02 16:43:05',NULL,NULL,''),('f75f838dfb904ba998b9c5bbbefa534a','64B2D1F93F9F1B64E0531A01A80A0AC4',NULL,NULL,'admin',NULL,'2018-02-08 19:38:00','qcFlow','QcInspect',NULL,'72158',0,NULL,'2018-02-08 19:38:27',NULL,NULL,NULL);

/*!40101 SET SQL_MODE=@OLD_SQL_MODE */;
/*!40014 SET FOREIGN_KEY_CHECKS=@OLD_FOREIGN_KEY_CHECKS */;
/*!40014 SET UNIQUE_CHECKS=@OLD_UNIQUE_CHECKS */;
/*!40111 SET SQL_NOTES=@OLD_SQL_NOTES */;
