/*
SQLyog Ultimate v12.08 (64 bit)
MySQL - 5.7.17 : Database - mes-report
*********************************************************************
*/

/*!40101 SET NAMES utf8 */;

/*!40101 SET SQL_MODE=''*/;

/*!40014 SET @OLD_UNIQUE_CHECKS=@@UNIQUE_CHECKS, UNIQUE_CHECKS=0 */;
/*!40014 SET @OLD_FOREIGN_KEY_CHECKS=@@FOREIGN_KEY_CHECKS, FOREIGN_KEY_CHECKS=0 */;
/*!40101 SET @OLD_SQL_MODE=@@SQL_MODE, SQL_MODE='NO_AUTO_VALUE_ON_ZERO' */;
/*!40111 SET @OLD_SQL_NOTES=@@SQL_NOTES, SQL_NOTES=0 */;
CREATE DATABASE /*!32312 IF NOT EXISTS*/`mes-report` /*!40100 DEFAULT CHARACTER SET utf8 */;

USE `mes-report`;

/*Table structure for table `catdict` */

DROP TABLE IF EXISTS `catdict`;

CREATE TABLE `catdict` (
  `catCode` varchar(10) DEFAULT NULL,
  `catName` varchar(30) DEFAULT NULL,
  `parentCode` varchar(10) DEFAULT NULL,
  `level` smallint(6) DEFAULT NULL
) ENGINE=InnoDB DEFAULT CHARSET=utf8;

/*Data for the table `catdict` */

insert  into `catdict`(`catCode`,`catName`,`parentCode`,`level`) values ('10','饮料','0',1),('11','食品','0',1),('1001','果汁饮料','10',2),('1101','休闲食品','11',2),('1102','生鲜食品','11',2),('1002','碳酸饮料','10',2),('100101','果汁饮料芬达','1001',3),('100102','果汁饮料果粒橙','1001',3),('100201','碳酸饮料雪碧','1002',3),('100202','碳酸饮料可乐','1002',3),('110101','休闲良品辣条','1101',3),('110102','休闲良品葡萄干','1101',3);

/*Table structure for table `demo_test` */

DROP TABLE IF EXISTS `demo_test`;

CREATE TABLE `demo_test` (
  `id` varchar(255) NOT NULL,
  `name` varchar(255) DEFAULT NULL,
  PRIMARY KEY (`id`)
) ENGINE=InnoDB DEFAULT CHARSET=utf8;

/*Data for the table `demo_test` */

insert  into `demo_test`(`id`,`name`) values ('dbec73a4a07a4142b772d78f53ed0aad','dbec73a4a07a4142b772d78f53ed0aadname'),('df1b9078512a4a9b8a0aabf3aee5bade','df1b9078512a4a9b8a0aabf3aee5badename');

/*Table structure for table `tborder` */

DROP TABLE IF EXISTS `tborder`;

CREATE TABLE `tborder` (
  `BillNumber` varchar(12) NOT NULL,
  `BuildDate` varchar(8) DEFAULT NULL,
  `Customer` varchar(20) DEFAULT NULL,
  `GoodsName` varchar(20) DEFAULT NULL,
  `Amount` float DEFAULT NULL,
  `SaleMoney` float DEFAULT NULL,
  `cat3` varchar(20) DEFAULT NULL,
  PRIMARY KEY (`BillNumber`)
) ENGINE=InnoDB DEFAULT CHARSET=utf8;

/*Data for the table `tborder` */

insert  into `tborder`(`BillNumber`,`BuildDate`,`Customer`,`GoodsName`,`Amount`,`SaleMoney`,`cat3`) values ('1','20141201','11','goods1',1.1,1212,'100101'),('10','20141201','21','efew',2,42111,'100101'),('101','20141201','21','efew',2,4,'100101'),('1011234','20141201','21','efew',2,4,'100101'),('101123412345','20141201','21','efew',2,4,'100101'),('10112345','20141201','21','efew',2,4,'100101'),('101234','20141201','21','efew',2,4,'100101'),('10123412345','20141201','21','efew',21,4111,'100102'),('1012345','20141201','21','efew',22,23233,'100102'),('11','3232','3232','dfdsfs',4,8711,'100103'),('111','3232','3232','dfdsfs',4,18721,'100103'),('1111234','3232','3232','dfdsfs',4,8711,'110101'),('111123412345','3232','3232','dfdsfs',4,8711,'110101'),('11112345','3232','3232','dfdsfs',4,87121,'110101'),('111234','3232','3232','dfdsfs',4,871,'110101'),('11123412345','3232','3232','dfdsfs',4,87,'110101'),('1112345','3232','3232','dfdsfs',4,87,'110101'),('11234','20141201','11','goods1',1.1,1212,'110101'),('1123412345','20141201','11','goods1',1.1,1212,'110101'),('112345','20141201','11','goods1',1.1,1212,'110101'),('12','20141201','23','122',3,31,'110101'),('121','20141201','23','122',3,65656,'110101'),('1211234','20141201','23','122',3,5656,'110101'),('121123412345','20141201','23','122',3,6565,'110101'),('12112345','20141201','23','122',3,555,'110101'),('121234','20141201','23','122',3,3,'110101'),('12123412345','20141201','23','122',3,5454,'110101'),('1212345','20141201','23','122',3,3,'110101'),('2','20141202','22','goods2',2.2,21321,'110101'),('21','20141202','22','goods2',2.2,32,'110101'),('211','20141202','22','goods2',2.2,321,'110101'),('2111','20141202','22','goods2',2.2,32,'110101'),('21111','20141202','22','goods2',2.2,321321,'110101'),('211111','20141202','22','goods2',2.2,1,'110101'),('2111111234','20141202','22','goods2',2.2,32132,'110102'),('211111123412','20141202','22','goods2',2.2,2,'110102'),('21111112345','20141202','22','goods2',2.2,32132,'110102'),('211111234','20141202','22','goods2',2.2,3213,'110102'),('211111234123','20141202','22','goods2',2.2,3,'110102'),('2111112345','20141202','22','goods2',2.2,32132,'110102'),('21111234','20141202','22','goods2',2.2,444,'110102'),('211112341234','20141202','22','goods2',2.2,3213,'110102'),('211112345','20141202','22','goods2',2.2,3213,'110102'),('2111234','20141202','22','goods2',2.2,3213,'110102'),('211123412345','20141202','22','goods2',2.2,31321,'110102'),('21112345','20141202','22','goods2',2.2,3213,'110102'),('211234','20141202','22','goods2',2.2,3213,'110102'),('21123412345','20141202','22','goods2',2.2,3213,'110102'),('2112345','20141202','22','goods2',2.2,321321,NULL),('21234','20141202','22','goods2',2.2,321321,NULL),('2123412345','20141202','22','goods2',2.2,321321,NULL),('212345','20141202','22','goods2',2.2,321321,NULL),('3','20141203','33','goods3',3.3,312312,NULL),('31','20141203','33','goods3',3.3,312312,NULL),('311','20141203','33','goods3',3.3,312312,NULL),('3111','20141203','33','goods3',3.3,312312,NULL),('31111','20141203','33','goods3',3.3,312312,NULL),('311111','20141203','33','goods3',3.3,312312,NULL),('3111111234','20141203','33','goods3',3.3,312312,NULL),('311111123412','20141203','33','goods3',3.3,312312,NULL),('31111112345','20141203','33','goods3',3.3,312312,NULL),('311111234','20141203','33','goods3',3.3,312312,NULL),('311111234123','20141203','33','goods3',3.3,312312,NULL),('3111112345','20141203','33','goods3',3.3,312312,NULL),('31111234','20141203','33','goods3',3.3,312312,NULL),('311112341234','20141203','33','goods3',3.3,312312,NULL),('311112345','20141203','33','goods3',3.3,312312,NULL),('3111234','20141203','33','goods3',3.3,312312,NULL),('311123412345','20141203','33','goods3',3.3,312312,NULL),('31112345','20141203','33','goods3',3.3,312312,NULL),('311234','20141203','33','goods3',3.3,312312,NULL),('31123412345','20141203','33','goods3',3.3,312312,NULL),('3112345','20141203','33','goods3',3.3,312312,NULL),('31234','20141203','33','goods3',3.3,312312,NULL),('3123412345','20141203','33','goods3',3.3,312312,NULL),('312345','20141203','33','goods3',3.3,312312,NULL),('4','20141204','44','goods4',4.4,312,NULL),('41','20141204','44','goods4',4.4,312,NULL),('411','20141204','44','goods4',4.4,312,NULL),('4111','20141204','44','goods4',4.4,312,NULL),('41111','20141204','44','goods4',4.4,312,NULL),('411111','20141204','44','goods4',4.4,312,NULL),('4111111234','20141204','44','goods4',4.4,312,NULL),('411111123412','20141204','44','goods4',4.4,312,NULL),('41111112345','20141204','44','goods4',4.4,312,NULL),('411111234','20141204','44','goods4',4.4,312,NULL),('411111234123','20141204','44','goods4',4.4,312,NULL),('4111112345','20141204','44','goods4',4.4,312,NULL),('41111234','20141204','44','goods4',4.4,312,NULL),('411112341234','20141204','44','goods4',4.4,312,NULL),('411112345','20141204','44','goods4',4.4,312,NULL),('4111234','20141204','44','goods4',4.4,312,NULL),('411123412345','20141204','44','goods4',4.4,312,NULL),('41112345','20141204','44','goods4',4.4,312,NULL),('411234','20141204','44','goods4',4.4,312,NULL),('41123412345','20141204','44','goods4',4.4,312,NULL),('4112345','20141204','44','goods4',4.4,312,NULL),('41234','20141204','44','goods4',4.4,312,NULL),('4123412345','20141204','44','goods4',4.4,312,NULL),('412345','20141204','44','goods4',4.4,312,NULL),('5','20141205','55','goods5',5.5,4343,NULL),('51','20141205','55','goods5',5.5,4343,NULL),('511','20141205','55','goods5',5.5,4343,NULL),('5111','20141205','55','goods5',5.5,4343,NULL),('51111','20141205','55','goods5',5.5,4343,NULL),('511111','20141205','55','goods5',5.5,4343,NULL),('5111111234','20141205','55','goods5',5.5,4343,NULL),('511111123412','20141205','55','goods5',5.5,4343,NULL),('51111112345','20141205','55','goods5',5.5,4343,NULL),('511111234','20141205','55','goods5',5.5,4343,NULL),('511111234123','20141205','55','goods5',5.5,4343,NULL),('5111112345','20141205','55','goods5',5.5,4343,NULL),('51111234','20141205','55','goods5',5.5,4343,NULL),('511112341234','20141205','55','goods5',5.5,4343,NULL),('511112345','20141205','55','goods5',5.5,4343,NULL),('5111234','20141205','55','goods5',5.5,4343,NULL),('511123412345','20141205','55','goods5',5.5,4343,NULL),('51112345','20141205','55','goods5',5.5,4343,NULL),('511234','20141205','55','goods5',5.5,4343,NULL),('51123412345','20141205','55','goods5',5.5,4343,NULL),('5112345','20141205','55','goods5',5.5,4343,NULL),('51234','20141205','55','goods5',5.5,4343,NULL),('5123412345','20141205','55','goods5',5.5,4343,NULL),('512345','20141205','55','goods5',5.5,4343,NULL),('6','20141206','66','goods6',6.6,67,NULL),('61','20141206','66','goods6',6.6,67,NULL),('611','20141206','66','goods6',6.6,67,NULL),('6111','20141206','66','goods6',6.6,67,NULL),('61111','20141206','66','goods6',6.6,67,NULL),('611111','20141206','66','goods6',6.6,67,NULL),('6111111234','20141206','66','goods6',6.6,67,NULL),('611111123412','20141206','66','goods6',6.6,67,NULL),('61111112345','20141206','66','goods6',6.6,67,NULL),('611111234','20141206','66','goods6',6.6,67,NULL),('611111234123','20141206','66','goods6',6.6,67,NULL),('6111112345','20141206','66','goods6',6.6,67,NULL),('61111234','20141206','66','goods6',6.6,67,NULL),('611112341234','20141206','66','goods6',6.6,67,NULL),('611112345','20141206','66','goods6',6.6,67,NULL),('6111234','20141206','66','goods6',6.6,67,NULL),('611123412345','20141206','66','goods6',6.6,67,NULL),('61112345','20141206','66','goods6',6.6,67,NULL),('611234','20141206','66','goods6',6.6,67,NULL),('61123412345','20141206','66','goods6',6.6,67,NULL),('6112345','20141206','66','goods6',6.6,67,NULL),('61234','20141206','66','goods6',6.6,67,NULL),('6123412345','20141206','66','goods6',6.6,67,NULL),('612345','20141206','66','goods6',6.6,67,NULL),('7','20141207','77','goods7',7.7,67,NULL),('71','20141207','77','goods7',7.7,67,NULL),('711','20141207','77','goods7',7.7,67,NULL),('7111','20141207','77','goods7',7.7,67,NULL),('71111','20141207','77','goods7',7.7,67,NULL),('711111','20141207','77','goods7',7.7,67,NULL),('7111111234','20141207','77','goods7',7.7,67,NULL),('711111123412','20141207','77','goods7',7.7,67,NULL),('71111112345','20141207','77','goods7',7.7,67,NULL),('711111234','20141207','77','goods7',7.7,67,NULL),('711111234123','20141207','77','goods7',7.7,67,NULL),('7111112345','20141207','77','goods7',7.7,67,NULL),('71111234','20141207','77','goods7',7.7,67,NULL),('711112341234','20141207','77','goods7',7.7,67,NULL),('711112345','20141207','77','goods7',7.7,67,NULL),('7111234','20141207','77','goods7',7.7,67,NULL),('711123412345','20141207','77','goods7',7.7,67,NULL),('71112345','20141207','77','goods7',7.7,67,NULL),('711234','20141207','77','goods7',7.7,67,NULL),('71123412345','20141207','77','goods7',7.7,67,NULL),('7112345','20141207','77','goods7',7.7,67,NULL),('71234','20141207','77','goods7',7.7,67,NULL),('7123412345','20141207','77','goods7',7.7,67,NULL),('712345','20141207','77','goods7',7.7,67,NULL),('8','20141208','88','goods8',8.8,54,NULL),('81','20141208','88','goods8',8.8,54,NULL),('811','20141208','88','goods8',8.8,54,NULL),('8111','20141208','88','goods8',8.8,54,NULL),('81111','20141208','88','goods8',8.8,54,NULL),('811111','20141208','88','goods8',8.8,54,NULL),('8111111234','20141208','88','goods8',8.8,54,NULL),('811111123412','20141208','88','goods8',8.8,54,NULL),('81111112345','20141208','88','goods8',8.8,54,NULL),('811111234','20141208','88','goods8',8.8,54,NULL),('811111234123','20141208','88','goods8',8.8,54,NULL),('8111112345','20141208','88','goods8',8.8,54,NULL),('81111234','20141208','88','goods8',8.8,54,NULL),('811112341234','20141208','88','goods8',8.8,54,NULL),('811112345','20141208','88','goods8',8.8,54,NULL),('8111234','20141208','88','goods8',8.8,54,NULL),('811123412345','20141208','88','goods8',8.8,54,NULL),('81112345','20141208','88','goods8',8.8,54,NULL),('811234','20141208','88','goods8',8.8,54,NULL),('81123412345','20141208','88','goods8',8.8,54,NULL),('8112345','20141208','88','goods8',8.8,54,NULL),('81234','20141208','88','goods8',8.8,54,NULL),('8123412345','20141208','88','goods8',8.8,54,NULL),('812345','20141208','88','goods8',8.8,54,NULL),('9','20141208','888','goods88',9.9,54,NULL),('91','20141208','888','goods88',9.9,54,NULL),('911','20141208','888','goods88',9.9,54,NULL),('9111','20141208','888','goods88',9.9,54,NULL),('91111','20141208','888','goods88',9.9,54,NULL),('911111','20141208','888','goods88',9.9,54,NULL),('9111111234','20141208','888','goods88',9.9,54,NULL),('911111123412','20141208','888','goods88',9.9,54,NULL),('91111112345','20141208','888','goods88',9.9,54,NULL),('911111234','20141208','888','goods88',9.9,54,NULL),('911111234123','20141208','888','goods88',9.9,54,NULL),('9111112345','20141208','888','goods88',9.9,54,NULL),('91111234','20141208','888','goods88',9.9,54,NULL),('911112341234','20141208','888','goods88',9.9,54,NULL),('911112345','20141208','888','goods88',9.9,54,NULL),('9111234','20141208','888','goods88',9.9,54,NULL),('911123412345','20141208','888','goods88',9.9,54,NULL),('91112345','20141208','888','goods88',9.9,54,NULL),('911234','20141208','888','goods88',9.9,54,NULL),('91123412345','20141208','888','goods88',9.9,54,NULL),('9112345','20141208','888','goods88',9.9,54,NULL),('91234','20141208','888','goods88',9.9,54,NULL),('9123412345','20141208','888','goods88',9.9,54,NULL),('912345','20141208','888','goods88',9.9,54,NULL);

/*Table structure for table `tborder_copy` */

DROP TABLE IF EXISTS `tborder_copy`;

CREATE TABLE `tborder_copy` (
  `BillNumber` varchar(12) NOT NULL,
  `BuildDate` varchar(8) DEFAULT NULL,
  `Customer` varchar(20) DEFAULT NULL,
  `GoodsName` varchar(20) DEFAULT NULL,
  `Amount` float DEFAULT NULL,
  `SaleMoney` float DEFAULT NULL,
  `cat3` varchar(20) DEFAULT NULL,
  PRIMARY KEY (`BillNumber`)
) ENGINE=InnoDB DEFAULT CHARSET=utf8;

/*Data for the table `tborder_copy` */

insert  into `tborder_copy`(`BillNumber`,`BuildDate`,`Customer`,`GoodsName`,`Amount`,`SaleMoney`,`cat3`) values ('1','20141201','11','goods1',1.1,1212,NULL),('10','20141201','21','efew',2,42111,NULL),('101','20141201','21','efew',2,4,NULL),('1011234','20141201','21','efew',2,4,NULL),('101123412345','20141201','21','efew',2,4,NULL),('10112345','20141201','21','efew',2,4,NULL),('101234','20141201','21','efew',2,4,NULL),('10123412345','20141201','21','efew',21,4111,NULL),('1012345','20141201','21','efew',22,23233,NULL),('11','3232','3232','dfdsfs',4,8711,NULL),('111','3232','3232','dfdsfs',4,18721,NULL),('1111234','3232','3232','dfdsfs',4,8711,NULL),('111123412345','3232','3232','dfdsfs',4,8711,NULL),('11112345','3232','3232','dfdsfs',4,87121,NULL),('111234','3232','3232','dfdsfs',4,871,NULL),('11123412345','3232','3232','dfdsfs',4,87,NULL),('1112345','3232','3232','dfdsfs',4,87,NULL),('11234','20141201','11','goods1',1.1,1212,NULL),('1123412345','20141201','11','goods1',1.1,1212,NULL),('112345','20141201','11','goods1',1.1,1212,NULL),('12','20141201','23','122',3,31,NULL),('121','20141201','23','122',3,65656,NULL),('1211234','20141201','23','122',3,5656,NULL),('121123412345','20141201','23','122',3,6565,NULL),('12112345','20141201','23','122',3,555,NULL),('121234','20141201','23','122',3,3,NULL),('12123412345','20141201','23','122',3,5454,NULL),('1212345','20141201','23','122',3,3,NULL),('2','20141202','22','goods2',2.2,21321,NULL),('21','20141202','22','goods2',2.2,32,NULL),('211','20141202','22','goods2',2.2,321,NULL),('2111','20141202','22','goods2',2.2,32,NULL),('21111','20141202','22','goods2',2.2,321321,NULL),('211111','20141202','22','goods2',2.2,1,NULL),('2111111234','20141202','22','goods2',2.2,32132,NULL),('211111123412','20141202','22','goods2',2.2,2,NULL),('21111112345','20141202','22','goods2',2.2,32132,NULL),('211111234','20141202','22','goods2',2.2,3213,NULL),('211111234123','20141202','22','goods2',2.2,3,NULL),('2111112345','20141202','22','goods2',2.2,32132,NULL),('21111234','20141202','22','goods2',2.2,444,NULL),('211112341234','20141202','22','goods2',2.2,3213,NULL),('211112345','20141202','22','goods2',2.2,3213,NULL),('2111234','20141202','22','goods2',2.2,3213,NULL),('211123412345','20141202','22','goods2',2.2,31321,NULL),('21112345','20141202','22','goods2',2.2,3213,NULL),('211234','20141202','22','goods2',2.2,3213,NULL),('21123412345','20141202','22','goods2',2.2,3213,NULL),('2112345','20141202','22','goods2',2.2,321321,NULL),('21234','20141202','22','goods2',2.2,321321,NULL),('2123412345','20141202','22','goods2',2.2,321321,NULL),('212345','20141202','22','goods2',2.2,321321,NULL),('3','20141203','33','goods3',3.3,312312,NULL),('31','20141203','33','goods3',3.3,312312,NULL),('311','20141203','33','goods3',3.3,312312,NULL),('3111','20141203','33','goods3',3.3,312312,NULL),('31111','20141203','33','goods3',3.3,312312,NULL),('311111','20141203','33','goods3',3.3,312312,NULL),('3111111234','20141203','33','goods3',3.3,312312,NULL),('311111123412','20141203','33','goods3',3.3,312312,NULL),('31111112345','20141203','33','goods3',3.3,312312,NULL),('311111234','20141203','33','goods3',3.3,312312,NULL),('311111234123','20141203','33','goods3',3.3,312312,NULL),('3111112345','20141203','33','goods3',3.3,312312,NULL),('31111234','20141203','33','goods3',3.3,312312,NULL),('311112341234','20141203','33','goods3',3.3,312312,NULL),('311112345','20141203','33','goods3',3.3,312312,NULL),('3111234','20141203','33','goods3',3.3,312312,NULL),('311123412345','20141203','33','goods3',3.3,312312,NULL),('31112345','20141203','33','goods3',3.3,312312,NULL),('311234','20141203','33','goods3',3.3,312312,NULL),('31123412345','20141203','33','goods3',3.3,312312,NULL),('3112345','20141203','33','goods3',3.3,312312,NULL),('31234','20141203','33','goods3',3.3,312312,NULL),('3123412345','20141203','33','goods3',3.3,312312,NULL),('312345','20141203','33','goods3',3.3,312312,NULL),('4','20141204','44','goods4',4.4,312,NULL),('41','20141204','44','goods4',4.4,312,NULL),('411','20141204','44','goods4',4.4,312,NULL),('4111','20141204','44','goods4',4.4,312,NULL),('41111','20141204','44','goods4',4.4,312,NULL),('411111','20141204','44','goods4',4.4,312,NULL),('4111111234','20141204','44','goods4',4.4,312,NULL),('411111123412','20141204','44','goods4',4.4,312,NULL),('41111112345','20141204','44','goods4',4.4,312,NULL),('411111234','20141204','44','goods4',4.4,312,NULL),('411111234123','20141204','44','goods4',4.4,312,NULL),('4111112345','20141204','44','goods4',4.4,312,NULL),('41111234','20141204','44','goods4',4.4,312,NULL),('411112341234','20141204','44','goods4',4.4,312,NULL),('411112345','20141204','44','goods4',4.4,312,NULL),('4111234','20141204','44','goods4',4.4,312,NULL),('411123412345','20141204','44','goods4',4.4,312,NULL),('41112345','20141204','44','goods4',4.4,312,NULL),('411234','20141204','44','goods4',4.4,312,NULL),('41123412345','20141204','44','goods4',4.4,312,NULL),('4112345','20141204','44','goods4',4.4,312,NULL),('41234','20141204','44','goods4',4.4,312,NULL),('4123412345','20141204','44','goods4',4.4,312,NULL),('412345','20141204','44','goods4',4.4,312,NULL),('5','20141205','55','goods5',5.5,4343,NULL),('51','20141205','55','goods5',5.5,4343,NULL),('511','20141205','55','goods5',5.5,4343,NULL),('5111','20141205','55','goods5',5.5,4343,NULL),('51111','20141205','55','goods5',5.5,4343,NULL),('511111','20141205','55','goods5',5.5,4343,NULL),('5111111234','20141205','55','goods5',5.5,4343,NULL),('511111123412','20141205','55','goods5',5.5,4343,NULL),('51111112345','20141205','55','goods5',5.5,4343,NULL),('511111234','20141205','55','goods5',5.5,4343,NULL),('511111234123','20141205','55','goods5',5.5,4343,NULL),('5111112345','20141205','55','goods5',5.5,4343,NULL),('51111234','20141205','55','goods5',5.5,4343,NULL),('511112341234','20141205','55','goods5',5.5,4343,NULL),('511112345','20141205','55','goods5',5.5,4343,NULL),('5111234','20141205','55','goods5',5.5,4343,NULL),('511123412345','20141205','55','goods5',5.5,4343,NULL),('51112345','20141205','55','goods5',5.5,4343,NULL),('511234','20141205','55','goods5',5.5,4343,NULL),('51123412345','20141205','55','goods5',5.5,4343,NULL),('5112345','20141205','55','goods5',5.5,4343,NULL),('51234','20141205','55','goods5',5.5,4343,NULL),('5123412345','20141205','55','goods5',5.5,4343,NULL),('512345','20141205','55','goods5',5.5,4343,NULL),('6','20141206','66','goods6',6.6,67,NULL),('61','20141206','66','goods6',6.6,67,NULL),('611','20141206','66','goods6',6.6,67,NULL),('6111','20141206','66','goods6',6.6,67,NULL),('61111','20141206','66','goods6',6.6,67,NULL),('611111','20141206','66','goods6',6.6,67,NULL),('6111111234','20141206','66','goods6',6.6,67,NULL),('611111123412','20141206','66','goods6',6.6,67,NULL),('61111112345','20141206','66','goods6',6.6,67,NULL),('611111234','20141206','66','goods6',6.6,67,NULL),('611111234123','20141206','66','goods6',6.6,67,NULL),('6111112345','20141206','66','goods6',6.6,67,NULL),('61111234','20141206','66','goods6',6.6,67,NULL),('611112341234','20141206','66','goods6',6.6,67,NULL),('611112345','20141206','66','goods6',6.6,67,NULL),('6111234','20141206','66','goods6',6.6,67,NULL),('611123412345','20141206','66','goods6',6.6,67,NULL),('61112345','20141206','66','goods6',6.6,67,NULL),('611234','20141206','66','goods6',6.6,67,NULL),('61123412345','20141206','66','goods6',6.6,67,NULL),('6112345','20141206','66','goods6',6.6,67,NULL),('61234','20141206','66','goods6',6.6,67,NULL),('6123412345','20141206','66','goods6',6.6,67,NULL),('612345','20141206','66','goods6',6.6,67,NULL),('7','20141207','77','goods7',7.7,67,NULL),('71','20141207','77','goods7',7.7,67,NULL),('711','20141207','77','goods7',7.7,67,NULL),('7111','20141207','77','goods7',7.7,67,NULL),('71111','20141207','77','goods7',7.7,67,NULL),('711111','20141207','77','goods7',7.7,67,NULL),('7111111234','20141207','77','goods7',7.7,67,NULL),('711111123412','20141207','77','goods7',7.7,67,NULL),('71111112345','20141207','77','goods7',7.7,67,NULL),('711111234','20141207','77','goods7',7.7,67,NULL),('711111234123','20141207','77','goods7',7.7,67,NULL),('7111112345','20141207','77','goods7',7.7,67,NULL),('71111234','20141207','77','goods7',7.7,67,NULL),('711112341234','20141207','77','goods7',7.7,67,NULL),('711112345','20141207','77','goods7',7.7,67,NULL),('7111234','20141207','77','goods7',7.7,67,NULL),('711123412345','20141207','77','goods7',7.7,67,NULL),('71112345','20141207','77','goods7',7.7,67,NULL),('711234','20141207','77','goods7',7.7,67,NULL),('71123412345','20141207','77','goods7',7.7,67,NULL),('7112345','20141207','77','goods7',7.7,67,NULL),('71234','20141207','77','goods7',7.7,67,NULL),('7123412345','20141207','77','goods7',7.7,67,NULL),('712345','20141207','77','goods7',7.7,67,NULL),('8','20141208','88','goods8',8.8,54,NULL),('81','20141208','88','goods8',8.8,54,NULL),('811','20141208','88','goods8',8.8,54,NULL),('8111','20141208','88','goods8',8.8,54,NULL),('81111','20141208','88','goods8',8.8,54,NULL),('811111','20141208','88','goods8',8.8,54,NULL),('8111111234','20141208','88','goods8',8.8,54,NULL),('811111123412','20141208','88','goods8',8.8,54,NULL),('81111112345','20141208','88','goods8',8.8,54,NULL),('811111234','20141208','88','goods8',8.8,54,NULL),('811111234123','20141208','88','goods8',8.8,54,NULL),('8111112345','20141208','88','goods8',8.8,54,NULL),('81111234','20141208','88','goods8',8.8,54,NULL),('811112341234','20141208','88','goods8',8.8,54,NULL),('811112345','20141208','88','goods8',8.8,54,NULL),('8111234','20141208','88','goods8',8.8,54,NULL),('811123412345','20141208','88','goods8',8.8,54,NULL),('81112345','20141208','88','goods8',8.8,54,NULL),('811234','20141208','88','goods8',8.8,54,NULL),('81123412345','20141208','88','goods8',8.8,54,NULL),('8112345','20141208','88','goods8',8.8,54,NULL),('81234','20141208','88','goods8',8.8,54,NULL),('8123412345','20141208','88','goods8',8.8,54,NULL),('812345','20141208','88','goods8',8.8,54,NULL),('9','20141208','888','goods88',9.9,54,NULL),('91','20141208','888','goods88',9.9,54,NULL),('911','20141208','888','goods88',9.9,54,NULL),('9111','20141208','888','goods88',9.9,54,NULL),('91111','20141208','888','goods88',9.9,54,NULL),('911111','20141208','888','goods88',9.9,54,NULL),('9111111234','20141208','888','goods88',9.9,54,NULL),('911111123412','20141208','888','goods88',9.9,54,NULL),('91111112345','20141208','888','goods88',9.9,54,NULL),('911111234','20141208','888','goods88',9.9,54,NULL),('911111234123','20141208','888','goods88',9.9,54,NULL),('9111112345','20141208','888','goods88',9.9,54,NULL),('91111234','20141208','888','goods88',9.9,54,NULL),('911112341234','20141208','888','goods88',9.9,54,NULL),('911112345','20141208','888','goods88',9.9,54,NULL),('9111234','20141208','888','goods88',9.9,54,NULL),('911123412345','20141208','888','goods88',9.9,54,NULL),('91112345','20141208','888','goods88',9.9,54,NULL),('911234','20141208','888','goods88',9.9,54,NULL),('91123412345','20141208','888','goods88',9.9,54,NULL),('9112345','20141208','888','goods88',9.9,54,NULL),('91234','20141208','888','goods88',9.9,54,NULL),('9123412345','20141208','888','goods88',9.9,54,NULL),('912345','20141208','888','goods88',9.9,54,NULL);

/*!40101 SET SQL_MODE=@OLD_SQL_MODE */;
/*!40014 SET FOREIGN_KEY_CHECKS=@OLD_FOREIGN_KEY_CHECKS */;
/*!40014 SET UNIQUE_CHECKS=@OLD_UNIQUE_CHECKS */;
/*!40111 SET SQL_NOTES=@OLD_SQL_NOTES */;
